time_s,methane_ppm_true,methane_ppm_pred,ethylene_ppm_true,ethylene_ppm_pred
15004.2,0.0,5.0688553,0.0,-0.17714882
15004.4,0.0,5.1533813,0.0,-0.15712833
15004.6,0.0,8.624489,0.0,-0.18038082
15004.8,0.0,8.80616,0.0,-0.15428352
15005.0,0.0,6.5409775,0.0,-0.18125725
15005.2,0.0,6.0882416,0.0,-0.17826462
15005.4,0.0,4.682167,0.0,-0.16843128
15005.6,0.0,3.1256256,0.0,-0.14854097
15005.8,0.0,6.110176,0.0,-0.19287443
15006.0,0.0,5.322983,0.0,-0.17060566
15006.2,0.0,8.492317,0.0,-0.17690468
15006.4,0.0,5.0584717,0.0,-0.19015741
15006.6,0.0,5.880089,0.0,-0.19629145
15006.8,0.0,7.668663,0.0,-0.16887999
15007.0,0.0,5.579773,0.0,-0.18504906
15007.2,0.0,2.9243698,0.0,-0.1197319
15007.4,0.0,4.8857727,0.0,-0.18387938
15007.6,0.0,7.5596085,0.0,-0.21477652
15007.8,0.0,5.158493,0.0,-0.16936684
15008.0,0.0,5.4577484,0.0,-0.17618752
15008.2,0.0,7.651779,0.0,-0.18443394
15008.4,0.0,4.763542,0.0,-0.19006538
15008.6,0.0,6.1519394,0.0,-0.1636982
15008.8,0.0,5.3251343,0.0,-0.18961573
15009.0,0.0,4.4416046,0.0,-0.1782012
15009.2,0.0,6.570236,0.0,-0.19752884
15009.4,0.0,5.7955475,0.0,-0.1791749
15009.6,0.0,2.7947388,0.0,-0.110557556
15009.8,0.0,4.2463913,0.0,-0.16495466
15010.0,0.0,4.9069595,0.0,-0.19396782
15010.2,0.0,5.2126617,0.0,-0.20478058
15010.4,0.0,3.8752213,0.0,-0.1454978
15010.6,0.0,3.709732,0.0,-0.13939953
15010.8,0.0,3.500183,0.0,-0.09909248
15011.0,0.0,4.4550476,0.0,-0.14880085
15011.2,0.0,7.1009827,0.0,-0.1853857
15011.4,0.0,6.242195,0.0,-0.17719269
15011.6,0.0,4.0815125,0.0,-0.18777132
15011.8,0.0,3.1714325,0.0,-0.06977892
15012.0,0.0,3.54525,0.0,-0.11142635
15012.2,0.0,7.538574,0.0,-0.17457294
15012.4,0.0,7.0178986,0.0,-0.18331337
15012.6,0.0,4.5015564,0.0,-0.17069197
15012.8,0.0,6.310379,0.0,-0.16042662
15013.0,0.0,8.782448,0.0,-0.19512463
15013.2,0.0,6.926178,0.0,-0.21574211
15013.4,0.0,5.393799,0.0,-0.13175297
15013.6,0.0,5.279396,0.0,-0.16762304
15013.8,0.0,5.926979,0.0,-0.1566639
15014.0,0.0,3.5508575,0.0,-0.13822079
15014.2,0.0,4.904846,0.0,-0.17738342
15014.4,0.0,3.93042,0.0,-0.14088678
15014.6,0.0,3.343216,0.0,-0.11873102
15014.8,0.0,4.1143646,0.0,-0.12775755
15015.0,0.0,3.1662445,0.0,0.0066649914
15015.2,0.0,3.1065598,0.0,-0.069658756
15015.4,0.0,7.0563507,0.0,-0.19123268
15015.6,0.0,7.5843506,0.0,-0.19049501
15015.8,0.0,5.1780624,0.0,-0.16946793
15016.0,0.0,6.508835,0.0,-0.15515423
15016.2,0.0,3.4150772,0.0,-0.0012276173
15016.4,0.0,4.903366,0.0,-0.09918976
15016.6,0.0,4.839485,0.0,-0.15585661
15016.8,0.0,4.312645,0.0,-0.11444235
15017.0,0.0,6.2907715,0.0,-0.101941586
15017.2,0.0,7.9842834,0.0,-0.075335026
15017.4,0.0,8.758003,0.0,-0.17661619
15017.6,0.0,3.5798035,0.0,0.0114851
15017.8,0.0,3.604988,0.0,0.12809467
15018.0,0.0,4.384239,0.0,-0.04181218
15018.2,0.0,4.6892242,0.0,-0.1241436
15018.4,0.0,5.5393143,0.0,-0.058935642
15018.6,0.0,6.013214,0.0,-0.058100462
15018.8,0.0,6.63797,0.0,-0.10748434
15019.0,0.0,4.580345,0.0,-0.064694405
15019.2,0.0,4.895279,0.0,0.10957575
15019.4,0.0,6.6823425,0.0,-0.027078867
15019.6,0.0,5.295738,0.0,-0.04899335
15019.8,0.0,5.3585052,0.0,0.08571434
15020.0,0.0,4.962509,0.0,-0.03474927
15020.2,0.0,4.280411,0.0,0.3147483
15020.4,0.0,6.8421707,0.0,0.013639212
15020.6,0.0,6.8346405,0.0,0.046263695
15020.8,0.0,2.468605,0.0,0.5874865
15021.0,0.0,6.1247253,0.0,-0.05210781
15021.2,0.0,4.6456757,0.0,0.11958456
15021.4,0.0,2.7074432,0.0,0.3293507
15021.6,0.0,6.706787,0.0,-0.05025506
15021.8,0.0,3.1582184,0.0,0.25157022
15022.0,0.0,2.6404495,0.0,0.36963773
15022.2,0.0,7.0297318,0.0,0.18750882
15022.4,0.0,4.8891068,0.0,0.18532181
15022.6,0.0,3.5788956,0.0,0.38294554
15022.8,0.0,5.095581,0.0,0.353045
15023.0,0.0,6.9982986,0.0,0.22726989
15023.2,0.0,5.729492,0.0,0.27576232
15023.4,0.0,5.5751343,0.0,0.20477247
15023.6,0.0,7.073517,0.0,0.4340377
15023.8,0.0,3.8635712,0.0,0.75488186
15024.0,0.0,9.16761,0.0,0.41645455
15024.2,0.0,6.6022034,0.0,0.29143214
15024.4,0.0,4.994644,0.0,0.7591891
15024.6,0.0,5.238579,0.0,0.7006407
15024.8,0.0,4.043358,0.0,0.7781942
15025.0,0.0,4.5177155,0.0,0.8408346
15025.2,0.0,4.2122574,0.0,1.0586984
15025.4,0.0,5.346115,0.0,0.9848838
15025.6,0.0,5.0556564,0.0,0.9886966
15025.8,0.0,3.310791,0.0,1.2964284
15026.0,0.0,5.0284805,0.0,1.3788655
15026.2,0.0,2.532135,0.0,1.4186268
15026.4,0.0,3.3019333,0.0,1.3961353
15026.6,0.0,5.692772,0.0,1.1205676
15026.8,0.0,6.119934,0.0,1.2064373
15027.0,0.0,5.0613556,0.0,1.2029119
15027.2,0.0,4.8773346,0.0,1.3814588
15027.4,0.0,2.7059708,0.0,2.2567825
15027.6,0.0,4.02388,0.0,2.225442
15027.8,0.0,4.391487,0.0,1.6394191
15028.0,0.0,4.4526596,0.0,2.0086136
15028.2,0.0,4.1252975,0.0,1.6652231
15028.4,0.0,2.031067,0.0,2.7399344
15028.6,0.0,2.1944427,0.0,2.345518
15028.8,0.0,3.5808868,0.0,2.3242273
15029.0,0.0,3.4060287,0.0,2.3144758
15029.2,0.0,3.9471436,0.0,2.398501
15029.4,0.0,5.970024,0.0,0.8960428
15029.6,0.0,3.3881073,0.0,2.227591
15029.8,0.0,3.0446854,0.0,2.6467552
15030.0,0.0,3.632309,0.0,2.2822304
15030.2,0.0,1.5990372,0.0,2.8864222
15030.4,0.0,1.7487183,0.0,3.5717144
15030.6,0.0,4.4587936,0.0,3.1815763
15030.8,0.0,2.589592,0.0,3.1212616
15031.0,0.0,1.3655167,0.0,2.4712348
15031.2,0.0,5.732132,0.0,2.2291198
15031.4,0.0,7.8779373,0.0,2.6852984
15031.6,0.0,3.0075836,0.0,2.5686982
15031.8,0.0,2.296341,0.0,3.232546
15032.0,0.0,2.6978607,0.0,3.2780733
15032.2,0.0,3.233139,0.0,3.2524543
15032.4,0.0,3.5400085,0.0,2.3609476
15032.6,0.0,2.8207397,0.0,3.7879725
15032.8,0.0,4.052498,0.0,2.6929364
15033.0,0.0,2.9936752,0.0,3.7753475
15033.2,0.0,2.544548,0.0,3.0759163
15033.4,0.0,2.2734222,0.0,2.858372
15033.6,0.0,1.7012558,0.0,3.0770514
15033.8,0.0,3.4733047,0.0,3.5374796
15034.0,0.0,0.55252075,0.0,3.6969457
15034.2,0.0,2.8513184,10.0,3.5263853
15034.4,0.0,10.8169365,10.0,3.5942178
15034.6,0.0,3.6700516,10.0,3.4410443
15034.8,0.0,2.4014206,10.0,4.6109905
15035.0,0.0,3.6456375,10.0,3.2526596
15035.2,0.0,1.4396057,10.0,3.453254
15035.4,0.0,-0.54267883,10.0,3.8126438
15035.6,0.0,6.3037033,10.0,2.614122
15035.8,0.0,4.2712784,10.0,3.8132856
15036.0,0.0,0.74031067,10.0,5.265796
15036.2,0.0,-0.47291565,10.0,4.9816933
15036.4,0.0,0.58047485,10.0,5.031619
15036.6,0.0,1.5695038,10.0,4.46778
15036.8,0.0,1.8879013,10.0,4.567727
15037.0,0.0,3.4508286,10.0,5.083984
15037.2,0.0,2.47789,10.0,4.407956
15037.4,0.0,4.0727386,10.0,5.27419
15037.6,0.0,2.1063385,10.0,5.1889753
15037.8,0.0,-0.36554718,10.0,5.474799
15038.0,0.0,0.49137878,10.0,5.499098
15038.2,0.0,3.7216797,10.0,5.5639143
15038.4,0.0,1.8102493,10.0,5.0829306
15038.6,0.0,0.25187683,10.0,5.6060147
15038.8,0.0,1.5490036,10.0,5.218793
15039.0,0.0,1.1418991,10.0,4.4958053
15039.2,0.0,-2.0834656,10.0,5.336756
15039.4,0.0,1.4160156,10.0,6.049997
15039.6,0.0,1.7110825,10.0,5.7437267
15039.8,0.0,1.0969772,10.0,5.9587064
15040.0,0.0,1.4495239,10.0,6.008475
15040.2,0.0,0.89608765,10.0,6.413754
15040.4,0.0,2.7190704,10.0,5.941291
15040.6,0.0,0.44761658,10.0,5.6837435
15040.8,0.0,0.6756897,10.0,6.350473
15041.0,0.0,0.8359604,10.0,5.97804
15041.2,0.0,-2.7540207,10.0,5.2201967
15041.4,0.0,0.8095627,10.0,5.3649044
15041.6,0.0,2.2375183,10.0,5.814089
15041.8,0.0,-1.0535202,10.0,6.346783
15042.0,0.0,1.1470261,10.0,6.1810913
15042.2,0.0,-0.6989746,10.0,6.026441
15042.4,0.0,-1.864891,10.0,5.974415
15042.6,0.0,-2.1903763,10.0,5.7702165
15042.8,0.0,-0.9229355,10.0,5.686402
15043.0,0.0,-1.6125717,10.0,5.1589785
15043.2,0.0,-1.9839783,10.0,6.241132
15043.4,0.0,0.4464035,10.0,6.727252
15043.6,0.0,-1.4318237,10.0,5.690812
15043.8,0.0,-0.68331146,10.0,5.926042
15044.0,0.0,4.9765244,10.0,6.6311016
15044.2,0.0,2.457817,10.0,5.89997
15044.4,0.0,-0.20813751,10.0,6.4028625
15044.6,0.0,0.115356445,10.0,6.4677973
15044.8,0.0,-1.7797318,10.0,6.790822
15045.0,0.0,-0.011642456,10.0,6.4787183
15045.2,0.0,-1.3306808,10.0,5.7720437
15045.4,0.0,-1.11837,10.0,5.883275
15045.6,0.0,1.272049,10.0,6.2179413
15045.8,0.0,-2.3720245,10.0,5.7943482
15046.0,0.0,-3.9011078,10.0,6.6214223
15046.2,0.0,1.5655823,10.0,7.1141863
15046.4,0.0,0.19500732,10.0,6.6821566
15046.6,0.0,-3.1275024,10.0,5.730047
15046.8,0.0,-3.1375198,10.0,6.23534
15047.0,0.0,-1.246582,10.0,6.3139877
15047.2,0.0,-3.3507614,10.0,6.263566
15047.4,0.0,-3.3565521,10.0,6.0561795
15047.6,0.0,-0.039489746,10.0,6.6852956
15047.8,0.0,-1.866272,10.0,6.1431065
15048.0,0.0,-2.484375,10.0,6.4372416
15048.2,0.0,-2.437828,10.0,6.331191
15048.4,0.0,-1.850296,10.0,6.0590916
15048.6,0.0,-2.3979492,10.0,6.360024
15048.8,0.0,-2.5082016,10.0,6.394596
15049.0,0.0,-2.361847,10.0,6.362591
15049.2,0.0,-3.5754776,10.0,6.234045
15049.4,0.0,-3.9256668,10.0,6.3588367
15049.6,0.0,-2.7754745,10.0,6.1733274
15049.8,0.0,-1.2690277,10.0,5.7928843
15050.0,0.0,-3.4293365,10.0,6.2166867
15050.2,0.0,-4.2345886,10.0,6.9525776
15050.4,0.0,-3.8898773,10.0,6.616723
15050.6,0.0,-2.8913193,10.0,6.681123
15050.8,0.0,-4.4969635,10.0,5.970889
15051.0,0.0,-1.9894028,10.0,6.896905
15051.2,0.0,-3.5913467,10.0,6.3184958
15051.4,0.0,-2.952385,10.0,7.0320063
15051.6,0.0,-3.171173,10.0,6.977504
15051.8,0.0,-3.8929138,10.0,7.152381
15052.0,0.0,-1.7737045,10.0,6.551059
15052.2,0.0,-2.009163,10.0,6.991988
15052.4,0.0,-0.97148895,10.0,6.6435194
15052.6,0.0,-3.1048355,10.0,6.872737
15052.8,0.0,-1.9963837,10.0,6.4772787
15053.0,0.0,-4.8983765,10.0,6.453982
15053.2,0.0,-3.4354172,10.0,6.4622746
15053.4,0.0,-3.8283844,10.0,6.3859015
15053.6,0.0,-3.489479,10.0,6.8180223
15053.8,0.0,-4.119316,10.0,6.098445
15054.0,0.0,-4.195503,10.0,6.4524565
15054.2,0.0,-4.345276,10.0,5.91517
15054.4,0.0,-4.644806,10.0,6.437833
15054.6,0.0,-5.259712,10.0,6.606964
15054.8,0.0,-4.7293777,10.0,5.906454
15055.0,0.0,-5.517418,10.0,6.4858994
15055.2,0.0,-3.444336,10.0,6.0125284
15055.4,0.0,-3.9629288,10.0,5.8330035
15055.6,0.0,-4.187401,10.0,5.743554
15055.8,0.0,-5.1238403,10.0,7.2046204
15056.0,0.0,-4.1191025,10.0,6.56838
15056.2,0.0,-4.8298264,10.0,5.9725847
15056.4,0.0,-4.860962,10.0,6.728592
15056.6,0.0,-3.6282272,10.0,7.024557
15056.8,0.0,-4.078499,10.0,7.102772
15057.0,0.0,-3.46743,10.0,6.9883847
15057.2,0.0,-4.2750626,10.0,7.001823
15057.4,0.0,-4.4572372,10.0,7.197592
15057.6,0.0,-2.2264862,10.0,6.5079737
15057.8,0.0,-4.3055725,10.0,6.7374125
15058.0,0.0,-2.9459152,10.0,7.4800014
15058.2,0.0,-3.742279,10.0,7.6684046
15058.4,0.0,-2.3585892,10.0,7.8482523
15058.6,0.0,-1.8272171,10.0,7.760261
15058.8,0.0,-1.9385529,10.0,7.6314993
15059.0,0.0,-3.2062073,10.0,7.5536976
15059.2,0.0,-2.4595795,10.0,7.5388017
15059.4,0.0,-4.051094,10.0,7.7025127
15059.6,0.0,-4.543335,10.0,7.7598996
15059.8,0.0,-2.1940994,10.0,7.9684067
15060.0,0.0,-2.40242,10.0,7.8205895
15060.2,0.0,-3.2643661,10.0,7.8964505
15060.4,0.0,-1.5873032,10.0,7.9807954
15060.6,0.0,-0.24291229,10.0,7.7050896
15060.8,0.0,-1.9809494,10.0,7.831047
15061.0,0.0,-1.2263336,10.0,8.114126
15061.2,0.0,-0.10360718,10.0,7.9723363
15061.4,0.0,-1.3170013,10.0,7.7007527
15061.6,0.0,-1.3498306,10.0,7.7987466
15061.8,0.0,0.26446533,10.0,8.02568
15062.0,0.0,-1.5653381,10.0,7.709841
15062.2,0.0,-0.26860046,10.0,7.953199
15062.4,0.0,0.19631958,10.0,7.955696
15062.6,0.0,-1.315773,10.0,7.849069
15062.8,0.0,-1.0794601,10.0,7.9253654
15063.0,0.0,-0.9100189,10.0,8.006796
15063.2,0.0,0.6106186,10.0,7.9697623
15063.4,0.0,0.5268707,10.0,8.287235
15063.6,0.0,1.3006439,10.0,7.7432632
15063.8,0.0,1.6812592,10.0,8.193903
15064.0,0.0,0.4638977,10.0,8.173365
15064.2,0.0,0.65615845,10.0,7.565117
15064.4,0.0,-0.40232086,10.0,7.7069445
15064.6,0.0,1.0667953,10.0,7.839245
15064.8,0.0,1.1719055,10.0,7.746475
15065.0,0.0,0.612587,10.0,8.052345
15065.2,0.0,1.3264389,10.0,8.290527
15065.4,0.0,1.5315399,10.0,8.083562
15065.6,0.0,0.8390274,10.0,8.075562
15065.8,0.0,1.4755096,10.0,7.9924226
15066.0,0.0,1.5285873,10.0,7.8672075
15066.2,0.0,0.97605133,10.0,7.9678955
15066.4,0.0,2.3050232,10.0,7.86534
15066.6,0.0,1.9111481,10.0,8.010967
15066.8,0.0,1.1196213,10.0,8.588261
15067.0,0.0,1.2406769,10.0,8.376171
15067.2,0.0,1.8182297,10.0,8.063475
15067.4,0.0,0.7978897,10.0,8.136772
15067.6,0.0,1.472168,10.0,8.158243
15067.8,0.0,1.1117706,10.0,8.327248
15068.0,0.0,0.23248291,10.0,8.86737
15068.2,0.0,0.09653473,10.0,8.582784
15068.4,0.0,0.74339294,10.0,8.733461
15068.6,0.0,1.1175995,10.0,8.616375
15068.8,0.0,0.61842346,10.0,8.421221
15069.0,0.0,0.6645813,10.0,8.413254
15069.2,0.0,0.8960495,10.0,8.627467
15069.4,0.0,1.1492004,10.0,8.895242
15069.6,0.0,2.6235733,10.0,8.555805
15069.8,0.0,1.2239075,10.0,8.773666
15070.0,0.0,1.7400284,10.0,8.952461
15070.2,0.0,1.4215622,10.0,9.281519
15070.4,0.0,0.78593445,10.0,9.136179
15070.6,0.0,1.1848526,10.0,9.164001
15070.8,0.0,0.7390213,10.0,9.317631
15071.0,0.0,0.07998657,10.0,9.51679
15071.2,0.0,0.3024826,10.0,9.368555
15071.4,0.0,0.8548126,10.0,9.210044
15071.6,0.0,0.38380432,10.0,9.08297
15071.8,0.0,0.79836273,10.0,9.219461
15072.0,0.0,0.6887665,10.0,9.256214
15072.2,0.0,1.385994,10.0,9.203897
15072.4,0.0,0.20920563,10.0,9.5239315
15072.6,0.0,0.8380432,10.0,9.803183
15072.8,0.0,1.4558868,10.0,9.519663
15073.0,0.0,0.7839813,10.0,9.692915
15073.2,0.0,0.46792603,10.0,9.935406
15073.4,0.0,0.6410599,10.0,9.803949
15073.6,0.0,0.33141327,10.0,9.647221
15073.8,0.0,0.61402893,10.0,9.707878
15074.0,0.0,0.11316681,10.0,9.578005
15074.2,0.0,0.43811035,10.0,9.868295
15074.4,0.0,1.6726456,10.0,9.289641
15074.6,0.0,1.3167877,10.0,9.584345
15074.8,0.0,0.75798035,10.0,10.017025
15075.0,0.0,0.9400406,10.0,9.330686
15075.2,0.0,1.0660095,10.0,9.386323
15075.4,0.0,0.44454956,10.0,9.738395
15075.6,0.0,1.1649246,10.0,9.7125
15075.8,0.0,1.5679855,10.0,9.687946
15076.0,0.0,0.38393402,10.0,9.799746
15076.2,0.0,0.6211014,10.0,9.691515
15076.4,0.0,0.342865,10.0,9.976162
15076.6,0.0,1.2481232,10.0,9.831122
15076.8,0.0,0.7547989,10.0,9.941182
15077.0,0.0,1.2148743,10.0,9.850787
15077.2,0.0,0.7404938,10.0,9.801956
15077.4,0.0,1.9549866,10.0,9.34995
15077.6,0.0,2.1307144,10.0,9.198719
15077.8,0.0,2.0355072,10.0,9.827257
15078.0,0.0,0.62872314,10.0,10.142395
15078.2,0.0,2.280922,10.0,9.743992
15078.4,0.0,1.1384277,10.0,9.819447
15078.6,0.0,1.1363907,10.0,9.879592
15078.8,0.0,1.7289581,10.0,9.787418
15079.0,0.0,1.2154617,10.0,9.35718
15079.2,0.0,1.709137,10.0,9.60523
15079.4,0.0,0.32801056,10.0,10.087122
15079.6,0.0,1.6216507,10.0,9.76955
15079.8,0.0,1.4596329,10.0,9.387249
15080.0,0.0,2.5643463,10.0,9.449099
15080.2,0.0,1.9746399,10.0,9.455898
15080.4,0.0,2.2776337,10.0,9.219381
15080.6,0.0,1.6374435,10.0,9.4196005
15080.8,0.0,1.6909714,10.0,9.860033
15081.0,0.0,1.1847992,10.0,10.043245
15081.2,0.0,1.0112534,10.0,9.713911
15081.4,0.0,2.0044022,10.0,9.496679
15081.6,0.0,1.8190918,10.0,9.640554
15081.8,0.0,1.4182968,10.0,9.638475
15082.0,0.0,1.619873,10.0,9.706792
15082.2,0.0,1.6077118,10.0,9.589963
15082.4,0.0,2.1469421,10.0,9.860649
15082.6,0.0,1.6143036,10.0,9.8782215
15082.8,0.0,1.7655258,10.0,9.3901615
15083.0,0.0,2.516533,10.0,8.913102
15083.2,0.0,1.4705887,10.0,8.973099
15083.4,0.0,3.217987,10.0,9.259423
15083.6,0.0,2.6233902,10.0,9.671205
15083.8,0.0,1.8657684,10.0,9.610298
15084.0,0.0,2.845581,10.0,9.762261
15084.2,0.0,3.3178177,10.0,9.661888
15084.4,0.0,2.351532,10.0,9.851273
15084.6,0.0,1.2292862,10.0,9.697988
15084.8,0.0,2.5615005,10.0,9.507959
15085.0,0.0,2.4049225,10.0,9.553392
15085.2,0.0,2.9762268,10.0,9.97608
15085.4,0.0,3.2739792,10.0,9.503099
15085.6,0.0,3.063797,10.0,9.772049
15085.8,0.0,3.7224197,10.0,9.595973
15086.0,0.0,2.6361847,10.0,9.661247
15086.2,0.0,2.0812988,10.0,9.814917
15086.4,0.0,1.90728,10.0,9.794188
15086.6,0.0,2.3432693,10.0,9.584705
15086.8,0.0,3.6245956,10.0,9.577284
15087.0,0.0,2.7047958,10.0,9.824081
15087.2,0.0,2.4541168,10.0,9.754992
15087.4,0.0,2.6736832,10.0,9.567358
15087.6,0.0,2.7801056,10.0,9.364651
15087.8,0.0,2.6570282,10.0,10.123746
15088.0,0.0,1.8829651,10.0,9.82774
15088.2,0.0,2.5054016,10.0,9.701605
15088.4,0.0,2.5428848,10.0,9.5598
15088.6,0.0,2.4029465,10.0,9.854486
15088.8,0.0,2.7678375,10.0,9.714029
15089.0,0.0,2.9613113,10.0,10.0228405
15089.2,0.0,2.656723,10.0,9.757816
15089.4,0.0,3.757988,10.0,9.891312
15089.6,0.0,3.3280716,10.0,9.637358
15089.8,0.0,2.2942886,10.0,9.838949
15090.0,0.0,2.0184631,10.0,9.532341
15090.2,0.0,2.6534348,10.0,9.81505
15090.4,0.0,2.586708,10.0,9.803099
15090.6,0.0,2.8452988,10.0,9.76867
15090.8,0.0,2.5865936,10.0,9.805824
15091.0,0.0,2.8779373,10.0,9.826457
15091.2,0.0,2.5126495,10.0,9.829124
15091.4,0.0,1.4561005,10.0,9.993938
15091.6,0.0,2.2556686,10.0,10.245502
15091.8,0.0,2.4253464,10.0,9.856121
15092.0,0.0,3.4133987,10.0,9.986775
15092.2,0.0,2.590187,10.0,9.745555
15092.4,0.0,3.1782074,10.0,9.527225
15092.6,0.0,2.7629929,10.0,9.795496
15092.8,0.0,2.7977142,10.0,10.0702715
15093.0,0.0,3.44413,10.0,10.055624
15093.2,0.0,3.5750809,10.0,10.008093
15093.4,0.0,2.3202286,10.0,9.65135
15093.6,0.0,1.8757553,10.0,9.506786
15093.8,0.0,3.130516,10.0,9.571852
15094.0,0.0,2.3059158,10.0,9.904234
15094.2,0.0,2.448578,10.0,9.768072
15094.4,0.0,3.6388245,10.0,10.337627
15094.6,0.0,3.1367874,10.0,10.00371
15094.8,0.0,4.154312,10.0,9.239996
15095.0,0.0,2.9697418,10.0,10.059956
15095.2,0.0,2.509369,10.0,9.930088
15095.4,0.0,2.4508667,10.0,9.762311
15095.6,0.0,3.6254807,10.0,9.956654
15095.8,0.0,3.377678,10.0,9.790455
15096.0,0.0,4.5542374,10.0,9.824051
15096.2,0.0,3.0721817,10.0,10.051872
15096.4,0.0,4.88443,10.0,9.827482
15096.6,0.0,3.6618805,10.0,10.083443
15096.8,0.0,3.3566284,10.0,10.129069
15097.0,0.0,4.2738953,10.0,9.939762
15097.2,0.0,4.3511734,10.0,10.050287
15097.4,0.0,2.2325134,10.0,10.040625
15097.6,0.0,3.8762665,10.0,9.668239
15097.8,0.0,3.389389,10.0,10.54804
15098.0,0.0,3.4679337,10.0,10.239519
15098.2,0.0,4.550438,10.0,9.699976
15098.4,0.0,3.825348,10.0,10.445133
15098.6,0.0,3.6826172,10.0,10.147925
15098.8,0.0,2.8131409,10.0,10.023424
15099.0,0.0,4.0501785,10.0,10.075224
15099.2,0.0,4.083336,10.0,10.146166
15099.4,0.0,4.798584,10.0,9.765722
15099.6,0.0,3.816452,10.0,9.939068
15099.8,0.0,2.576065,10.0,10.317228
15100.0,0.0,2.9443283,10.0,10.047468
15100.2,0.0,3.6962967,10.0,10.215109
15100.4,0.0,3.6348724,10.0,9.6973715
15100.6,0.0,4.528885,10.0,9.761881
15100.8,0.0,3.2398987,10.0,10.187418
15101.0,0.0,3.6105118,10.0,10.062643
15101.2,0.0,4.509186,10.0,9.985369
15101.4,0.0,2.6959457,10.0,9.744883
15101.6,0.0,3.8574142,10.0,9.933168
15101.8,0.0,3.9325333,10.0,10.025854
15102.0,0.0,3.7018738,10.0,10.036058
15102.2,0.0,2.9508896,10.0,9.664969
15102.4,0.0,2.806221,10.0,9.847187
15102.6,0.0,1.4189758,10.0,10.071745
15102.8,0.0,2.8036957,10.0,10.099861
15103.0,0.0,2.5618744,10.0,9.757982
15103.2,0.0,3.785492,10.0,9.863059
15103.4,0.0,3.447525,10.0,9.909624
15103.6,0.0,3.4954681,10.0,9.527857
15103.8,0.0,4.0586243,10.0,9.489512
15104.0,0.0,4.6366043,10.0,9.837084
15104.2,0.0,3.5258942,10.0,10.185101
15104.4,0.0,3.112526,10.0,10.339302
15104.6,0.0,3.6843872,10.0,10.169511
15104.8,0.0,4.1909943,10.0,10.229718
15105.0,0.0,3.98983,10.0,10.1372595
15105.2,0.0,2.992775,10.0,10.182558
15105.4,0.0,4.151375,10.0,10.314888
15105.6,0.0,1.9140549,10.0,10.132969
15105.8,0.0,3.3197403,10.0,9.698366
15106.0,0.0,2.8955612,10.0,10.13797
15106.2,0.0,4.922432,10.0,10.13096
15106.4,0.0,3.3034592,10.0,9.957708
15106.6,0.0,3.0419006,10.0,10.157346
15106.8,0.0,4.182396,10.0,10.560449
15107.0,0.0,4.1928406,10.0,10.478683
15107.2,0.0,3.1390228,10.0,10.860718
15107.4,0.0,3.299118,10.0,10.507385
15107.6,0.0,1.6521912,10.0,9.791394
15107.8,0.0,3.6853104,10.0,9.512228
15108.0,0.0,3.0901566,10.0,9.796154
15108.2,0.0,2.4589767,10.0,10.2416115
15108.4,0.0,1.8159485,10.0,10.141126
15108.6,0.0,4.80159,10.0,9.671579
15108.8,0.0,3.688179,10.0,9.9010105
15109.0,0.0,3.2673416,10.0,9.918768
15109.2,0.0,1.9700851,10.0,9.781652
15109.4,0.0,2.2589188,10.0,9.859516
15109.6,0.0,2.8900604,10.0,10.703763
15109.8,0.0,3.432953,10.0,9.969616
15110.0,0.0,2.1847458,10.0,9.7515545
15110.2,0.0,3.5725937,10.0,9.443392
15110.4,0.0,3.1497116,10.0,10.252504
15110.6,0.0,2.2261124,10.0,9.832861
15110.8,0.0,3.622322,10.0,9.857155
15111.0,0.0,3.7056656,10.0,10.088921
15111.2,0.0,2.2283096,10.0,9.7348
15111.4,0.0,2.3975296,10.0,9.551691
15111.6,0.0,3.989151,10.0,10.179417
15111.8,0.0,3.1840363,10.0,10.124261
15112.0,0.0,3.4240189,10.0,10.374952
15112.2,0.0,3.2237854,10.0,10.203009
15112.4,0.0,3.597496,10.0,10.03314
15112.6,0.0,2.703125,10.0,10.371843
15112.8,0.0,3.37529,10.0,10.071755
15113.0,0.0,3.1364899,10.0,10.5003605
15113.2,0.0,4.161934,10.0,10.297735
15113.4,0.0,3.8379135,10.0,10.7450075
15113.6,0.0,2.8655167,10.0,10.566951
15113.8,0.0,4.2516937,10.0,10.337624
15114.0,0.0,5.040413,10.0,10.136221
15114.2,0.0,4.2401276,10.0,10.714295
15114.4,0.0,4.9540405,10.0,9.860623
15114.6,0.0,3.7082062,10.0,10.116276
15114.8,0.0,3.1945496,10.0,10.304199
15115.0,0.0,3.521782,10.0,10.397348
15115.2,0.0,2.9081573,10.0,10.466539
15115.4,0.0,4.195381,10.0,10.175867
15115.6,0.0,2.5862656,10.0,10.221228
15115.8,0.0,3.6259613,10.0,10.7093525
15116.0,0.0,3.217476,10.0,10.17729
15116.2,0.0,2.3121948,10.0,10.557285
15116.4,0.0,3.5133438,10.0,10.480038
15116.6,0.0,3.7862473,10.0,10.201398
15116.8,0.0,3.0440598,10.0,10.186808
15117.0,0.0,2.4942856,10.0,10.0835495
15117.2,0.0,2.9796143,10.0,10.367184
15117.4,0.0,2.6049957,10.0,10.069019
15117.6,0.0,1.945076,10.0,10.208208
15117.8,0.0,2.747612,10.0,10.269168
15118.0,0.0,3.8530045,10.0,10.125883
15118.2,0.0,3.3240128,10.0,10.515365
15118.4,0.0,2.9788742,10.0,10.2624445
15118.6,0.0,2.395195,10.0,10.194755
15118.8,0.0,3.220848,10.0,10.470555
15119.0,0.0,3.1175232,10.0,10.175746
15119.2,0.0,3.696373,10.0,10.8905945
15119.4,0.0,3.9972076,10.0,10.846281
15119.6,0.0,3.5298615,10.0,10.367445
15119.8,0.0,3.6541214,10.0,10.431406
15120.0,0.0,3.204483,10.0,10.569267
15120.2,0.0,2.754509,10.0,10.74127
15120.4,0.0,4.1593246,10.0,10.596041
15120.6,0.0,5.527237,10.0,10.369357
15120.8,0.0,3.3091278,10.0,10.933306
15121.0,0.0,3.1217422,10.0,10.444031
15121.2,0.0,3.6907043,10.0,10.503113
15121.4,0.0,3.7129822,10.0,10.57489
15121.6,0.0,4.3004303,10.0,11.16789
15121.8,0.0,3.808792,10.0,11.083145
15122.0,0.0,3.3712082,10.0,10.79834
15122.2,0.0,3.6269073,10.0,10.864809
15122.4,0.0,2.5568314,10.0,10.850344
15122.6,0.0,2.2501755,10.0,10.783333
15122.8,0.0,3.6552582,10.0,10.582512
15123.0,0.0,2.2896423,10.0,10.700018
15123.2,0.0,2.2230606,10.0,10.955389
15123.4,0.0,3.2639313,10.0,10.888872
15123.6,0.0,2.7917175,10.0,10.486959
15123.8,0.0,3.3162537,10.0,10.955874
15124.0,0.0,3.208641,10.0,10.792196
15124.2,0.0,2.5806885,10.0,10.407715
15124.4,0.0,3.5710144,10.0,10.201403
15124.6,0.0,3.9853287,10.0,10.985008
15124.8,0.0,2.9781036,10.0,10.189346
15125.0,0.0,4.404251,10.0,10.340613
15125.2,0.0,4.1789627,10.0,10.881169
15125.4,0.0,2.38089,10.0,10.5658
15125.6,0.0,3.1759949,10.0,10.413807
15125.8,0.0,3.3393097,10.0,10.6563225
15126.0,0.0,4.604027,10.0,10.836893
15126.2,0.0,3.8992157,10.0,11.507589
15126.4,0.0,5.5192337,10.0,11.177739
15126.6,0.0,3.8817673,10.0,10.576706
15126.8,0.0,6.6450424,10.0,11.082066
15127.0,0.0,3.0393906,10.0,11.598949
15127.2,0.0,2.6150665,10.0,10.324709
15127.4,0.0,5.0250626,10.0,11.346357
15127.6,0.0,4.708061,10.0,10.816527
15127.8,0.0,5.5795746,10.0,10.87319
15128.0,0.0,3.9212723,10.0,11.2407875
15128.2,0.0,3.980484,10.0,10.852545
15128.4,0.0,3.8950958,10.0,10.577396
15128.6,0.0,5.736191,10.0,11.647989
15128.8,0.0,4.9300537,10.0,11.055508
15129.0,0.0,4.060364,10.0,10.171858
15129.2,0.0,2.3772125,10.0,11.311275
15129.4,0.0,2.5942154,10.0,11.247637
15129.6,0.0,2.990303,10.0,11.048344
15129.8,0.0,2.7963867,10.0,11.027162
15130.0,0.0,2.4882507,10.0,10.952221
15130.2,0.0,2.6719131,10.0,10.943961
15130.4,0.0,5.6536484,10.0,12.051926
15130.6,0.0,3.1593933,10.0,11.388089
15130.8,0.0,1.2965927,10.0,10.697133
15131.0,0.0,3.573326,10.0,11.396937
15131.2,0.0,2.8080673,10.0,11.383109
15131.4,0.0,2.4656754,10.0,10.984632
15131.6,0.0,1.6281509,10.0,10.273838
15131.8,0.0,2.3556366,10.0,9.762859
15132.0,0.0,1.4087067,10.0,10.374975
15132.2,0.0,0.9547653,10.0,10.738081
15132.4,0.0,3.4711838,10.0,10.149109
15132.6,0.0,3.0488205,10.0,11.324917
15132.8,0.0,4.469948,10.0,11.7782
15133.0,0.0,6.5219116,10.0,10.924992
15133.2,0.0,4.333748,10.0,11.006187
15133.4,0.0,3.7497864,10.0,11.54763
15133.6,0.0,4.8799744,10.0,12.024372
15133.8,0.0,4.292267,10.0,11.261112
15134.0,0.0,3.9304123,10.0,11.395817
15134.2,0.0,4.037918,0.0,11.907885
15134.4,0.0,5.9197845,0.0,11.183243
15134.6,0.0,3.9409485,0.0,11.51501
15134.8,0.0,3.0524063,0.0,11.319117
15135.0,0.0,1.0115433,0.0,11.139502
15135.2,0.0,7.83197,0.0,10.8052225
15135.4,0.0,3.908165,0.0,11.620232
15135.6,0.0,3.6420898,0.0,10.268889
15135.8,0.0,4.873329,0.0,10.829575
15136.0,0.0,6.523903,0.0,11.808533
15136.2,0.0,5.2487183,0.0,12.684362
15136.4,0.0,6.0137405,0.0,11.317699
15136.6,0.0,3.6049576,0.0,11.567633
15136.8,0.0,5.620796,0.0,10.671995
15137.0,0.0,2.592102,0.0,12.566101
15137.2,0.0,2.7400818,0.0,10.345057
15137.4,0.0,2.1517334,0.0,11.547319
15137.6,0.0,2.6122055,0.0,10.5822
15137.8,0.0,1.2929688,0.0,11.171935
15138.0,0.0,0.60630035,0.0,10.812687
15138.2,0.0,1.5972977,0.0,10.339577
15138.4,0.0,5.566818,0.0,11.289904
15138.6,0.0,6.6463776,0.0,11.4383335
15138.8,0.0,6.05616,0.0,10.016989
15139.0,0.0,4.200226,0.0,10.051661
15139.2,0.0,4.62397,0.0,10.19967
15139.4,0.0,2.5785828,0.0,10.532295
15139.6,0.0,4.292633,0.0,11.006563
15139.8,0.0,2.9011078,0.0,9.620192
15140.0,0.0,4.039337,0.0,10.985386
15140.2,0.0,3.5150986,0.0,9.397116
15140.4,0.0,2.1575012,0.0,9.823305
15140.6,0.0,4.816574,0.0,10.872921
15140.8,0.0,2.1390839,0.0,10.654373
15141.0,0.0,4.698372,0.0,10.990377
15141.2,0.0,4.1726913,0.0,11.04892
15141.4,0.0,3.2810059,0.0,9.630853
15141.6,0.0,5.6353607,0.0,10.433998
15141.8,0.0,4.2060547,0.0,10.252859
15142.0,0.0,2.8083267,0.0,11.0627365
15142.2,0.0,2.5362167,0.0,10.827121
15142.4,0.0,1.9982758,0.0,10.856583
15142.6,0.0,3.2092743,0.0,10.921392
15142.8,0.0,2.960144,0.0,11.283201
15143.0,0.0,6.7938385,0.0,8.365166
15143.2,0.0,1.5550613,0.0,10.302148
15143.4,0.0,0.6186905,0.0,9.808454
15143.6,0.0,1.2058182,0.0,8.936336
15143.8,0.0,3.5280762,0.0,9.532954
15144.0,0.0,0.9837723,0.0,8.91917
15144.2,0.0,2.176651,0.0,8.785635
15144.4,0.0,2.2108307,0.0,10.166843
15144.6,0.0,2.7024002,0.0,10.161495
15144.8,0.0,7.7652817,0.0,8.1924515
15145.0,0.0,3.4637985,0.0,9.269264
15145.2,0.0,2.4420624,0.0,8.568386
15145.4,0.0,4.2080536,0.0,10.75674
15145.6,0.0,6.5478516,0.0,9.285675
15145.8,0.0,9.43071,0.0,8.25804
15146.0,0.0,4.398201,0.0,10.210788
15146.2,0.0,7.3895416,0.0,11.221005
15146.4,0.0,6.1992874,0.0,7.538158
15146.6,0.0,3.3916779,0.0,11.162605
15146.8,0.0,3.6453705,0.0,10.272661
15147.0,0.0,5.6193085,0.0,9.279632
15147.2,0.0,3.9845963,0.0,11.030796
15147.4,0.0,5.810112,0.0,12.113409
15147.6,0.0,4.668747,0.0,9.038148
15147.8,0.0,6.955147,0.0,8.210114
15148.0,0.0,5.488022,0.0,8.86129
15148.2,0.0,6.2577133,0.0,9.627624
15148.4,0.0,5.4247284,0.0,9.724901
15148.6,0.0,3.1537247,0.0,9.47772
15148.8,0.0,3.9487,0.0,8.523867
15149.0,0.0,1.9529724,0.0,8.660571
15149.2,0.0,2.750229,0.0,10.287813
15149.4,0.0,3.1020737,0.0,9.417528
15149.6,0.0,4.5418167,0.0,8.874065
15149.8,0.0,2.2484894,0.0,10.497809
15150.0,0.0,2.732727,0.0,8.554484
15150.2,0.0,1.1929092,0.0,9.462479
15150.4,0.0,3.0358353,0.0,9.541962
15150.6,0.0,1.6075668,0.0,9.211635
15150.8,0.0,1.9121552,0.0,8.763355
15151.0,0.0,3.4305573,0.0,7.4693923
15151.2,0.0,4.056572,0.0,6.757104
15151.4,0.0,2.753456,0.0,7.353613
15151.6,0.0,2.852806,0.0,8.343546
15151.8,0.0,4.3581696,0.0,6.585162
15152.0,0.0,3.1107788,0.0,7.041568
15152.2,0.0,4.433136,0.0,6.0831957
15152.4,0.0,3.4710617,0.0,6.8444386
15152.6,0.0,4.934326,0.0,6.3175535
15152.8,0.0,3.1988068,0.0,5.6665535
15153.0,0.0,4.131752,0.0,5.155546
15153.2,0.0,5.0234756,0.0,4.8495555
15153.4,0.0,8.657555,0.0,3.7916608
15153.6,0.0,8.900139,0.0,4.915575
15153.8,0.0,6.3017273,0.0,3.2907085
15154.0,0.0,4.9153748,0.0,3.8133965
15154.2,0.0,8.7050705,0.0,2.095571
15154.4,0.0,6.56884,0.0,1.529197
15154.6,0.0,3.031929,0.0,2.962336
15154.8,0.0,5.1600647,0.0,1.4414132
15155.0,0.0,4.6112137,0.0,1.8375883
15155.2,0.0,5.322731,0.0,1.1753981
15155.4,0.0,3.7304535,0.0,1.5251133
15155.6,0.0,3.6327057,0.0,1.1295416
15155.8,0.0,3.238266,0.0,1.4151587
15156.0,0.0,3.5475998,0.0,0.93366504
15156.2,0.0,2.362442,0.0,0.89400387
15156.4,0.0,3.0381851,0.0,0.47855306
15156.6,0.0,4.6108093,0.0,0.30247664
15156.8,0.0,3.7583694,0.0,0.2624743
15157.0,0.0,2.862465,0.0,0.6289091
15157.2,0.0,2.284172,0.0,0.4004178
15157.4,0.0,2.0538101,0.0,0.31709957
15157.6,0.0,2.583458,0.0,0.22057915
15157.8,0.0,1.9906693,0.0,0.3076291
15158.0,0.0,2.752205,0.0,0.19353294
15158.2,0.0,2.0358887,0.0,0.20504403
15158.4,0.0,1.8686676,0.0,0.23824644
15158.6,0.0,1.4520493,0.0,0.32811117
15158.8,0.0,1.889946,0.0,0.08744526
15159.0,0.0,3.667389,0.0,-0.033883095
15159.2,0.0,2.2906876,0.0,0.06616449
15159.4,0.0,3.5474396,0.0,-0.023963928
15159.6,0.0,1.8270721,0.0,0.06887412
15159.8,0.0,1.7543716,0.0,0.10414481
15160.0,0.0,1.5211334,0.0,0.17588568
15160.2,0.0,2.1161728,0.0,0.054491997
15160.4,0.0,1.7654495,0.0,0.07125664
15160.6,0.0,1.7443008,0.0,0.0621078
15160.8,0.0,1.7116013,0.0,0.057395697
15161.0,0.0,2.5637817,0.0,0.038086653
15161.2,0.0,2.236168,0.0,0.0709455
15161.4,0.0,2.5900955,0.0,0.037153244
15161.6,0.0,1.386589,0.0,0.08832526
15161.8,0.0,2.1013489,0.0,0.03214526
15162.0,0.0,2.0718155,0.0,0.04356718
15162.2,0.0,1.9523163,0.0,0.052895546
15162.4,0.0,1.8161697,0.0,0.055917025
15162.6,0.0,1.5886078,0.0,0.0502553
15162.8,0.0,2.218727,0.0,0.03919077
15163.0,0.0,1.9149551,0.0,0.026648045
15163.2,0.0,1.7408829,0.0,0.019119263
15163.4,0.0,0.9691467,0.0,0.0895524
15163.6,0.0,2.2658386,0.0,0.018004656
15163.8,0.0,2.7873764,0.0,-0.0029931068
15164.0,0.0,1.6223221,0.0,0.037992716
15164.2,0.0,0.84445953,0.0,0.19439816
15164.4,0.0,1.8846512,0.0,0.030917168
15164.6,0.0,2.2213974,0.0,0.009192467
15164.8,0.0,3.4656372,0.0,-0.0010316372
15165.0,0.0,2.8391418,0.0,0.005848646
15165.2,0.0,2.2665634,0.0,-0.00023031235
15165.4,0.0,1.7585449,0.0,0.051048517
15165.6,0.0,1.707367,0.0,0.045394182
15165.8,0.0,1.4727631,0.0,0.041529655
15166.0,0.0,2.8676987,0.0,-0.013093233
15166.2,0.0,4.024292,0.0,-0.022577047
15166.4,0.0,2.2991867,0.0,0.02166748
15166.6,0.0,1.8513107,0.0,0.03661275
15166.8,0.0,1.5384979,0.0,0.033426523
15167.0,0.0,1.4842224,0.0,0.045439243
15167.2,0.0,1.1571579,0.0,0.058237076
15167.4,0.0,3.1799393,0.0,-0.0057327747
15167.6,0.0,1.3787842,0.0,0.06286502
15167.8,0.0,2.46241,0.0,0.0345335
15168.0,0.0,2.140564,0.0,0.043587923
15168.2,0.0,2.3056793,0.0,0.020071268
15168.4,0.0,3.6411362,0.0,-0.012164354
15168.6,0.0,4.209511,0.0,-0.029468298
15168.8,0.0,2.7497406,0.0,0.014320135
15169.0,0.0,2.7610245,0.0,0.006610632
15169.2,0.0,3.680725,0.0,-0.018287182
15169.4,0.0,2.0262146,0.0,0.020982027
15169.6,0.0,2.4337616,0.0,-0.00021266937
15169.8,0.0,2.5058136,0.0,0.034232855
15170.0,0.0,3.8518295,0.0,-0.021657228
15170.2,0.0,1.8075562,0.0,0.034920692
15170.4,0.0,1.258873,0.0,0.06048107
15170.6,0.0,3.797058,0.0,-0.02571702
15170.8,0.0,2.4003296,0.0,0.022645712
15171.0,0.0,0.9620514,0.0,0.06302309
15171.2,0.0,1.6172256,0.0,0.047415733
15171.4,0.0,1.8997421,0.0,0.021653175
15171.6,0.0,1.1427383,0.0,0.0647006
15171.8,0.0,1.1383591,0.0,0.039756536
15172.0,0.0,2.5182266,0.0,-0.0008728504
15172.2,0.0,1.5613556,0.0,0.032436848
15172.4,0.0,2.1267471,0.0,0.017105341
15172.6,0.0,2.1172562,0.0,0.013410807
15172.8,0.0,2.3788605,0.0,0.00042319298
15173.0,0.0,2.9320679,0.0,-0.0048851967
15173.2,0.0,2.0526505,0.0,0.005844593
15173.4,0.0,1.3656311,0.0,0.03340912
15173.6,0.0,0.84033203,0.0,0.044465065
15173.8,0.0,1.6508636,0.0,0.037575006
15174.0,0.0,1.6382446,0.0,0.025589943
15174.2,0.0,2.4861069,0.0,0.0029022694
15174.4,0.0,2.6478958,0.0,0.0044875145
15174.6,0.0,1.5561066,0.0,0.0152955055
15174.8,0.0,1.8520355,0.0,-0.0025458336
15175.0,0.0,2.4818497,0.0,-0.012337923
15175.2,0.0,2.519455,0.0,0.010633469
15175.4,0.0,2.337883,0.0,-0.011368275
15175.6,0.0,0.8209152,0.0,0.05257249
15175.8,0.0,0.40148163,0.0,0.0981493
15176.0,0.0,1.170578,0.0,0.0592587
15176.2,0.0,2.8182602,0.0,-0.011196375
15176.4,0.0,0.669487,0.0,0.063049555
15176.6,0.0,2.965683,0.0,-0.0002593994
15176.8,0.0,4.086792,0.0,-0.02208519
15177.0,0.0,1.781929,0.0,0.006824255
15177.2,0.0,0.85382843,0.0,0.06008649
15177.4,0.0,1.7727737,0.0,0.010840654
15177.6,0.0,1.6591797,0.0,0.023700476
15177.8,0.0,2.1400757,0.0,0.0061073303
15178.0,0.0,2.1401138,0.0,0.0015888214
15178.2,0.0,1.7990417,0.0,0.027054071
15178.4,0.0,1.8324738,0.0,0.014413118
15178.6,0.0,0.54779816,0.0,0.06641984
15178.8,0.0,1.3608322,0.0,0.03281474
15179.0,0.0,3.1401978,0.0,-0.014660835
15179.2,0.0,2.0004044,0.0,-0.0133702755
15179.4,0.0,1.9768982,0.0,0.022012234
15179.6,0.0,2.627205,0.0,0.009791613
15179.8,0.0,1.6690979,0.0,0.04646325
15180.0,0.0,1.4026031,0.0,0.025570631
15180.2,0.0,2.6957169,0.0,0.026337624
15180.4,0.0,3.6646423,0.0,-0.011892796
15180.6,0.0,5.3018417,0.0,-0.03612566
15180.8,0.0,1.2762375,0.0,0.029409409
15181.0,0.0,1.9147568,0.0,0.029807568
15181.2,0.0,2.7924194,0.0,-0.039269447
15181.4,0.0,3.48835,0.0,-0.020105124
15181.6,0.0,3.6252365,0.0,-0.057930708
15181.8,0.0,4.4039764,0.0,-0.053928614
15182.0,0.0,0.67149353,0.0,0.10536742
15182.2,0.0,2.1072845,0.0,0.011833429
15182.4,0.0,3.3979568,0.0,-0.041567326
15182.6,0.0,2.8109818,0.0,-0.0070610046
15182.8,0.0,1.5798798,0.0,0.04966259
15183.0,0.0,0.98407745,0.0,0.103401184
15183.2,0.0,2.0325623,0.0,0.0027742386
15183.4,0.0,4.597145,0.0,-0.057758808
15183.6,0.0,2.2846146,0.0,0.034683943
15183.8,0.0,3.122467,0.0,-0.050920486
15184.0,0.0,4.809166,0.0,-0.04458189
15184.2,0.0,1.6797943,0.0,-0.003246069
15184.4,0.0,2.1484528,0.0,-0.028450012
15184.6,0.0,1.9792175,0.0,-0.008219719
15184.8,0.0,1.9161224,0.0,-0.03242731
15185.0,0.0,1.5511627,0.0,0.025727272
15185.2,0.0,1.5247574,0.0,0.02421999
15185.4,0.0,2.137123,0.0,-0.019120455
15185.6,0.0,3.820572,0.0,-0.06659627
15185.8,0.0,2.92173,0.0,-0.045518637
15186.0,0.0,4.966881,0.0,-0.08656454
15186.2,0.0,1.8449402,0.0,-0.030504704
15186.4,0.0,2.4834595,0.0,-0.027004957
15186.6,0.0,2.770378,0.0,-0.040016174
15186.8,0.0,2.1934738,0.0,-0.011101246
15187.0,0.0,3.36734,0.0,-0.046644688
15187.2,0.0,4.9814606,0.0,-0.0751729
15187.4,0.0,4.267555,0.0,-0.041132927
15187.6,0.0,2.603012,0.0,-0.05785775
15187.8,0.0,2.5042648,0.0,-0.03646016
15188.0,0.0,1.5031052,0.0,-0.025657654
15188.2,0.0,4.0737686,0.0,-0.044290543
15188.4,0.0,4.143486,0.0,-0.045526028
15188.6,0.0,6.152214,0.0,-0.07390261
15188.8,0.0,3.6893234,0.0,-0.082005024
15189.0,0.0,4.2309875,0.0,-0.08174944
15189.2,0.0,2.9972382,0.0,-0.072879314
15189.4,0.0,1.8379288,0.0,-0.035413742
15189.6,0.0,2.086029,0.0,-0.023985147
15189.8,0.0,1.3879471,0.0,0.01754713
15190.0,0.0,2.0696182,0.0,-0.051487207
15190.2,0.0,2.3346329,0.0,-0.026465654
15190.4,0.0,3.3695526,0.0,-0.06859255
15190.6,0.0,2.4256973,0.0,-0.06337786
15190.8,0.0,2.7791977,0.0,-0.064135075
15191.0,0.0,2.9283142,0.0,-0.06895232
15191.2,0.0,2.2793198,0.0,-0.07574701
15191.4,0.0,1.8279419,0.0,-0.060211897
15191.6,0.0,3.6587753,0.0,-0.10376501
15191.8,0.0,2.367691,0.0,-0.081570625
15192.0,0.0,3.7639923,0.0,-0.08802605
15192.2,0.0,2.1492233,0.0,-0.089663506
15192.4,0.0,2.1088943,0.0,-0.026971579
15192.6,0.0,4.4535294,0.0,-0.10517502
15192.8,0.0,3.3821793,0.0,-0.10366154
15193.0,0.0,3.0733185,0.0,-0.1110878
15193.2,0.0,3.615799,0.0,-0.09170818
15193.4,0.0,1.6199036,0.0,-0.11897135
15193.6,0.0,1.6521912,0.0,-0.07384586
15193.8,0.0,2.4801865,0.0,-0.10418224
15194.0,0.0,1.9813156,0.0,-0.095115185
15194.2,0.0,1.3961716,0.0,-0.054908752
15194.4,0.0,5.1994553,0.0,-0.1337862
15194.6,0.0,2.2270355,0.0,-0.07049322
15194.8,0.0,3.1660843,0.0,-0.10485792
15195.0,0.0,5.484947,0.0,-0.15164375
15195.2,0.0,4.0556946,0.0,-0.095336914
15195.4,0.0,2.7895737,0.0,-0.11302853
15195.6,0.0,1.6981888,0.0,-0.08781242
15195.8,0.0,5.2082825,0.0,-0.13466835
15196.0,0.0,2.3835602,0.0,-0.13032246
15196.2,0.0,3.3018036,0.0,-0.106398106
15196.4,0.0,2.439186,0.0,-0.08541489
15196.6,0.0,2.4511337,0.0,-0.1325798
15196.8,0.0,1.5399704,0.0,-0.080507755
15197.0,0.0,4.720093,0.0,-0.11771631
15197.2,0.0,3.2081223,0.0,-0.12315416
15197.4,0.0,3.0487137,0.0,-0.122348785
15197.6,0.0,3.699791,0.0,-0.11191034
15197.8,0.0,1.7950745,0.0,-0.10289526
15198.0,0.0,3.0086365,0.0,-0.13206148
15198.2,0.0,4.2428207,0.0,-0.13091183
15198.4,0.0,2.7229843,0.0,-0.1338067
15198.6,0.0,3.4237442,0.0,-0.11022425
15198.8,0.0,1.810669,0.0,-0.14350414
15199.0,0.0,1.4715576,0.0,-0.0872221
15199.2,0.0,1.5577316,0.0,-0.14851332
15199.4,0.0,1.5525589,0.0,-0.102044106
15199.6,0.0,2.983696,0.0,-0.13973713
15199.8,0.0,2.1781998,0.0,-0.16365528
15200.0,0.0,1.671051,0.0,-0.12245226
15200.2,0.0,1.0863571,0.0,-0.11754513
15200.4,0.0,1.705513,0.0,-0.13417959
15200.6,0.0,1.5621872,0.0,-0.14178467
15200.8,0.0,2.7831497,0.0,-0.1477828
15201.0,0.0,2.2396317,0.0,-0.10011244
15201.2,0.0,4.175888,0.0,-0.137218
15201.4,0.0,4.431572,0.0,-0.15030146
15201.6,0.0,6.272888,0.0,-0.15776443
15201.8,0.0,2.318512,0.0,-0.11370993
15202.0,0.0,2.266693,0.0,-0.18067598
15202.2,0.0,3.2771606,0.0,-0.13934231
15202.4,0.0,1.0300751,0.0,-0.061644554
15202.6,0.0,4.5371475,0.0,-0.1398449
15202.8,0.0,5.4211426,0.0,-0.18944073
15203.0,0.0,3.4801483,0.0,-0.13484144
15203.2,0.0,1.6897278,0.0,-0.11035395
15203.4,0.0,1.7765198,0.0,-0.123919964
15203.6,0.0,1.3887024,0.0,-0.09776974
15203.8,0.0,1.2751923,0.0,-0.10164642
15204.0,0.0,1.7444763,0.0,-0.18137503
15204.2,0.0,5.2957993,0.0,-0.18694496
15204.4,0.0,4.255295,0.0,-0.15067625
15204.6,0.0,2.016098,0.0,-0.14397097
15204.8,0.0,3.2028046,0.0,-0.16804981
15205.0,0.0,1.7277527,0.0,-0.18603754
15205.2,0.0,1.4059753,0.0,-0.10944319
15205.4,0.0,1.5259247,0.0,-0.16216516
15205.6,0.0,2.4448013,0.0,-0.17533922
15205.8,0.0,3.8561249,0.0,-0.19486094
15206.0,0.0,3.281311,0.0,-0.14293003
15206.2,0.0,5.183899,0.0,-0.19277716
15206.4,0.0,8.407272,0.0,-0.17468691
15206.6,0.0,3.5452805,0.0,-0.16998148
15206.8,0.0,2.076622,0.0,-0.16945362
15207.0,0.0,2.3678818,0.0,-0.16157055
15207.2,0.0,2.1848755,0.0,-0.13508701
15207.4,0.0,1.6001587,0.0,-0.092018604
15207.6,0.0,2.3427658,0.0,-0.15077877
15207.8,0.0,4.133507,0.0,-0.17116451
15208.0,0.0,2.47686,0.0,-0.14887476
15208.2,0.0,0.8985367,0.0,-0.051232576
15208.4,0.0,1.1482544,0.0,-0.07668924
15208.6,0.0,1.7309265,0.0,-0.13375473
15208.8,0.0,1.8290253,0.0,-0.13962269
15209.0,0.0,2.9211273,0.0,-0.16467476
15209.2,0.0,2.9623642,0.0,-0.15991259
15209.4,0.0,1.418808,0.0,-0.07361412
15209.6,0.0,2.8031387,0.0,-0.0920763
15209.8,0.0,2.3586884,0.0,-0.16384935
15210.0,0.0,3.2613907,0.0,-0.117503166
15210.2,0.0,3.0420837,0.0,-0.20484495
15210.4,0.0,3.4220505,0.0,-0.15169954
15210.6,0.0,1.7748108,0.0,-0.108659744
15210.8,0.0,2.503746,0.0,-0.13856459
15211.0,0.0,1.9379196,0.0,-0.12174034
15211.2,0.0,1.2754059,0.0,-0.008598089
15211.4,0.0,1.3197403,0.0,-0.17469311
15211.6,0.0,3.352417,0.0,-0.18562365
15211.8,0.0,2.2633362,0.0,-0.10694361
15212.0,0.0,2.462555,0.0,-0.0043287277
15212.2,0.0,2.85083,0.0,-0.02487564
15212.4,0.0,2.6549149,0.0,-0.099345684
15212.6,0.0,4.1236267,0.0,-0.11334658
15212.8,0.0,4.3731384,0.0,-0.1699791
15213.0,0.0,3.008255,0.0,-0.14762068
15213.2,0.0,1.685112,0.0,-0.039143324
15213.4,0.0,1.7880936,0.0,-0.12956953
15213.6,0.0,1.3451385,0.0,-0.049713135
15213.8,0.0,2.1347885,0.0,-0.13463163
15214.0,0.0,2.6179962,0.0,-0.15662289
15214.2,0.0,2.6447678,0.0,0.0035207272
15214.4,0.0,2.8344193,0.0,-0.06257796
15214.6,0.0,1.8522797,0.0,0.07676983
15214.8,0.0,2.6386871,0.0,-0.12441206
15215.0,0.0,5.548645,0.0,-0.17903519
15215.2,0.0,7.1448746,0.0,-0.14606476
15215.4,0.0,4.567238,0.0,-0.0863719
15215.6,0.0,1.783844,0.0,0.0069839954
15215.8,0.0,2.3539505,0.0,-0.044065
15216.0,0.0,1.9193802,0.0,-0.11061859
15216.2,0.0,2.5712662,0.0,0.09077501
15216.4,0.0,1.7550735,0.0,0.29651618
15216.6,0.0,2.3707886,0.0,-0.055351496
15216.8,0.0,2.9745636,0.0,0.14278722
15217.0,0.0,4.594734,0.0,0.11136842
15217.2,0.0,3.318283,0.0,0.047076225
15217.4,0.0,2.5271988,0.0,0.13663936
15217.6,0.0,4.99205,0.0,0.05961013
15217.8,0.0,2.2871017,0.0,-0.013055801
15218.0,0.0,2.9434586,0.0,-0.0019533634
15218.2,0.0,4.211952,0.0,0.10268164
15218.4,0.0,3.2726364,0.0,0.101653576
15218.6,0.0,1.8647385,0.0,0.19992232
15218.8,0.0,4.9781494,0.0,-0.06886816
15219.0,0.0,1.9538269,0.0,0.13052821
15219.2,0.0,2.2545776,0.0,0.4702263
15219.4,0.0,3.1595764,0.0,0.57841897
15219.6,0.0,3.2972107,0.0,0.34862137
15219.8,0.0,2.129486,0.0,0.8928101
15220.0,0.0,3.5203476,0.0,0.97366095
15220.2,0.0,4.2418594,0.0,0.08390117
15220.4,0.0,3.2559357,0.0,0.6411309
15220.6,0.0,2.1747055,0.0,0.88003635
15220.8,0.0,1.3950424,0.0,0.5320864
15221.0,0.0,5.1934433,0.0,0.084494114
15221.2,0.0,8.657639,0.0,0.37399316
15221.4,0.0,5.75943,0.0,0.12975144
15221.6,0.0,4.1050262,0.0,1.1947477
15221.8,0.0,2.2185287,0.0,0.63545513
15222.0,0.0,4.00148,0.0,0.36753297
15222.2,0.0,2.855423,0.0,0.29079008
15222.4,0.0,2.4936447,0.0,0.67068744
15222.6,0.0,7.572212,0.0,0.7411027
15222.8,0.0,4.5330505,0.0,0.70744133
15223.0,0.0,3.43322,0.0,0.9394791
15223.2,0.0,3.714653,0.0,1.4037001
15223.4,0.0,4.3171616,0.0,2.3817616
15223.6,0.0,5.199936,0.0,0.5678294
15223.8,0.0,3.220787,0.0,1.13216
15224.0,0.0,2.1044388,0.0,1.1245663
15224.2,0.0,7.480446,0.0,0.3342557
15224.4,0.0,3.9300385,0.0,-0.07048893
15224.6,0.0,2.6069565,0.0,0.8916395
15224.8,0.0,4.0717926,0.0,0.53732705
15225.0,0.0,1.7636719,0.0,1.2376871
15225.2,0.0,4.8273087,0.0,0.7257061
15225.4,0.0,6.998665,0.0,0.53705835
15225.6,0.0,4.0020447,0.0,0.64884996
15225.8,0.0,2.7978058,0.0,2.6942816
15226.0,0.0,4.119095,0.0,1.2798595
15226.2,0.0,6.814049,0.0,2.046385
15226.4,0.0,4.159874,0.0,1.1637266
15226.6,0.0,2.9890976,0.0,1.3092556
15226.8,0.0,4.192642,0.0,1.2815406
15227.0,0.0,3.5147705,0.0,1.6274271
15227.2,0.0,3.5051956,0.0,2.625757
15227.4,0.0,4.0871506,0.0,1.8700275
15227.6,0.0,5.019615,0.0,2.1381714
15227.8,0.0,2.2952805,0.0,2.0556448
15228.0,0.0,1.2533646,0.0,2.8515434
15228.2,0.0,1.580864,0.0,3.5303974
15228.4,0.0,2.9373016,0.0,4.0712233
15228.6,0.0,1.0179672,0.0,3.553521
15228.8,0.0,4.5446243,0.0,2.325047
15229.0,0.0,10.990692,0.0,2.2891512
15229.2,0.0,2.327797,0.0,3.813908
15229.4,0.0,2.4605408,0.0,4.373617
15229.6,0.0,2.5890656,0.0,3.288277
15229.8,0.0,5.830429,0.0,3.923574
15230.0,0.0,6.2248993,0.0,3.3978708
15230.2,0.0,1.4460831,0.0,3.284261
15230.4,0.0,-0.7784195,0.0,4.6320724
15230.6,0.0,2.8599243,0.0,5.2119894
15230.8,0.0,0.48960114,0.0,4.02294
15231.0,0.0,-1.461853,0.0,5.3305764
15231.2,0.0,2.8794556,0.0,3.1805754
15231.4,0.0,0.5987778,0.0,3.811437
15231.6,0.0,-0.8613968,0.0,4.567779
15231.8,0.0,3.7304916,0.0,4.322057
15232.0,0.0,2.8487167,0.0,5.4928517
15232.2,0.0,3.418167,0.0,5.80872
15232.4,0.0,0.73911285,0.0,4.649209
15232.6,0.0,-0.38371277,0.0,5.041571
15232.8,0.0,6.4258423,0.0,5.054236
15233.0,0.0,1.1138,0.0,4.8586626
15233.2,0.0,1.111351,0.0,6.1607723
15233.4,0.0,4.696335,0.0,5.557482
15233.6,0.0,0.4061203,0.0,5.990159
15233.8,0.0,-0.0010986328,0.0,5.990445
15234.0,0.0,-0.85396576,0.0,5.722453
15234.2,0.0,0.04949951,6.67,4.856872
15234.4,0.0,2.4826813,6.67,5.79853
15234.6,0.0,-1.3603668,6.67,7.0263004
15234.8,0.0,0.43164062,6.67,6.3767786
15235.0,0.0,1.7287369,6.67,6.337879
15235.2,0.0,1.1679306,6.67,5.7713685
15235.4,0.0,4.9558945,6.67,6.309953
15235.6,0.0,0.2383728,6.67,5.8732967
15235.8,0.0,-1.602745,6.67,4.3210983
15236.0,0.0,-2.6643677,6.67,4.9098964
15236.2,0.0,-0.18884277,6.67,6.297359
15236.4,0.0,4.7057495,6.67,5.849696
15236.6,0.0,2.825325,6.67,6.801564
15236.8,0.0,4.019211,6.67,6.416033
15237.0,0.0,2.516327,6.67,6.1261597
15237.2,0.0,3.1514587,6.67,6.522932
15237.4,0.0,3.068016,6.67,5.399926
15237.6,0.0,-0.8698349,6.67,6.073071
15237.8,0.0,5.3737183,6.67,6.4445486
15238.0,0.0,8.521385,6.67,6.586179
15238.2,0.0,-0.571228,6.67,6.1271715
15238.4,0.0,-0.4316864,6.67,6.2986383
15238.6,0.0,-1.1679077,6.67,6.703788
15238.8,0.0,-1.9055481,6.67,6.5816445
15239.0,0.0,-0.70897675,6.67,5.326468
15239.2,0.0,-3.1751785,6.67,5.7709293
15239.4,0.0,0.13562775,6.67,6.518064
15239.6,0.0,-0.5941086,6.67,5.8330727
15239.8,0.0,4.088669,6.67,7.0999126
15240.0,0.0,2.8406143,6.67,6.9696484
15240.2,0.0,-0.45324707,6.67,6.8633337
15240.4,0.0,1.1587143,6.67,6.0895905
15240.6,0.0,-0.21232605,6.67,4.704749
15240.8,0.0,1.006485,6.67,6.9215593
15241.0,0.0,2.4494324,6.67,6.596201
15241.2,0.0,0.9374008,6.67,7.283493
15241.4,0.0,-0.83058167,6.67,6.069596
15241.6,0.0,-1.3450928,6.67,6.8525763
15241.8,0.0,0.3176117,6.67,7.4966683
15242.0,0.0,-1.18219,6.67,6.737755
15242.2,0.0,-0.7086029,6.67,7.1969757
15242.4,0.0,-1.3375854,6.67,7.111928
15242.6,0.0,-1.0546417,6.67,6.9835415
15242.8,0.0,1.5370865,6.67,7.080311
15243.0,0.0,3.4439468,6.67,7.0674562
15243.2,0.0,-1.4658813,6.67,6.2294273
15243.4,0.0,0.57733154,6.67,7.4122863
15243.6,0.0,7.1546783,6.67,7.150604
15243.8,0.0,-1.0709686,6.67,7.2079077
15244.0,0.0,2.4711685,6.67,7.5995226
15244.2,0.0,3.6150131,6.67,7.850236
15244.4,0.0,-2.253769,6.67,6.4943914
15244.6,0.0,-0.33216858,6.67,6.8519936
15244.8,0.0,-3.9245377,6.67,6.0594997
15245.0,0.0,-2.641388,6.67,6.851967
15245.2,0.0,1.0912552,6.67,7.5051136
15245.4,0.0,-0.1473999,6.67,7.7061534
15245.6,0.0,3.5115814,6.67,7.174962
15245.8,0.0,2.0120087,6.67,6.768409
15246.0,0.0,-0.8149338,6.67,6.762878
15246.2,0.0,-2.5210724,6.67,6.8281746
15246.4,0.0,-2.3064651,6.67,7.511734
15246.6,0.0,-0.16999054,6.67,7.7798243
15246.8,0.0,2.0608368,6.67,7.824155
15247.0,0.0,0.62163544,6.67,7.660755
15247.2,0.0,-1.961441,6.67,7.548507
15247.4,0.0,-4.2011414,6.67,7.257165
15247.6,0.0,-2.8398895,6.67,6.615195
15247.8,0.0,-2.5198288,6.67,7.6017413
15248.0,0.0,-4.269844,6.67,7.1906023
15248.2,0.0,-2.4830246,6.67,7.347802
15248.4,0.0,-1.2010193,6.67,7.1418953
15248.6,0.0,-0.38695526,6.67,7.623391
15248.8,0.0,-2.8092499,6.67,6.4946537
15249.0,0.0,-2.6566544,6.67,7.894162
15249.2,0.0,-1.6638412,6.67,6.7262316
15249.4,0.0,4.3808594,6.67,7.404071
15249.6,0.0,-0.48847198,6.67,7.417409
15249.8,0.0,-3.7578735,6.67,6.7851067
15250.0,0.0,-3.5946121,6.67,7.702977
15250.2,0.0,-3.99366,6.67,7.9059496
15250.4,0.0,-4.8904114,6.67,6.698109
15250.6,0.0,-4.5006638,6.67,7.2803082
15250.8,0.0,-2.5020447,6.67,7.8799973
15251.0,0.0,-2.5756378,6.67,6.932355
15251.2,0.0,-1.141098,6.67,7.8859186
15251.4,0.0,-0.7808075,6.67,6.8116827
15251.6,0.0,-4.427353,6.67,7.4418287
15251.8,0.0,-2.3049698,6.67,7.512125
15252.0,0.0,-2.3723602,6.67,7.6209497
15252.2,0.0,-1.202858,6.67,7.6821814
15252.4,0.0,3.5295181,6.67,7.706521
15252.6,0.0,-3.7549896,6.67,6.8543186
15252.8,0.0,-0.5282364,6.67,7.187602
15253.0,0.0,1.1081009,6.67,7.802578
15253.2,0.0,-3.4734116,6.67,7.3410273
15253.4,0.0,-5.096634,6.67,6.908049
15253.6,0.0,-2.3513794,6.67,7.51431
15253.8,0.0,-0.07627106,6.67,7.4362535
15254.0,0.0,-2.10141,6.67,7.505823
15254.2,0.0,-4.6621475,6.67,7.1125784
15254.4,0.0,-2.8492355,6.67,7.3041124
15254.6,0.0,-0.9625778,6.67,8.177212
15254.8,0.0,-2.1473083,6.67,6.156457
15255.0,0.0,-5.3423843,6.67,6.2120657
15255.2,0.0,-3.749092,6.67,7.0867395
15255.4,0.0,0.4928894,6.67,7.273219
15255.6,0.0,-3.7909393,6.67,7.1721954
15255.8,0.0,2.1249542,6.67,7.2097845
15256.0,0.0,-4.8177185,6.67,6.986478
15256.2,0.0,-3.4156342,6.67,7.2288804
15256.4,0.0,-1.9073715,6.67,7.432211
15256.6,0.0,-3.6932373,6.67,6.0814533
15256.8,0.0,-3.3432236,6.67,7.4321957
15257.0,0.0,-2.8238144,6.67,7.794659
15257.2,0.0,-5.1234894,6.67,7.240901
15257.4,0.0,-3.8922348,6.67,7.9551044
15257.6,0.0,1.2118454,6.67,7.529793
15257.8,0.0,-2.3659592,6.67,7.524989
15258.0,0.0,-3.2698288,6.67,7.4571037
15258.2,0.0,-0.93818665,6.67,7.8125715
15258.4,0.0,-4.2384567,6.67,7.0029726
15258.6,0.0,-2.738762,6.67,7.750019
15258.8,0.0,-3.0734406,6.67,6.995699
15259.0,0.0,-4.9021454,6.67,6.132325
15259.2,0.0,-3.700615,6.67,7.0658827
15259.4,0.0,-4.6279526,6.67,7.094185
15259.6,0.0,-2.0723572,6.67,7.2170095
15259.8,0.0,-2.442749,6.67,7.244211
15260.0,0.0,5.4880676,6.67,7.437351
15260.2,0.0,-1.5251923,6.67,7.1849947
15260.4,0.0,-0.87890625,6.67,6.8842583
15260.6,0.0,-2.0809631,6.67,7.347144
15260.8,0.0,-2.841568,6.67,6.9115047
15261.0,0.0,-4.8964615,6.67,7.552861
15261.2,0.0,-4.574257,6.67,7.778756
15261.4,0.0,-2.120079,6.67,7.0931163
15261.6,0.0,-5.250595,6.67,7.069211
15261.8,0.0,-5.120468,6.67,6.6128507
15262.0,0.0,-6.0476303,6.67,7.3874454
15262.2,0.0,-4.3669205,6.67,6.5910206
15262.4,0.0,0.146492,6.67,7.3146715
15262.6,0.0,-2.6020432,6.67,7.6399994
15262.8,0.0,2.9786987,6.67,8.195404
15263.0,0.0,-2.0569916,6.67,7.383818
15263.2,0.0,-6.4985504,6.67,7.8390784
15263.4,0.0,0.53235626,6.67,7.77655
15263.6,0.0,-0.40803528,6.67,7.6978245
15263.8,0.0,-2.927887,6.67,7.6333427
15264.0,0.0,-4.125534,6.67,7.526858
15264.2,0.0,-3.8522797,6.67,8.163251
15264.4,0.0,-6.3062897,6.67,6.9021535
15264.6,0.0,-5.4855576,6.67,7.5008993
15264.8,0.0,0.9654083,6.67,7.8065586
15265.0,0.0,-1.8807678,6.67,7.158532
15265.2,0.0,-3.1071167,6.67,8.245169
15265.4,0.0,-2.0242538,6.67,8.050289
15265.6,0.0,-3.8007965,6.67,8.1023655
15265.8,0.0,-4.377304,6.67,7.5416226
15266.0,0.0,-1.0806427,6.67,7.7914667
15266.2,0.0,-5.1426697,6.67,7.786145
15266.4,0.0,-3.5678406,6.67,7.8483686
15266.6,0.0,-1.1668167,6.67,7.984315
15266.8,0.0,-1.4382858,6.67,7.9004474
15267.0,0.0,1.7604446,6.67,7.794363
15267.2,0.0,-2.7648468,6.67,7.903022
15267.4,0.0,-0.8286667,6.67,8.1249695
15267.6,0.0,-1.7799835,6.67,7.8851185
15267.8,0.0,-1.8183517,6.67,8.281384
15268.0,0.0,0.62583923,6.67,8.062231
15268.2,0.0,-0.017860413,6.67,7.8927627
15268.4,0.0,1.1626205,6.67,8.0816555
15268.6,0.0,0.5722351,6.67,7.8748436
15268.8,0.0,2.4795532,6.67,8.307497
15269.0,0.0,0.17611694,6.67,8.204493
15269.2,0.0,-1.4501495,6.67,7.9791646
15269.4,0.0,0.5308914,6.67,7.9033685
15269.6,0.0,-1.2269974,6.67,8.036937
15269.8,0.0,-0.84516144,6.67,7.633779
15270.0,0.0,3.1960907,6.67,7.67511
15270.2,0.0,-1.2094803,6.67,7.4602604
15270.4,0.0,-0.36686707,6.67,7.836567
15270.6,0.0,0.37255096,6.67,7.858499
15270.8,0.0,-1.4263992,6.67,7.2335787
15271.0,0.0,-0.23448181,6.67,7.457158
15271.2,0.0,0.6653595,6.67,7.741418
15271.4,0.0,-0.63199615,6.67,7.7889442
15271.6,0.0,-0.052864075,6.67,7.6036386
15271.8,0.0,-1.3794403,6.67,7.288757
15272.0,0.0,0.2205658,6.67,7.192933
15272.2,0.0,0.4827881,6.67,7.22024
15272.4,0.0,0.017921448,6.67,6.9137373
15272.6,0.0,-0.9577179,6.67,6.9525037
15272.8,0.0,0.4862213,6.67,7.4348345
15273.0,0.0,1.2844543,6.67,7.325469
15273.2,0.0,0.2729187,6.67,7.4214287
15273.4,0.0,-0.4113083,6.67,6.9747286
15273.6,0.0,-0.7980194,6.67,7.464491
15273.8,0.0,-0.78961945,6.67,7.256879
15274.0,0.0,0.7123413,6.67,6.583036
15274.2,0.0,4.052513,6.67,6.6582932
15274.4,0.0,2.7833328,6.67,7.196069
15274.6,0.0,1.7817612,6.67,6.6268578
15274.8,0.0,1.3833008,6.67,6.865424
15275.0,0.0,2.9127197,6.67,6.121225
15275.2,0.0,1.751915,6.67,6.616827
15275.4,0.0,-0.041252136,6.67,6.2791967
15275.6,0.0,2.9096985,6.67,6.4926643
15275.8,0.0,4.076454,6.67,6.5810013
15276.0,0.0,2.5133438,6.67,6.7519097
15276.2,0.0,3.7770538,6.67,6.281948
15276.4,0.0,3.7718048,6.67,6.549898
15276.6,0.0,3.9246063,6.67,6.1408544
15276.8,0.0,2.515976,6.67,6.4309626
15277.0,0.0,3.078125,6.67,6.142174
15277.2,0.0,4.3664093,6.67,5.996904
15277.4,0.0,5.0977325,6.67,6.247014
15277.6,0.0,5.122841,6.67,5.9621425
15277.8,0.0,4.0202026,6.67,6.1065154
15278.0,0.0,4.801735,6.67,6.4740114
15278.2,0.0,5.123535,6.67,5.7683516
15278.4,0.0,5.150467,6.67,6.0556235
15278.6,0.0,2.6077957,6.67,6.131138
15278.8,0.0,4.041214,6.67,5.8960757
15279.0,0.0,4.636879,6.67,5.7682633
15279.2,0.0,2.9850006,6.67,5.8575497
15279.4,0.0,5.078453,6.67,5.879903
15279.6,0.0,5.3632965,6.67,5.869793
15279.8,0.0,4.498169,6.67,5.9553127
15280.0,0.0,4.6144943,6.67,5.846096
15280.2,0.0,4.5777893,6.67,6.0695934
15280.4,0.0,6.028282,6.67,5.6638737
15280.6,0.0,5.6590805,6.67,6.159227
15280.8,0.0,4.0377426,6.67,6.354019
15281.0,0.0,6.2844086,6.67,5.688774
15281.2,0.0,5.7154922,6.67,5.6646533
15281.4,0.0,4.6501083,6.67,5.7718015
15281.6,0.0,7.257515,6.67,5.8312387
15281.8,0.0,5.15905,6.67,5.9332657
15282.0,0.0,4.8919983,6.67,5.8960533
15282.2,0.0,5.4368896,6.67,6.0420036
15282.4,0.0,6.1936874,6.67,6.2625284
15282.6,0.0,4.725395,6.67,5.7124076
15282.8,0.0,4.433876,6.67,5.2904425
15283.0,0.0,5.0512466,6.67,5.7914996
15283.2,0.0,6.099022,6.67,5.850577
15283.4,0.0,5.563751,6.67,5.9554725
15283.6,0.0,6.4931946,6.67,5.7578177
15283.8,0.0,6.2288513,6.67,6.3712897
15284.0,0.0,6.9006042,6.67,5.800979
15284.2,0.0,4.812393,6.67,5.903799
15284.4,0.0,7.190712,6.67,6.1893415
15284.6,0.0,6.2521133,6.67,5.762805
15284.8,0.0,6.815735,6.67,6.343354
15285.0,0.0,6.6270905,6.67,5.636658
15285.2,0.0,4.97805,6.67,5.6383176
15285.4,0.0,5.5175858,6.67,5.588648
15285.6,0.0,7.112938,6.67,5.3827906
15285.8,0.0,6.391159,6.67,5.674744
15286.0,0.0,6.0506516,6.67,6.0556874
15286.2,0.0,5.4958572,6.67,5.6577077
15286.4,0.0,6.868431,6.67,5.7604465
15286.6,0.0,4.7395935,6.67,6.303869
15286.8,0.0,4.910248,6.67,5.9038205
15287.0,0.0,5.9654007,6.67,5.792532
15287.2,0.0,5.769516,6.67,5.8509083
15287.4,0.0,5.1934357,6.67,5.894648
15287.6,0.0,5.6653214,6.67,5.3223133
15287.8,0.0,5.767868,6.67,5.7824783
15288.0,0.0,5.8207016,6.67,5.923436
15288.2,0.0,4.955574,6.67,5.419868
15288.4,0.0,6.3268204,6.67,5.4385653
15288.6,0.0,6.500946,6.67,5.4191103
15288.8,0.0,6.091362,6.67,5.590847
15289.0,0.0,6.7288055,6.67,5.3835144
15289.2,0.0,6.6198425,6.67,5.833775
15289.4,0.0,5.794014,6.67,5.557542
15289.6,0.0,4.537445,6.67,6.3488235
15289.8,0.0,5.547348,6.67,5.3241363
15290.0,0.0,5.8356476,6.67,5.3395553
15290.2,0.0,7.9166183,6.67,5.7994485
15290.4,0.0,5.5426254,6.67,5.931942
15290.6,0.0,5.3994675,6.67,6.075314
15290.8,0.0,4.9336624,6.67,5.922439
15291.0,0.0,5.4019012,6.67,5.7142057
15291.2,0.0,7.1288376,6.67,5.447363
15291.4,0.0,6.6696396,6.67,5.475916
15291.6,0.0,5.2495804,6.67,5.67323
15291.8,0.0,5.3813477,6.67,5.9302998
15292.0,0.0,6.4184494,6.67,5.9760456
15292.2,0.0,7.034874,6.67,5.8146887
15292.4,0.0,5.991081,6.67,5.7260923
15292.6,0.0,6.3787537,6.67,6.0056744
15292.8,0.0,8.093407,6.67,5.9757643
15293.0,0.0,6.049034,6.67,6.163825
15293.2,0.0,6.464813,6.67,6.1807685
15293.4,0.0,5.009468,6.67,6.208538
15293.6,0.0,4.3482056,6.67,5.7807856
15293.8,0.0,7.6462936,6.67,5.9592295
15294.0,0.0,3.7456589,6.67,5.478958
15294.2,0.0,6.044693,6.67,5.8772755
15294.4,0.0,5.0387573,6.67,5.8063726
15294.6,0.0,5.9454956,6.67,5.8432527
15294.8,0.0,5.2648544,6.67,5.6702013
15295.0,0.0,4.8428955,6.67,5.5763855
15295.2,0.0,6.1132965,6.67,6.090276
15295.4,0.0,5.1002884,6.67,6.1344185
15295.6,0.0,4.036972,6.67,5.617424
15295.8,0.0,5.76519,6.67,5.594647
15296.0,0.0,5.3377304,6.67,6.2090006
15296.2,0.0,4.982567,6.67,5.422482
15296.4,0.0,5.0310745,6.67,5.6813536
15296.6,0.0,5.5835648,6.67,6.0318093
15296.8,0.0,5.003723,6.67,6.1055226
15297.0,0.0,4.631653,6.67,6.0896206
15297.2,0.0,5.2004395,6.67,6.0216303
15297.4,0.0,4.4944763,6.67,6.124647
15297.6,0.0,5.0482483,6.67,5.7803493
15297.8,0.0,5.956642,6.67,5.785418
15298.0,0.0,4.7373505,6.67,5.6269007
15298.2,0.0,4.833885,6.67,5.5624523
15298.4,0.0,2.7778702,6.67,5.851714
15298.6,0.0,5.079918,6.67,6.120464
15298.8,0.0,4.9432373,6.67,6.3537397
15299.0,0.0,5.567093,6.67,5.9095235
15299.2,0.0,4.379318,6.67,5.844968
15299.4,0.0,4.0585327,6.67,5.6340866
15299.6,0.0,6.483986,6.67,5.657299
15299.8,0.0,5.553055,6.67,6.0521975
15300.0,0.0,6.896126,6.67,6.315692
15300.2,0.0,5.87397,6.67,6.196492
15300.4,0.0,5.7849426,6.67,6.5853662
15300.6,0.0,4.4640274,6.67,6.255851
15300.8,0.0,4.809784,6.67,6.0656967
15301.0,0.0,5.817978,6.67,6.429659
15301.2,0.0,2.961403,6.67,5.519189
15301.4,0.0,5.256859,6.67,5.4116707
15301.6,0.0,4.5247345,6.67,5.3612337
15301.8,0.0,4.351799,6.67,5.645151
15302.0,0.0,3.2504349,6.67,5.5567913
15302.2,0.0,4.6671066,6.67,5.5787096
15302.4,0.0,6.3663635,6.67,5.4811463
15302.6,0.0,3.9429398,6.67,5.752509
15302.8,0.0,3.694931,6.67,5.6086764
15303.0,0.0,6.2200394,6.67,5.7843657
15303.2,0.0,7.604332,6.67,6.307537
15303.4,0.0,6.6859283,6.67,5.8234787
15303.6,0.0,6.4608917,6.67,5.9071226
15303.8,0.0,4.59346,6.67,5.6044755
15304.0,0.0,5.10511,6.67,5.9854784
15304.2,0.0,5.581543,6.67,6.116579
15304.4,0.0,4.845047,6.67,6.116028
15304.6,0.0,6.1593857,6.67,5.789296
15304.8,0.0,7.811905,6.67,6.470498
15305.0,0.0,5.8582535,6.67,6.294675
15305.2,0.0,5.8675003,6.67,6.2664022
15305.4,0.0,4.1265564,6.67,5.9880233
15305.6,0.0,5.221855,6.67,5.8573723
15305.8,0.0,5.109764,6.67,5.9640737
15306.0,0.0,5.2511215,6.67,6.1465874
15306.2,0.0,4.123871,6.67,5.711768
15306.4,0.0,4.241356,6.67,5.822569
15306.6,0.0,4.178734,6.67,5.542447
15306.8,0.0,6.8771286,6.67,5.7025933
15307.0,0.0,3.7836456,6.67,5.9436536
15307.2,0.0,5.322319,6.67,5.966365
15307.4,0.0,6.244461,6.67,6.340872
15307.6,0.0,6.2479477,6.67,6.4065514
15307.8,0.0,3.6582947,6.67,6.1705217
15308.0,0.0,6.4413834,6.67,6.006031
15308.2,0.0,4.657997,6.67,6.403311
15308.4,0.0,3.0313873,6.67,5.8917785
15308.6,0.0,2.9936523,6.67,6.1416645
15308.8,0.0,3.8472824,6.67,6.0107927
15309.0,0.0,4.6332245,6.67,5.7196493
15309.2,0.0,4.492119,6.67,5.845032
15309.4,0.0,4.8473434,6.67,6.366203
15309.6,0.0,3.392212,6.67,5.553485
15309.8,0.0,3.559906,6.67,5.3977146
15310.0,0.0,4.10437,6.67,5.53419
15310.2,0.0,4.0614014,6.67,6.1626844
15310.4,0.0,4.295891,6.67,5.9122157
15310.6,0.0,6.1250076,6.67,5.790874
15310.8,0.0,4.3305893,6.67,5.686489
15311.0,0.0,4.1058197,6.67,6.0204144
15311.2,0.0,3.9264984,6.67,5.7171564
15311.4,0.0,4.681572,6.67,5.8479924
15311.6,0.0,4.486046,6.67,6.25968
15311.8,0.0,3.221367,6.67,6.3232064
15312.0,0.0,5.809952,6.67,5.9278564
15312.2,0.0,4.917511,6.67,5.708028
15312.4,0.0,2.9161758,6.67,5.803212
15312.6,0.0,6.7525787,6.67,6.110817
15312.8,0.0,4.801285,6.67,6.087882
15313.0,0.0,5.797928,6.67,6.487262
15313.2,0.0,5.2225037,6.67,6.1667953
15313.4,0.0,2.9567642,6.67,6.018862
15313.6,0.0,3.2182465,6.67,5.7374735
15313.8,0.0,3.1296234,6.67,5.829449
15314.0,0.0,5.483139,6.67,6.073865
15314.2,0.0,4.9540634,6.67,6.2541904
15314.4,0.0,3.9157333,6.67,6.4056435
15314.6,0.0,4.581726,6.67,5.8652925
15314.8,0.0,5.026222,6.67,5.696731
15315.0,0.0,6.35244,6.67,6.148368
15315.2,0.0,5.0136795,6.67,6.4441047
15315.4,0.0,3.6565552,6.67,6.901329
15315.6,0.0,4.1082077,6.67,6.250389
15315.8,0.0,5.445053,6.67,6.126871
15316.0,0.0,4.5121307,6.67,6.2038984
15316.2,0.0,5.000389,6.67,6.160972
15316.4,0.0,4.1173706,6.67,6.5383263
15316.6,0.0,5.5168,6.67,6.7120924
15316.8,0.0,4.4044724,6.67,6.3187237
15317.0,0.0,5.11792,6.67,6.192951
15317.2,0.0,5.0230865,6.67,6.17457
15317.4,0.0,3.0737991,6.67,5.957243
15317.6,0.0,5.415924,6.67,6.327177
15317.8,0.0,4.3695908,6.67,6.075856
15318.0,0.0,4.355667,6.67,6.0428314
15318.2,0.0,4.6756744,6.67,6.480136
15318.4,0.0,4.933571,6.67,6.431778
15318.6,0.0,4.619339,6.67,6.214892
15318.8,0.0,3.8898697,6.67,6.065686
15319.0,0.0,2.214035,6.67,5.760798
15319.2,0.0,4.6053467,6.67,5.6410565
15319.4,0.0,2.0699997,6.67,6.238916
15319.6,0.0,3.1223602,6.67,5.8495374
15319.8,0.0,4.8305893,6.67,6.3019195
15320.0,0.0,5.6637726,6.67,6.6536303
15320.2,0.0,5.8328934,6.67,6.4606924
15320.4,0.0,4.477768,6.67,6.5070148
15320.6,0.0,4.6152344,6.67,6.3788557
15320.8,0.0,5.1295624,6.67,6.0061336
15321.0,0.0,4.3069687,6.67,6.281598
15321.2,0.0,5.608406,6.67,6.252778
15321.4,0.0,6.4470825,6.67,6.5778494
15321.6,0.0,4.420822,6.67,6.3610497
15321.8,0.0,1.7861328,6.67,6.296575
15322.0,0.0,3.3156128,6.67,5.767219
15322.2,0.0,3.8918686,6.67,6.477973
15322.4,0.0,6.1294785,6.67,5.9001117
15322.6,0.0,3.415741,6.67,6.0910683
15322.8,0.0,3.7241669,6.67,6.3811464
15323.0,0.0,4.869835,6.67,6.2179375
15323.2,0.0,6.102272,6.67,6.6414795
15323.4,0.0,5.017647,6.67,6.2298045
15323.6,0.0,5.7763824,6.67,6.124153
15323.8,0.0,4.003235,6.67,6.194907
15324.0,0.0,3.8113937,6.67,6.1737585
15324.2,0.0,4.4366226,6.67,6.439656
15324.4,0.0,4.811722,6.67,6.0475836
15324.6,0.0,5.305336,6.67,6.5676246
15324.8,0.0,2.8744202,6.67,6.4035163
15325.0,0.0,2.2555618,6.67,6.0637445
15325.2,0.0,2.8230743,6.67,5.783385
15325.4,0.0,3.500801,6.67,6.322074
15325.6,0.0,4.3070755,6.67,6.100925
15325.8,0.0,1.6151962,6.67,6.264357
15326.0,0.0,3.2849884,6.67,5.8826704
15326.2,0.0,2.639061,6.67,6.0028195
15326.4,0.0,2.4805603,6.67,6.084226
15326.6,0.0,4.4696503,6.67,5.4458313
15326.8,0.0,5.4953537,6.67,6.4647923
15327.0,0.0,4.354515,6.67,6.323977
15327.2,0.0,2.8959045,6.67,5.913159
15327.4,0.0,4.678856,6.67,6.2964525
15327.6,0.0,4.1683807,6.67,6.215452
15327.8,0.0,3.8732758,6.67,5.9946966
15328.0,0.0,2.7891083,6.67,6.122677
15328.2,0.0,3.058937,6.67,5.8617
15328.4,0.0,3.5437164,6.67,6.086441
15328.6,0.0,2.8080902,6.67,5.881741
15328.8,0.0,4.784973,6.67,6.1155596
15329.0,0.0,6.195717,6.67,5.9609547
15329.2,0.0,4.1189804,6.67,5.6852264
15329.4,0.0,5.423645,6.67,5.913919
15329.6,0.0,4.9019547,6.67,5.7073827
15329.8,0.0,4.2792053,6.67,5.6956987
15330.0,0.0,4.378685,6.67,5.825479
15330.2,0.0,4.445053,6.67,5.4234896
15330.4,0.0,4.5304184,6.67,5.719201
15330.6,0.0,4.5893097,6.67,5.523993
15330.8,0.0,7.7919617,6.67,6.1163216
15331.0,0.0,4.9902115,6.67,5.9950533
15331.2,0.0,4.7899323,6.67,5.9326935
15331.4,0.0,3.9206314,6.67,5.588455
15331.6,0.0,3.651703,6.67,5.725874
15331.8,0.0,4.81295,6.67,5.870537
15332.0,0.0,4.6497955,6.67,5.8951073
15332.2,0.0,3.155487,6.67,5.677458
15332.4,0.0,4.969116,6.67,6.0008583
15332.6,0.0,3.1378174,6.67,5.931982
15332.8,0.0,1.9927216,6.67,5.5369205
15333.0,0.0,2.2441483,6.67,5.7099214
15333.2,0.0,3.4495468,6.67,5.653886
15333.4,0.0,2.6379242,6.67,5.3276534
15333.6,0.0,1.3045044,6.67,5.588641
15333.8,0.0,4.482292,6.67,5.43034
15334.0,0.0,4.0360794,6.67,5.7489142
15334.2,0.0,4.0954514,0.0,5.5169296
15334.4,0.0,2.2484055,0.0,5.052221
15334.6,0.0,2.3494797,0.0,5.055794
15334.8,0.0,4.3132553,0.0,5.178886
15335.0,0.0,2.185707,0.0,5.400674
15335.2,0.0,4.736923,0.0,4.962162
15335.4,0.0,8.574104,0.0,5.1909165
15335.6,0.0,2.9614792,0.0,5.998331
15335.8,0.0,3.0788803,0.0,4.9437685
15336.0,0.0,2.961525,0.0,4.510378
15336.2,0.0,5.216034,0.0,5.3118052
15336.4,0.0,3.7045212,0.0,5.662538
15336.6,0.0,5.818138,0.0,4.96336
15336.8,0.0,5.2132263,0.0,5.142312
15337.0,0.0,5.124977,0.0,5.1899376
15337.2,0.0,5.2754745,0.0,4.9773436
15337.4,0.0,6.6095123,0.0,4.8052263
15337.6,0.0,3.9843063,0.0,4.858582
15337.8,0.0,3.9537964,0.0,4.9062023
15338.0,0.0,5.462311,0.0,4.9602194
15338.2,0.0,8.012405,0.0,5.2978168
15338.4,0.0,3.7936707,0.0,5.096079
15338.6,0.0,1.6861877,0.0,4.5365434
15338.8,0.0,4.7135315,0.0,4.459129
15339.0,0.0,3.9055252,0.0,4.312395
15339.2,0.0,1.9011307,0.0,4.644808
15339.4,0.0,1.5853348,0.0,4.261061
15339.6,0.0,4.0276794,0.0,5.08644
15339.8,0.0,2.4649124,0.0,4.6005335
15340.0,0.0,3.5027618,0.0,4.1439247
15340.2,0.0,2.1316757,0.0,4.814629
15340.4,0.0,1.6902313,0.0,4.560479
15340.6,0.0,0.2704239,0.0,4.740885
15340.8,0.0,4.5609436,0.0,4.3921204
15341.0,0.0,5.0483856,0.0,4.2930474
15341.2,0.0,4.6694794,0.0,4.1669803
15341.4,0.0,5.735443,0.0,4.400561
15341.6,0.0,5.4674835,0.0,4.418693
15341.8,0.0,4.6856155,0.0,4.8230724
15342.0,0.0,3.227951,0.0,4.206754
15342.2,0.0,6.0010834,0.0,4.6859226
15342.4,0.0,4.6045685,0.0,3.654177
15342.6,0.0,4.6290283,0.0,3.2213798
15342.8,0.0,4.5053635,0.0,3.9727247
15343.0,0.0,3.2610016,0.0,3.6655803
15343.2,0.0,4.6653214,0.0,3.878882
15343.4,0.0,4.9847717,0.0,4.2699723
15343.6,0.0,3.3183289,0.0,3.3151102
15343.8,0.0,3.6144562,0.0,3.164102
15344.0,0.0,6.629219,0.0,3.884838
15344.2,0.0,3.341835,0.0,3.5771785
15344.4,0.0,4.5054245,0.0,4.114954
15344.6,0.0,4.0480957,0.0,4.7605405
15344.8,0.0,3.1091766,0.0,2.3217082
15345.0,0.0,5.2895737,0.0,3.3568494
15345.2,0.0,5.255234,0.0,3.3544135
15345.4,0.0,4.3379974,0.0,3.6026406
15345.6,0.0,4.9930954,0.0,3.9510274
15345.8,0.0,2.5093231,0.0,4.0042872
15346.0,0.0,5.5448227,0.0,3.0527296
15346.2,0.0,5.8808746,0.0,3.4158988
15346.4,0.0,4.7330475,0.0,2.7715173
15346.6,0.0,3.4943695,0.0,2.9095354
15346.8,0.0,5.323448,0.0,3.399615
15347.0,0.0,5.0695114,0.0,3.3439379
15347.2,0.0,5.435066,0.0,3.066586
15347.4,0.0,5.85511,0.0,3.2566667
15347.6,0.0,6.717224,0.0,3.9570916
15347.8,0.0,4.453209,0.0,3.6820097
15348.0,0.0,5.1740646,0.0,1.7712433
15348.2,0.0,2.7687683,0.0,3.0209446
15348.4,0.0,4.768448,0.0,3.816035
15348.6,0.0,4.76593,0.0,3.739269
15348.8,0.0,4.006302,0.0,2.5964124
15349.0,0.0,5.3409195,0.0,2.930884
15349.2,0.0,3.824913,0.0,1.5573802
15349.4,0.0,5.7832413,0.0,2.675723
15349.6,0.0,3.3316803,0.0,2.8985703
15349.8,0.0,3.3443298,0.0,2.3700898
15350.0,0.0,2.8098984,0.0,2.4137392
15350.2,0.0,3.1633987,0.0,1.7093048
15350.4,0.0,7.1515503,0.0,0.9974325
15350.6,0.0,6.1740417,0.0,2.140728
15350.8,0.0,5.311226,0.0,0.8544512
15351.0,0.0,5.9349594,0.0,1.2940359
15351.2,0.0,3.6767426,0.0,1.8336382
15351.4,0.0,5.239601,0.0,1.3549786
15351.6,0.0,4.494362,0.0,0.86660504
15351.8,0.0,5.218811,0.0,0.66154575
15352.0,0.0,6.086426,0.0,1.6607921
15352.2,0.0,4.382065,0.0,0.69786954
15352.4,0.0,3.2282104,0.0,1.6006927
15352.6,0.0,3.2100372,0.0,0.8716979
15352.8,0.0,5.60968,0.0,0.51391435
15353.0,0.0,9.09655,0.0,0.3525939
15353.2,0.0,9.158661,0.0,0.5743022
15353.4,0.0,3.5391846,0.0,1.0660298
15353.6,0.0,4.07769,0.0,2.003098
15353.8,0.0,4.879669,0.0,-0.07840395
15354.0,0.0,4.046356,0.0,0.5013027
15354.2,0.0,5.80188,0.0,0.5481467
15354.4,0.0,2.5819702,0.0,0.2671187
15354.6,0.0,6.1560364,0.0,1.7538688
15354.8,0.0,3.9704437,0.0,0.1723926
15355.0,0.0,4.98394,0.0,0.7587764
15355.2,0.0,4.299965,0.0,1.0111291
15355.4,0.0,2.9336243,0.0,0.8308902
15355.6,0.0,3.8604355,0.0,1.119046
15355.8,0.0,5.2880325,0.0,0.79798055
15356.0,0.0,5.0509872,0.0,1.368345
15356.2,0.0,6.7864685,0.0,0.13226104
15356.4,0.0,4.2304764,0.0,0.15357947
15356.6,0.0,4.208542,0.0,1.4022098
15356.8,0.0,2.4719467,0.0,0.40976477
15357.0,0.0,1.8167496,0.0,1.0271583
15357.2,0.0,2.8789215,0.0,0.3757155
15357.4,0.0,2.2801971,0.0,0.43469
15357.6,0.0,3.2338486,0.0,0.6084151
15357.8,0.0,2.3754272,0.0,1.3370397
15358.0,0.0,2.3828888,0.0,0.5255432
15358.2,0.0,4.1309204,0.0,0.41198468
15358.4,0.0,3.4199905,0.0,0.4561913
15358.6,0.0,3.0225449,0.0,0.39718986
15358.8,0.0,3.0444794,0.0,0.21857071
15359.0,0.0,2.3019028,0.0,0.44683528
15359.2,0.0,3.5133896,0.0,0.71219945
15359.4,0.0,2.4000778,0.0,0.4203968
15359.6,0.0,2.9914017,0.0,0.27637243
15359.8,0.0,2.766693,0.0,0.54752326
15360.0,0.0,1.3197937,0.0,0.4032638
15360.2,0.0,1.0329361,0.0,0.67822623
15360.4,0.0,0.97906494,0.0,0.39000773
15360.6,0.0,1.5566864,0.0,0.4237349
15360.8,0.0,0.95272064,0.0,0.5169444
15361.0,0.0,0.73600006,0.0,0.38500547
15361.2,0.0,1.1559677,0.0,0.4306612
15361.4,0.0,1.2307968,0.0,0.35128832
15361.6,0.0,0.9845276,0.0,0.22900987
15361.8,0.0,1.1483154,0.0,0.24979687
15362.0,0.0,1.1923523,0.0,0.19091153
15362.2,0.0,1.7225189,0.0,0.30662942
15362.4,0.0,0.6992874,0.0,0.25286555
15362.6,0.0,0.8691406,0.0,0.1817429
15362.8,0.0,1.1930542,0.0,0.08432746
15363.0,0.0,0.8070679,0.0,0.14637327
15363.2,0.0,0.94010925,0.0,0.24449778
15363.4,0.0,0.8068161,0.0,0.29032707
15363.6,0.0,0.4827118,0.0,0.32175136
15363.8,0.0,0.42201233,0.0,0.20024633
15364.0,0.0,0.9296417,0.0,0.12181687
15364.2,0.0,0.4352417,0.0,0.1513989
15364.4,0.0,0.27711487,0.0,0.32132864
15364.6,0.0,0.019477844,0.0,0.3003683
15364.8,0.0,-0.51732635,0.0,0.32813954
15365.0,0.0,0.22187805,0.0,0.23771477
15365.2,0.0,0.43095398,0.0,0.15072513
15365.4,0.0,-0.09525299,0.0,0.24813938
15365.6,0.0,0.04156494,0.0,0.23246312
15365.8,0.0,0.20166016,0.0,0.31914854
15366.0,0.0,0.046157837,0.0,0.22968483
15366.2,0.0,0.28237915,0.0,0.16211987
15366.4,0.0,0.5427933,0.0,0.15933037
15366.6,0.0,0.7576752,0.0,0.15509868
15366.8,0.0,0.3940735,0.0,0.29826975
15367.0,0.0,-0.029388428,0.0,0.17191458
15367.2,0.0,0.38874817,0.0,0.2678516
15367.4,0.0,-0.07418823,0.0,0.206985
15367.6,0.0,0.5547333,0.0,0.19824767
15367.8,0.0,-0.34851074,0.0,0.3283422
15368.0,0.0,-0.2110138,0.0,0.36577725
15368.2,0.0,-0.06556702,0.0,0.31091022
15368.4,0.0,0.13976288,0.0,0.14699101
15368.6,0.0,0.00090026855,0.0,0.14064908
15368.8,0.0,-0.20471191,0.0,0.25095916
15369.0,0.0,-0.49156952,0.0,0.35979438
15369.2,0.0,-0.3897705,0.0,0.27501512
15369.4,0.0,-0.06782532,0.0,0.47517824
15369.6,0.0,0.03264618,0.0,0.15915966
15369.8,0.0,-0.34965515,0.0,0.17952132
15370.0,0.0,-0.103759766,0.0,0.19315886
15370.2,0.0,-0.06977844,0.0,0.08039689
15370.4,0.0,0.053581238,0.0,0.33570957
15370.6,0.0,-0.3066635,0.0,0.16367197
15370.8,0.0,-0.32561493,0.0,0.09386325
15371.0,0.0,-0.58956146,0.0,0.21534705
15371.2,0.0,-0.5303192,0.0,0.18809485
15371.4,0.0,0.23397064,0.0,0.29014325
15371.6,0.0,-0.8541641,0.0,0.4106164
15371.8,0.0,-0.67154694,0.0,0.16503096
15372.0,0.0,-0.48030853,0.0,0.32707024
15372.2,0.0,-0.52581024,0.0,0.13914895
15372.4,0.0,-0.66871643,0.0,0.09449124
15372.6,0.0,-1.3223572,0.0,0.22413158
15372.8,0.0,-0.08705139,0.0,0.16729116
15373.0,0.0,-1.128006,0.0,0.1606996
15373.2,0.0,-0.43152618,0.0,0.27655983
15373.4,0.0,-0.74121094,0.0,0.3186612
15373.6,0.0,-0.1958313,0.0,0.29221392
15373.8,0.0,-0.5380478,0.0,0.34062362
15374.0,0.0,-1.2191544,0.0,0.31844568
15374.2,0.0,-0.54222107,0.0,0.07873201
15374.4,0.0,-0.6615982,0.0,0.18343854
15374.6,0.0,-0.36410522,0.0,0.19398165
15374.8,0.0,-0.88742065,0.0,0.26726747
15375.0,0.0,-0.123168945,0.0,0.22858787
15375.2,0.0,-0.84381104,0.0,0.42924118
15375.4,0.0,-0.79145813,0.0,0.2915337
15375.6,0.0,-0.7808838,0.0,0.176126
15375.8,0.0,-0.43132782,0.0,0.14502215
15376.0,0.0,-1.0569,0.0,0.31081748
15376.2,0.0,-0.34646606,0.0,0.15528178
15376.4,0.0,-0.81565094,0.0,0.18668032
15376.6,0.0,-0.8531265,0.0,0.23345947
15376.8,0.0,-0.23557281,0.0,0.17104506
15377.0,0.0,-0.53697205,0.0,0.08050823
15377.2,0.0,0.77298737,0.0,0.03969693
15377.4,0.0,0.16719055,0.0,0.081520796
15377.6,0.0,-0.1131897,0.0,0.17742133
15377.8,0.0,-0.5617218,0.0,0.26045084
15378.0,0.0,-0.98360443,0.0,0.32581377
15378.2,0.0,0.018836975,0.0,0.09248328
15378.4,0.0,-0.11357117,0.0,0.10897899
15378.6,0.0,-0.7056427,0.0,0.30546975
15378.8,0.0,0.2841797,0.0,0.15296006
15379.0,0.0,-0.6191101,0.0,0.28208804
15379.2,0.0,-0.47837067,0.0,0.21421766
15379.4,0.0,0.007637024,0.0,0.084578276
15379.6,0.0,-0.8761902,0.0,0.15321732
15379.8,0.0,-1.101265,0.0,0.15341687
15380.0,0.0,-0.32658386,0.0,0.084694386
15380.2,0.0,-0.7396698,0.0,0.1784327
15380.4,0.0,-0.28781128,0.0,0.2607007
15380.6,0.0,-0.49110413,0.0,0.21763468
15380.8,0.0,-0.5091171,0.0,0.2732408
15381.0,0.0,-0.7335129,0.0,0.16926837
15381.2,0.0,-0.32437897,0.0,0.07127333
15381.4,0.0,-0.54691315,0.0,0.07723904
15381.6,0.0,0.3317566,0.0,0.03186679
15381.8,0.0,-0.21916962,0.0,0.11889219
15382.0,0.0,-0.042373657,0.0,0.23736405
15382.2,0.0,-0.9785538,0.0,0.30504704
15382.4,0.0,-0.70719147,0.0,0.124435425
15382.6,0.0,-0.12309265,0.0,0.13981652
15382.8,0.0,-0.5406647,0.0,0.27463794
15383.0,0.0,-0.52441406,0.0,0.29219007
15383.2,0.0,-0.92396545,0.0,0.17462587
15383.4,0.0,-1.1739731,0.0,0.17876935
15383.6,0.0,-0.7110214,0.0,0.16612267
15383.8,0.0,-1.0053406,0.0,0.20620918
15384.0,0.0,-0.06291199,0.0,0.21725059
15384.2,0.0,-0.6026993,0.0,0.21872163
15384.4,0.0,-0.49438477,0.0,0.169842
15384.6,0.0,-0.8979416,0.0,0.18762326
15384.8,0.0,-0.46511078,0.0,0.18677044
15385.0,0.0,-0.1200943,0.0,0.16694713
15385.2,0.0,-0.25113678,0.0,0.1240046
15385.4,0.0,-0.8713684,0.0,0.17526293
15385.6,0.0,0.0414505,0.0,0.061374903
15385.8,0.0,1.0039825,0.0,0.015292168
15386.0,0.0,0.13628387,0.0,0.07868862
15386.2,0.0,-0.50419617,0.0,0.14294219
15386.4,0.0,-0.27384186,0.0,0.34152532
15386.6,0.0,-0.106147766,0.0,0.119877815
15386.8,0.0,0.039611816,0.0,0.09050012
15387.0,0.0,-0.09991455,0.0,0.08239484
15387.2,0.0,-0.3986969,0.0,0.102170944
15387.4,0.0,-1.0763092,0.0,0.17416143
15387.6,0.0,-0.95951843,0.0,0.48649693
15387.8,0.0,-0.59547424,0.0,0.079214334
15388.0,0.0,-0.045043945,0.0,0.10353851
15388.2,0.0,-0.33120728,0.0,0.2422862
15388.4,0.0,-0.42745972,0.0,0.13734889
15388.6,0.0,-0.23677063,0.0,0.040171146
15388.8,0.0,-0.25435638,0.0,0.14662814
15389.0,0.0,-0.54901123,0.0,0.14300013
15389.2,0.0,-0.6373215,0.0,0.19857812
15389.4,0.0,0.04055786,0.0,0.119264364
15389.6,0.0,-0.16907501,0.0,0.14322805
15389.8,0.0,-0.33963776,0.0,0.19521403
15390.0,0.0,1.6217499,0.0,0.07778597
15390.2,0.0,0.7416382,0.0,0.031956196
15390.4,0.0,0.08769989,0.0,0.2053988
15390.6,0.0,-0.66635895,0.0,0.26325083
15390.8,0.0,0.060279846,0.0,0.29863548
15391.0,0.0,0.18414307,0.0,0.36992264
15391.2,0.0,0.53530884,0.0,0.14389324
15391.4,0.0,0.14086914,0.0,0.329736
15391.6,0.0,-0.1014328,0.0,0.24137187
15391.8,0.0,-0.8915329,0.0,0.26804137
15392.0,0.0,-0.20343018,0.0,0.16821074
15392.2,0.0,-0.65851593,0.0,0.123173
15392.4,0.0,0.5350113,0.0,0.08404422
15392.6,0.0,-0.0012588501,0.0,0.14345598
15392.8,0.0,-0.13018799,0.0,0.05747986
15393.0,0.0,-0.2629776,0.0,0.12680364
15393.2,0.0,0.7160568,0.0,-0.015926361
15393.4,0.0,0.78328705,0.0,-0.019482136
15393.6,0.0,0.7934723,0.0,0.09818697
15393.8,0.0,0.24633789,0.0,0.07412481
15394.0,0.0,-0.35163116,0.0,0.06624985
15394.2,0.0,-0.30352783,0.0,0.08022642
15394.4,0.0,-0.25978088,0.0,0.06814194
15394.6,0.0,-0.86766815,0.0,0.14240861
15394.8,0.0,-0.39582062,0.0,0.17987275
15395.0,0.0,-0.74746704,0.0,0.271127
15395.2,0.0,-0.21038818,0.0,0.1295147
15395.4,0.0,-0.80361176,0.0,0.1414895
15395.6,0.0,-0.27915955,0.0,0.15507197
15395.8,0.0,-0.045570374,0.0,0.18956184
15396.0,0.0,-0.29532623,0.0,0.3654065
15396.2,0.0,-0.109931946,0.0,0.12529516
15396.4,0.0,-0.7730713,0.0,0.22187138
15396.6,0.0,-0.15034485,0.0,0.20733309
15396.8,0.0,2.2740173,0.0,-0.037981033
15397.0,0.0,1.5232162,0.0,-0.10611391
15397.2,0.0,-0.09299469,0.0,0.110266924
15397.4,0.0,0.9012146,0.0,-0.026051521
15397.6,0.0,0.19348145,0.0,0.062436104
15397.8,0.0,0.6526947,0.0,0.27797198
15398.0,0.0,0.83966064,0.0,0.00881815
15398.2,0.0,0.5055542,0.0,0.32533813
15398.4,0.0,0.49710083,0.0,0.13242292
15398.6,0.0,0.14186859,0.0,0.22901583
15398.8,0.0,0.38768768,0.0,0.49486423
15399.0,0.0,1.5084,0.0,0.083337784
15399.2,0.0,1.1872253,0.0,0.13199544
15399.4,0.0,0.18711853,0.0,0.33431315
15399.6,0.0,1.7222748,0.0,-0.0499084
15399.8,0.0,0.49423218,0.0,0.15177703
15400.0,0.0,1.2130814,0.0,0.13467646
15400.2,0.0,1.1054688,0.0,0.5354605
15400.4,0.0,0.061820984,0.0,0.1667571
15400.6,0.0,0.25883484,0.0,0.2507677
15400.8,0.0,-0.23439789,0.0,0.21675324
15401.0,0.0,0.03353882,0.0,0.26106095
15401.2,0.0,0.91322327,0.0,0.020365
15401.4,0.0,0.6095581,0.0,0.5889468
15401.6,0.0,-0.3600006,0.0,0.27280307
15401.8,0.0,0.11919403,0.0,0.11798382
15402.0,0.0,1.5767822,0.0,-0.04213214
15402.2,0.0,-0.21308899,0.0,0.34342337
15402.4,0.0,0.4723053,0.0,-0.019462109
15402.6,0.0,1.3161087,0.0,0.0044043064
15402.8,0.0,0.7626953,0.0,0.33157897
15403.0,0.0,0.6663513,0.0,0.38618112
15403.2,0.0,-0.5083084,0.0,0.34908247
15403.4,0.0,0.40990448,0.0,0.2684586
15403.6,0.0,-0.19972992,0.0,0.46990395
15403.8,0.0,0.17713165,0.0,0.011824369
15404.0,0.0,0.54919434,0.0,0.3464036
15404.2,0.0,0.49693298,0.0,0.3964057
15404.4,0.0,-0.18692017,0.0,0.1082623
15404.6,0.0,0.4349289,0.0,0.5425081
15404.8,0.0,0.4176712,0.0,0.22697687
15405.0,0.0,1.5849609,0.0,-0.019695282
15405.2,0.0,1.2791748,0.0,-0.029426098
15405.4,0.0,0.7570572,0.0,0.15524197
15405.6,0.0,0.71913147,0.0,0.15756941
15405.8,0.0,0.58384705,0.0,0.2499485
15406.0,0.0,1.1120071,0.0,0.23136854
15406.2,0.0,0.8782196,0.0,0.13347244
15406.4,0.0,1.0957565,0.0,0.23655891
15406.6,0.0,1.6212158,0.0,-0.086690426
15406.8,0.0,0.27269745,0.0,0.04632449
15407.0,0.0,0.3832245,0.0,0.1656599
15407.2,0.0,1.4665298,0.0,0.37849236
15407.4,0.0,2.2467346,0.0,1.111495
15407.6,0.0,0.9665985,0.0,-0.045768976
15407.8,0.0,0.6680832,0.0,0.54618096
15408.0,0.0,-0.7088928,0.0,0.19199347
15408.2,0.0,0.8685913,0.0,-0.036305904
15408.4,0.0,1.3588104,0.0,-0.11268616
15408.6,0.0,1.0645599,0.0,0.1673708
15408.8,0.0,1.01017,0.0,0.56130695
15409.0,0.0,0.75037384,0.0,0.4075737
15409.2,0.0,0.5622711,0.0,0.061531305
15409.4,0.0,0.8067093,0.0,0.26246
15409.6,0.0,2.9178238,0.0,0.521338
15409.8,0.0,2.2724686,0.0,0.24293184
15410.0,0.0,1.3216705,0.0,0.42854476
15410.2,0.0,1.5904465,0.0,0.9513502
15410.4,0.0,1.6919937,0.0,0.4540801
15410.6,0.0,1.0537186,0.0,0.05389881
15410.8,0.0,1.6322327,0.0,-0.0856967
15411.0,0.0,1.5433884,0.0,0.041769028
15411.2,0.0,0.47270203,0.0,0.6524589
15411.4,0.0,0.6878586,0.0,0.32420087
15411.6,0.0,2.2232285,0.0,0.22390628
15411.8,0.0,0.61927795,0.0,0.06576276
15412.0,0.0,1.6147461,0.0,0.24872255
15412.2,0.0,2.248787,0.0,0.5846827
15412.4,0.0,0.39517212,0.0,0.3246386
15412.6,0.0,0.99806976,0.0,0.03581953
15412.8,0.0,2.0341415,0.0,0.6568258
15413.0,0.0,1.4405212,0.0,0.3067758
15413.2,0.0,1.2936859,0.0,0.4529817
15413.4,0.0,1.280777,0.0,0.40099287
15413.6,0.0,0.46871948,0.0,0.29550266
15413.8,0.0,0.7694397,0.0,0.55553246
15414.0,0.0,1.0330276,0.0,0.38843513
15414.2,0.0,1.7626877,0.0,0.26990867
15414.4,0.0,2.9211502,0.0,0.48427486
15414.6,0.0,3.832161,0.0,0.8813665
15414.8,0.0,2.2248535,0.0,1.0456011
15415.0,0.0,1.9008026,0.0,1.6367724
15415.2,0.0,1.2748718,0.0,0.7677829
15415.4,0.0,1.2062988,0.0,0.7718053
15415.6,0.0,0.70505524,0.0,0.39989257
15415.8,0.0,2.623787,0.0,0.8688228
15416.0,0.0,1.1742401,0.0,0.84051156
15416.2,0.0,1.6855545,0.0,0.6683626
15416.4,0.0,1.5063705,0.0,0.6617198
15416.6,0.0,1.4806747,0.0,1.9128635
15416.8,0.0,11.222889,0.0,1.5626318
15417.0,0.0,3.1724243,0.0,0.6487622
15417.2,0.0,2.7781677,0.0,1.289907
15417.4,0.0,5.3292313,0.0,2.4700208
15417.6,0.0,1.3362579,0.0,0.9286759
15417.8,0.0,1.1693115,0.0,0.85082054
15418.0,0.0,1.3118896,0.0,1.1219981
15418.2,0.0,1.1138611,0.0,0.8933408
15418.4,0.0,3.565651,0.0,0.18606067
15418.6,0.0,3.9124832,0.0,0.5174339
15418.8,0.0,2.930313,0.0,1.6151984
15419.0,0.0,5.819092,0.0,1.0937607
15419.2,0.0,3.1529922,0.0,0.12350249
15419.4,0.0,1.0278778,0.0,0.35601592
15419.6,0.0,1.8074646,0.0,1.2874596
15419.8,0.0,3.223915,0.0,0.9016342
15420.0,0.0,2.5725174,0.0,0.48361087
15420.2,0.0,2.6182709,0.0,0.9087784
15420.4,0.0,4.534813,0.0,0.34682584
15420.6,0.0,3.0599213,0.0,1.6232004
15420.8,0.0,2.8944397,0.0,1.5808105
15421.0,0.0,2.244522,0.0,0.68596935
15421.2,0.0,1.9986496,0.0,1.0102689
15421.4,0.0,3.42865,0.0,0.92567015
15421.6,0.0,1.5834885,0.0,0.5838945
15421.8,0.0,4.35392,0.0,1.3330393
15422.0,0.0,4.1383896,0.0,2.8090127
15422.2,0.0,2.9304123,0.0,1.3537273
15422.4,0.0,2.0094986,0.0,1.6727974
15422.6,0.0,3.029625,0.0,2.008624
15422.8,0.0,12.941998,0.0,1.1507967
15423.0,0.0,9.55909,0.0,2.517631
15423.2,0.0,5.336441,0.0,3.0482314
15423.4,0.0,1.2388306,0.0,1.7123704
15423.64,0.0,3.171898,0.0,3.0682964
15423.84,0.0,2.5324707,0.0,3.2584445
15424.04,0.0,3.32576,0.0,4.0104074
15424.24,0.0,5.2478714,0.0,3.2862961
15424.44,0.0,2.5567245,0.0,2.1030989
15424.64,0.0,0.95124817,0.0,1.7229116
15424.84,0.0,1.057785,0.0,1.0513518
15425.04,0.0,2.9421768,0.0,2.7153244
15425.24,0.0,1.7062302,0.0,2.5674171
15425.44,0.0,-0.08609772,0.0,3.3380089
15425.64,0.0,5.305626,0.0,1.664597
15425.84,0.0,4.9626846,0.0,2.3617256
15426.04,0.0,6.887314,0.0,4.272211
15426.24,0.0,4.3732376,0.0,4.054936
15426.44,0.0,2.812645,0.0,4.2530074
15426.64,0.0,10.586628,0.0,3.5693753
15426.84,0.0,3.5254135,0.0,4.099342
15427.04,0.0,2.2731323,0.0,2.0567276
15427.24,0.0,3.8982391,0.0,4.261109
15427.44,0.0,3.914688,0.0,3.8486428
15427.64,0.0,4.9479294,0.0,2.6265287
15427.84,0.0,2.620552,0.0,3.334184
15428.04,0.0,0.32855225,0.0,2.8971806
15428.24,0.0,1.1465378,0.0,2.3161633
15428.44,0.0,1.2991562,0.0,0.31537104
15428.64,0.0,3.21138,0.0,0.56927013
15428.84,0.0,9.953133,0.0,0.8449626
15429.04,0.0,7.210228,0.0,0.97726274
15429.24,0.0,4.032547,0.0,2.9539385
15429.44,0.0,5.312233,0.0,1.2848744
15429.64,0.0,4.4124756,0.0,3.5356061
15429.84,0.0,11.839294,0.0,5.0702133
15430.04,0.0,5.577545,0.0,3.0079193
15430.24,0.0,4.3428955,0.0,3.7899654
15430.44,0.0,23.782242,0.0,5.2442517
15430.64,0.0,10.881813,0.0,4.1314087
15430.84,0.0,0.6858444,0.0,2.716848
15431.04,0.0,1.1456375,0.0,3.7437422
15431.24,0.0,3.0968857,0.0,2.8913875
15431.44,0.0,1.4084015,0.0,1.8977683
15431.64,0.0,1.5791931,0.0,4.283338
15431.84,0.0,6.027176,0.0,3.3051836
15432.04,0.0,3.4803162,0.0,3.829722
15432.24,0.0,3.471733,0.0,3.8987105
15432.44,0.0,8.765358,0.0,1.9118567
15432.64,0.0,1.1251526,0.0,2.2158298
15432.84,0.0,0.45163727,0.0,3.906394
15433.04,0.0,1.2679062,0.0,3.594904
15433.24,0.0,2.2943573,0.0,3.7766933
15433.44,0.0,7.113762,0.0,5.9029694
15433.64,0.0,11.411041,0.0,6.3053703
15433.84,0.0,2.2918777,0.0,4.405185
15434.04,133.33,6.0855103,0.0,6.4039674
15434.24,133.33,7.9253845,0.0,6.1223145
15434.44,133.33,3.670555,0.0,3.757415
15434.64,133.33,-1.6404114,0.0,6.162872
15434.84,133.33,1.7295837,0.0,3.3024385
15435.04,133.33,1.003067,0.0,6.2627196
15435.24,133.33,6.463135,0.0,6.1075473
15435.44,133.33,25.64251,0.0,3.2448387
15435.64,133.33,1.3503418,0.0,2.970774
15435.84,133.33,3.0231323,0.0,4.602313
15436.04,133.33,12.647507,0.0,6.3201036
15436.24,133.33,3.2010498,0.0,6.152562
15436.44,133.33,2.2618484,0.0,5.488863
15436.64,133.33,-0.65573883,0.0,5.934808
15436.84,133.33,12.97892,0.0,7.8040447
15437.04,133.33,2.6074524,0.0,7.249043
15437.24,133.33,1.8035278,0.0,7.5618687
15437.44,133.33,14.567986,0.0,8.125397
15437.64,133.33,3.884056,0.0,7.8904967
15437.84,133.33,-0.19889069,0.0,8.270995
15438.04,133.33,-0.054519653,0.0,6.891986
15438.24,133.33,4.756462,0.0,7.5679016
15438.44,133.33,8.539978,0.0,7.562808
15438.64,133.33,-1.2279129,0.0,6.8757467
15438.84,133.33,-2.7923126,0.0,5.508999
15439.04,133.33,3.784027,0.0,7.1145124
15439.24,133.33,-1.2805405,0.0,6.259838
15439.44,133.33,-4.556267,0.0,8.131295
15439.64,133.33,14.79641,0.0,6.9020395
15439.84,133.33,3.6924667,0.0,7.9622087
15440.04,133.33,2.8434448,0.0,7.081606
15440.24,133.33,-2.671051,0.0,8.154697
15440.44,133.33,-0.90200806,0.0,7.527672
15440.64,133.33,3.3078842,0.0,8.021177
15440.84,133.33,25.285366,0.0,7.3480396
15441.04,133.33,22.34692,0.0,3.6020236
15441.24,133.33,-0.3167572,0.0,7.5153756
15441.44,133.33,0.18486786,0.0,6.6959605
15441.64,133.33,-0.3932724,0.0,8.103803
15441.84,133.33,0.5589752,0.0,8.268236
15442.04,133.33,18.695171,0.0,6.6933575
15442.24,133.33,5.6453857,0.0,7.5722017
15442.44,133.33,9.973068,0.0,8.340548
15442.64,133.33,19.534485,0.0,7.7733135
15442.84,133.33,7.314728,0.0,7.1140842
15443.04,133.33,21.942116,0.0,6.707576
15443.24,133.33,7.5734253,0.0,6.2272043
15443.44,133.33,7.198639,0.0,6.5154333
15443.64,133.33,34.33555,0.0,6.8629274
15443.84,133.33,11.349529,0.0,3.226993
15444.04,133.33,15.749847,0.0,6.5623245
15444.24,133.33,24.743004,0.0,6.914938
15444.44,133.33,7.1613007,0.0,7.2785854
15444.64,133.33,3.5951767,0.0,6.769676
15444.84,133.33,11.052128,0.0,8.021087
15445.04,133.33,22.03685,0.0,7.938727
15445.24,133.33,29.963867,0.0,5.6643224
15445.44,133.33,9.458935,0.0,7.5422516
15445.64,133.33,13.575558,0.0,5.008292
15445.84,133.33,22.348484,0.0,8.354442
15446.04,133.33,32.315773,0.0,5.6087117
15446.24,133.33,10.402863,0.0,5.9458823
15446.44,133.33,0.49559784,0.0,7.2750998
15446.64,133.33,19.594772,0.0,5.6213036
15446.84,133.33,8.438721,0.0,6.4580107
15447.04,133.33,7.838997,0.0,6.6794505
15447.24,133.33,18.895634,0.0,7.181534
15447.44,133.33,25.601635,0.0,7.970916
15447.64,133.33,41.209892,0.0,7.172988
15447.84,133.33,17.157867,0.0,8.406734
15448.04,133.33,106.897095,0.0,3.4654105
15448.24,133.33,144.34085,0.0,0.8171325
15448.44,133.33,120.70636,0.0,1.3492696
15448.64,133.33,116.85391,0.0,1.6179545
15448.84,133.33,111.05989,0.0,2.4866476
15449.04,133.33,130.39636,0.0,0.5882075
15449.24,133.33,144.2381,0.0,0.22970271
15449.44,133.33,139.44385,0.0,0.14657903
15449.64,133.33,125.94522,0.0,0.21755552
15449.84,133.33,144.6059,0.0,-0.13982058
15450.04,133.33,122.90469,0.0,0.3386097
15450.24,133.33,128.895,0.0,0.19795275
15450.44,133.33,125.45123,0.0,0.17242885
15450.64,133.33,148.18176,0.0,-0.23531961
15450.84,133.33,147.83325,0.0,-0.09654093
15451.04,133.33,138.92853,0.0,-0.08904648
15451.24,133.33,138.51178,0.0,-0.12653303
15451.44,133.33,164.01306,0.0,-0.33603525
15451.64,133.33,144.5949,0.0,-0.24274254
15451.84,133.33,147.10278,0.0,-0.29818296
15452.04,133.33,171.6524,0.0,-0.40822315
15452.24,133.33,171.40683,0.0,-0.25662565
15452.44,133.33,168.797,0.0,-0.30509377
15452.64,133.33,167.45079,0.0,-0.3813734
15452.84,133.33,169.87735,0.0,-0.41942024
15453.04,133.33,168.83598,0.0,-0.38481236
15453.24,133.33,171.00446,0.0,-0.40782213
15453.44,133.33,157.89673,0.0,-0.3601818
15453.64,133.33,173.36288,0.0,-0.47640276
15453.84,133.33,171.50671,0.0,-0.41176176
15454.04,133.33,169.41055,0.0,-0.42154264
15454.24,133.33,153.7435,0.0,-0.33790112
15454.44,133.33,162.55002,0.0,-0.3071437
15454.64,133.33,166.58684,0.0,-0.3538823
15454.84,133.33,153.3696,0.0,-0.29140806
15455.04,133.33,156.71178,0.0,-0.30237055
15455.24,133.33,154.77643,0.0,-0.2747364
15455.44,133.33,162.56187,0.0,-0.31848574
15455.64,133.33,154.76439,0.0,-0.24285078
15455.84,133.33,151.01276,0.0,-0.21921349
15456.04,133.33,151.92169,0.0,-0.18124771
15456.24,133.33,159.19675,0.0,-0.22582388
15456.44,133.33,169.23462,0.0,-0.22753334
15456.64,133.33,155.71626,0.0,-0.19193125
15456.84,133.33,161.85014,0.0,-0.21283865
15457.04,133.33,165.89633,0.0,-0.24022007
15457.24,133.33,154.4899,0.0,-0.17309856
15457.44,133.33,149.56781,0.0,-0.094872
15457.64,133.33,155.53206,0.0,-0.195086
15457.84,133.33,161.10275,0.0,-0.15052128
15458.04,133.33,160.67072,0.0,-0.16428614
15458.24,133.33,155.86684,0.0,-0.1542244
15458.44,133.33,155.97491,0.0,-0.11495876
15458.64,133.33,170.72864,0.0,-0.20146942
15458.84,133.33,164.53479,0.0,-0.15557241
15459.04,133.33,164.68527,0.0,-0.16604948
15459.24,133.33,172.67807,0.0,-0.23448229
15459.44,133.33,168.9841,0.0,-0.18996286
15459.64,133.33,160.65518,0.0,-0.15253162
15459.84,133.33,162.10214,0.0,-0.11712599
15460.04,133.33,159.31831,0.0,-0.21096563
15460.24,133.33,165.56308,0.0,-0.1792016
15460.44,133.33,161.79575,0.0,-0.14351511
15460.64,133.33,170.2537,0.0,-0.22612906
15460.84,133.33,177.30594,0.0,-0.2719822
15461.04,133.33,169.3251,0.0,-0.23574305
15461.24,133.33,163.5954,0.0,-0.18324947
15461.44,133.33,162.92609,0.0,-0.2051897
15461.64,133.33,162.9629,0.0,-0.21983147
15461.84,133.33,169.2521,0.0,-0.26199722
15462.04,133.33,183.27957,0.0,-0.3145609
15462.24,133.33,173.43661,0.0,-0.27619982
15462.44,133.33,166.16418,0.0,-0.26244974
15462.64,133.33,160.92848,0.0,-0.22251034
15462.84,133.33,166.3186,0.0,-0.2500348
15463.04,133.33,183.13402,0.0,-0.3911109
15463.24,133.33,173.93698,0.0,-0.31873178
15463.44,133.33,174.04858,0.0,-0.31905508
15463.64,133.33,177.42627,0.0,-0.33152533
15463.84,133.33,168.4386,0.0,-0.31502247
15464.04,133.33,157.12143,0.0,-0.22946739
15464.24,133.33,162.72256,0.0,-0.29080963
15464.44,133.33,159.77438,0.0,-0.30812645
15464.64,133.33,167.9494,0.0,-0.3357339
15464.84,133.33,167.7247,0.0,-0.2950101
15465.04,133.33,166.70068,0.0,-0.35122538
15465.24,133.33,151.92703,0.0,-0.23908663
15465.44,133.33,168.64075,0.0,-0.37602806
15465.64,133.33,168.22366,0.0,-0.34360838
15465.84,133.33,167.23645,0.0,-0.35254288
15466.04,133.33,172.31201,0.0,-0.36741972
15466.24,133.33,185.2461,0.0,-0.47960997
15466.44,133.33,169.17725,0.0,-0.37863827
15466.64,133.33,164.0125,0.0,-0.39802313
15466.84,133.33,161.89336,0.0,-0.37570238
15467.04,133.33,163.43295,0.0,-0.38534832
15467.24,133.33,174.32867,0.0,-0.37842035
15467.44,133.33,170.43384,0.0,-0.42306232
15467.64,133.33,168.12735,0.0,-0.42391968
15467.84,133.33,172.98334,0.0,-0.39097834
15468.04,133.33,173.75093,0.0,-0.43522787
15468.24,133.33,162.83981,0.0,-0.43387127
15468.44,133.33,170.1766,0.0,-0.3431568
15468.64,133.33,176.81107,0.0,-0.4971695
15468.84,133.33,165.77014,0.0,-0.42099047
15469.04,133.33,164.69327,0.0,-0.41440105
15469.24,133.33,160.82642,0.0,-0.3698082
15469.44,133.33,161.31944,0.0,-0.399724
15469.64,133.33,166.02606,0.0,-0.42354536
15469.84,133.33,162.6082,0.0,-0.40715742
15470.04,133.33,174.24744,0.0,-0.44478798
15470.24,133.33,173.08374,0.0,-0.4347787
15470.44,133.33,158.15477,0.0,-0.4255929
15470.64,133.33,156.8464,0.0,-0.41490793
15470.84,133.33,170.65117,0.0,-0.45552444
15471.04,133.33,162.3039,0.0,-0.48161602
15471.24,133.33,180.79373,0.0,-0.5087633
15471.44,133.33,183.34137,0.0,-0.53837633
15471.64,133.33,174.01178,0.0,-0.45652294
15471.84,133.33,159.59665,0.0,-0.45326233
15472.04,133.33,157.9845,0.0,-0.41307116
15472.24,133.33,168.82939,0.0,-0.5057211
15472.44,133.33,162.61127,0.0,-0.51656437
15472.64,133.33,167.97736,0.0,-0.39944935
15472.84,133.33,164.53177,0.0,-0.41154146
15473.04,133.33,155.49745,0.0,-0.4522543
15473.24,133.33,166.2208,0.0,-0.46768475
15473.44,133.33,167.61385,0.0,-0.480834
15473.64,133.33,159.84006,0.0,-0.4331727
15473.84,133.33,156.25687,0.0,-0.4157486
15474.04,133.33,158.02802,0.0,-0.4206233
15474.24,133.33,163.65613,0.0,-0.46912575
15474.44,133.33,156.77258,0.0,-0.45453072
15474.64,133.33,160.61435,0.0,-0.49064255
15474.84,133.33,162.87808,0.0,-0.5192528
15475.04,133.33,162.36382,0.0,-0.4622755
15475.24,133.33,158.46213,0.0,-0.43952036
15475.44,133.33,164.79297,0.0,-0.4522128
15475.64,133.33,157.78241,0.0,-0.51840067
15475.84,133.33,159.0831,0.0,-0.46860838
15476.04,133.33,161.16656,0.0,-0.48416567
15476.24,133.33,155.85846,0.0,-0.4228096
15476.44,133.33,149.09688,0.0,-0.45904732
15476.64,133.33,152.59846,0.0,-0.3728614
15476.84,133.33,158.35815,0.0,-0.45318747
15477.04,133.33,160.66061,0.0,-0.47977877
15477.24,133.33,145.7834,0.0,-0.39775848
15477.44,133.33,148.13652,0.0,-0.45593643
15477.64,133.33,161.24886,0.0,-0.42075157
15477.84,133.33,149.54756,0.0,-0.45689774
15478.04,133.33,157.08476,0.0,-0.54281235
15478.24,133.33,165.1531,0.0,-0.42134142
15478.44,133.33,161.582,0.0,-0.43995714
15478.64,133.33,151.97694,0.0,-0.49293375
15478.84,133.33,150.31415,0.0,-0.46094465
15479.04,133.33,158.00299,0.0,-0.523231
15479.24,133.33,165.6027,0.0,-0.52672434
15479.44,133.33,148.3032,0.0,-0.44928694
15479.64,133.33,151.69754,0.0,-0.5544934
15479.84,133.33,167.37216,0.0,-0.486372
15480.04,133.33,155.58157,0.0,-0.49289513
15480.24,133.33,156.81429,0.0,-0.5030217
15480.44,133.33,152.35902,0.0,-0.4433794
15480.64,133.33,150.933,0.0,-0.51427555
15480.84,133.33,160.89102,0.0,-0.541657
15481.04,133.33,154.85916,0.0,-0.47037458
15481.24,133.33,151.70059,0.0,-0.58974457
15481.44,133.33,160.05994,0.0,-0.5734377
15481.64,133.33,151.80014,0.0,-0.50749683
15481.84,133.33,161.34601,0.0,-0.64726543
15482.04,133.33,156.58017,0.0,-0.6117587
15482.24,133.33,152.857,0.0,-0.5885658
15482.44,133.33,156.79254,0.0,-0.5484419
15482.64,133.33,151.64474,0.0,-0.61643887
15482.84,133.33,140.92867,0.0,-0.5507431
15483.04,133.33,158.99963,0.0,-0.55641794
15483.24,133.33,161.80737,0.0,-0.5955758
15483.44,133.33,172.68988,0.0,-0.5807085
15483.64,133.33,146.12961,0.0,-0.586946
15483.84,133.33,150.98315,0.0,-0.6418314
15484.04,133.33,158.28468,0.0,-0.5992007
15484.24,133.33,167.94873,0.0,-0.72636175
15484.44,133.33,153.01974,0.0,-0.69458055
15484.64,133.33,162.0694,0.0,-0.5242009
15484.84,133.33,161.83897,0.0,-0.623065
15485.04,133.33,160.70837,0.0,-0.65117264
15485.24,133.33,149.5542,0.0,-0.569674
15485.44,133.33,144.94765,0.0,-0.6547837
15485.64,133.33,166.91965,0.0,-0.59808445
15485.84,133.33,150.66942,0.0,-0.5705247
15486.04,133.33,147.63359,0.0,-0.59558153
15486.24,133.33,161.40573,0.0,-0.58107567
15486.44,133.33,154.57214,0.0,-0.4926896
15486.64,133.33,146.28308,0.0,-0.704473
15486.84,133.33,155.24939,0.0,-0.49531507
15487.04,133.33,134.74,0.0,-0.6123829
15487.24,133.33,159.3792,0.0,-0.66645527
15487.44,133.33,158.10352,0.0,-0.5491061
15487.64,133.33,144.08264,0.0,-0.4965129
15487.84,133.33,149.27676,0.0,-0.6294718
15488.04,133.33,158.43683,0.0,-0.55663586
15488.24,133.33,150.2714,0.0,-0.61507225
15488.44,133.33,156.76297,0.0,-0.61521626
15488.64,133.33,139.7185,0.0,-0.56783533
15488.84,133.33,143.61308,0.0,-0.5301156
15489.04,133.33,153.09184,0.0,-0.50012875
15489.24,133.33,151.76921,0.0,-0.4615364
15489.44,133.33,152.78416,0.0,-0.5678749
15489.64,133.33,165.02652,0.0,-0.43837118
15489.84,133.33,151.19165,0.0,-0.6051569
15490.04,133.33,165.63211,0.0,-0.53071404
15490.24,133.33,154.35107,0.0,-0.46539497
15490.44,133.33,145.47147,0.0,-0.43792248
15490.64,133.33,138.03384,0.0,-0.5045438
15490.84,133.33,147.33911,0.0,-0.62822485
15491.04,133.33,147.48996,0.0,-0.5355315
15491.24,133.33,147.47801,0.0,-0.585011
15491.44,133.33,148.74933,0.0,-0.5272064
15491.64,133.33,159.74278,0.0,-0.5400963
15491.84,133.33,159.07222,0.0,-0.50176096
15492.04,133.33,152.13226,0.0,-0.44836998
15492.24,133.33,147.75595,0.0,-0.5439625
15492.44,133.33,157.90298,0.0,-0.5952511
15492.64,133.33,144.47958,0.0,-0.52944946
15492.84,133.33,151.24828,0.0,-0.56045246
15493.04,133.33,147.18365,0.0,-0.52702045
15493.24,133.33,153.34363,0.0,-0.45524883
15493.44,133.33,150.4764,0.0,-0.45500708
15493.64,133.33,154.41672,0.0,-0.4913516
15493.84,133.33,144.73938,0.0,-0.5250058
15494.04,133.33,148.62836,0.0,-0.51632977
15494.24,133.33,141.15158,0.0,-0.5238733
15494.44,133.33,152.62663,0.0,-0.47575903
15494.64,133.33,146.7308,0.0,-0.50983286
15494.84,133.33,156.12524,0.0,-0.512146
15495.04,133.33,143.10875,0.0,-0.49387026
15495.24,133.33,145.73889,0.0,-0.48602486
15495.44,133.33,158.20743,0.0,-0.58347416
15495.64,133.33,156.0874,0.0,-0.4640875
15495.84,133.33,148.41223,0.0,-0.50487995
15496.04,133.33,154.87695,0.0,-0.45279884
15496.24,133.33,141.93787,0.0,-0.49499178
15496.44,133.33,148.43942,0.0,-0.43566704
15496.64,133.33,153.71771,0.0,-0.4771266
15496.84,133.33,144.30348,0.0,-0.46699715
15497.04,133.33,150.39246,0.0,-0.4330845
15497.24,133.33,144.95352,0.0,-0.47582388
15497.44,133.33,144.08627,0.0,-0.5971036
15497.64,133.33,159.69696,0.0,-0.47696018
15497.84,133.33,148.21179,0.0,-0.4364581
15498.04,133.33,147.11758,0.0,-0.49314928
15498.24,133.33,142.98083,0.0,-0.5026846
15498.44,133.33,141.00414,0.0,-0.52347565
15498.64,133.33,156.89987,0.0,-0.52565
15498.84,133.33,153.68942,0.0,-0.4580555
15499.04,133.33,148.72879,0.0,-0.53398705
15499.24,133.33,153.55472,0.0,-0.51006365
15499.44,133.33,143.22388,0.0,-0.416687
15499.64,133.33,145.1836,0.0,-0.53704786
15499.84,133.33,146.62018,0.0,-0.44239187
15500.04,133.33,145.30118,0.0,-0.56700516
15500.24,133.33,152.38512,0.0,-0.51267767
15500.44,133.33,154.71248,0.0,-0.46027994
15500.64,133.33,142.80475,0.0,-0.41665268
15500.84,133.33,150.05739,0.0,-0.53231955
15501.04,133.33,157.0542,0.0,-0.46882534
15501.24,133.33,141.92224,0.0,-0.39968872
15501.44,133.33,139.64584,0.0,-0.48386908
15501.64,133.33,145.84836,0.0,-0.48378658
15501.84,133.33,144.14233,0.0,-0.5061488
15502.04,133.33,149.62318,0.0,-0.4633217
15502.24,133.33,142.56592,0.0,-0.32282448
15502.44,133.33,145.30551,0.0,-0.52485085
15502.64,133.33,155.14684,0.0,-0.40124846
15502.84,133.33,142.51599,0.0,-0.51016426
15503.04,133.33,144.99445,0.0,-0.3829341
15503.24,133.33,148.023,0.0,-0.5150423
15503.44,133.33,147.73822,0.0,-0.4345317
15503.64,133.33,149.7627,0.0,-0.45318174
15503.84,133.33,144.43408,0.0,-0.37953138
15504.04,133.33,141.75352,0.0,-0.55328035
15504.24,133.33,150.9484,0.0,-0.53406143
15504.44,133.33,144.62737,0.0,-0.375803
15504.64,133.33,138.55234,0.0,-0.4008808
15504.84,133.33,151.72726,0.0,-0.48962736
15505.04,133.33,147.6026,0.0,-0.4438429
15505.24,133.33,151.53726,0.0,-0.39486837
15505.44,133.33,155.11432,0.0,-0.4554038
15505.64,133.33,150.97144,0.0,-0.3631544
15505.84,133.33,142.2701,0.0,-0.3895321
15506.04,133.33,140.48627,0.0,-0.41619635
15506.24,133.33,149.82336,0.0,-0.3443508
15506.44,133.33,142.62723,0.0,-0.3662405
15506.64,133.33,140.74014,0.0,-0.4342289
15506.84,133.33,148.2869,0.0,-0.49604082
15507.04,133.33,151.32852,0.0,-0.36782694
15507.24,133.33,149.02075,0.0,-0.46223497
15507.44,133.33,138.5168,0.0,-0.4102726
15507.64,133.33,141.97958,0.0,-0.49698162
15507.84,133.33,145.70097,0.0,-0.4523878
15508.04,133.33,145.52625,0.0,-0.37139416
15508.24,133.33,140.88196,0.0,-0.3755684
15508.44,133.33,149.45934,0.0,-0.38938808
15508.64,133.33,146.97101,0.0,-0.35344267
15508.84,133.33,145.39949,0.0,-0.36187077
15509.04,133.33,140.12962,0.0,-0.344985
15509.24,133.33,134.28851,0.0,-0.5259452
15509.44,133.33,146.27783,0.0,-0.35159206
15509.64,133.33,137.84201,0.0,-0.35668564
15509.84,133.33,142.90152,0.0,-0.35228682
15510.04,133.33,137.01665,0.0,-0.32740545
15510.24,133.33,152.17915,0.0,-0.47781563
15510.44,133.33,151.72049,0.0,-0.3462081
15510.64,133.33,147.10849,0.0,-0.40455675
15510.84,133.33,147.20332,0.0,-0.3636155
15511.04,133.33,150.4863,0.0,-0.5029602
15511.24,133.33,148.86487,0.0,-0.44682217
15511.44,133.33,149.72565,0.0,-0.38807297
15511.64,133.33,146.16238,0.0,-0.4042778
15511.84,133.33,154.27586,0.0,-0.3746333
15512.04,133.33,150.07367,0.0,-0.31080723
15512.24,133.33,154.94702,0.0,-0.2824459
15512.44,133.33,152.88863,0.0,-0.33338308
15512.64,133.33,152.04385,0.0,-0.2626667
15512.84,133.33,143.3331,0.0,-0.32849073
15513.04,133.33,147.92264,0.0,-0.30552006
15513.24,133.33,150.70908,0.0,-0.3769908
15513.44,133.33,149.14627,0.0,-0.32841635
15513.64,133.33,153.05205,0.0,-0.26373053
15513.84,133.33,154.71371,0.0,-0.2884822
15514.04,133.33,158.5607,0.0,-0.28458786
15514.24,133.33,154.14342,0.0,-0.22835207
15514.44,133.33,145.6596,0.0,-0.22374868
15514.64,133.33,153.17458,0.0,-0.30383205
15514.84,133.33,139.9762,0.0,-0.33845758
15515.04,133.33,140.87889,0.0,-0.42565632
15515.24,133.33,161.9025,0.0,-0.2514429
15515.44,133.33,154.44656,0.0,-0.23154068
15515.64,133.33,157.79376,0.0,-0.29832315
15515.84,133.33,154.21709,0.0,-0.23865509
15516.04,133.33,152.4133,0.0,-0.18795156
15516.24,133.33,152.3719,0.0,-0.25565672
15516.44,133.33,153.7604,0.0,-0.38213587
15516.64,133.33,160.51634,0.0,-0.25311947
15516.84,133.33,149.56569,0.0,-0.26948786
15517.04,133.33,158.6506,0.0,-0.20093632
15517.24,133.33,148.7751,0.0,-0.34999657
15517.44,133.33,142.66559,0.0,-0.23217201
15517.64,133.33,147.09523,0.0,-0.2908125
15517.84,133.33,140.93286,0.0,-0.31769657
15518.04,133.33,145.66031,0.0,-0.44198895
15518.24,133.33,148.4011,0.0,-0.3169117
15518.44,133.33,156.5608,0.0,-0.21278715
15518.64,133.33,146.85437,0.0,-0.26189566
15518.84,133.33,147.98224,0.0,-0.22682238
15519.04,133.33,139.16342,0.0,-0.24444962
15519.24,133.33,138.26509,0.0,-0.37040615
15519.44,133.33,140.11205,0.0,-0.2001853
15519.64,133.33,136.4164,0.0,-0.2618289
15519.84,133.33,140.31418,0.0,-0.334167
15520.04,133.33,135.5243,0.0,-0.16846895
15520.24,133.33,143.61572,0.0,-0.32199192
15520.44,133.33,151.65831,0.0,-0.23484468
15520.64,133.33,140.6766,0.0,-0.27109098
15520.84,133.33,146.24255,0.0,-0.1362648
15521.04,133.33,142.42505,0.0,-0.35323238
15521.24,133.33,142.27658,0.0,-0.17471361
15521.44,133.33,126.291336,0.0,-0.29544544
15521.64,133.33,134.7081,0.0,-0.23831606
15521.84,133.33,138.06017,0.0,-0.24426937
15522.04,133.33,146.34274,0.0,-0.22003841
15522.24,133.33,157.17865,0.0,-0.20036507
15522.44,133.33,142.33087,0.0,-0.2798233
15522.64,133.33,142.80237,0.0,-0.24925566
15522.84,133.33,126.4248,0.0,-0.15282393
15523.04,133.33,139.58783,0.0,-0.1316719
15523.24,133.33,114.939514,0.0,-0.15289688
15523.44,133.33,132.61064,0.0,-0.30366468
15523.64,133.33,126.632935,0.0,-0.3342781
15523.84,133.33,140.05634,0.0,-0.24948978
15524.04,133.33,104.9469,0.0,-0.3415532
15524.24,133.33,136.01933,0.0,-0.20911694
15524.44,133.33,121.36516,0.0,-0.09319925
15524.64,133.33,126.90199,0.0,-0.18549776
15524.84,133.33,123.93873,0.0,-0.13558578
15525.04,133.33,132.49593,0.0,-0.22188997
15525.24,133.33,112.507,0.0,-0.14827871
15525.44,133.33,106.45007,0.0,-0.19555855
15525.64,133.33,102.007164,0.0,-0.19301891
15525.84,133.33,112.17187,0.0,-0.23797035
15526.04,133.33,84.705734,0.0,-0.20560074
15526.24,133.33,109.89435,0.0,-0.19606972
15526.44,133.33,93.209785,0.0,-0.2805009
15526.64,133.33,106.59222,0.0,-0.2804427
15526.84,133.33,110.42746,0.0,-0.3451891
15527.04,133.33,108.68483,0.0,-0.14639664
15527.24,133.33,99.26371,0.0,-0.16340971
15527.44,133.33,84.98509,0.0,-0.20196629
15527.64,133.33,114.88489,0.0,-0.17238474
15527.84,133.33,106.490105,0.0,-0.18495083
15528.04,133.33,106.02192,0.0,-0.023073912
15528.24,133.33,78.75736,0.0,-0.26475716
15528.44,133.33,99.96653,0.0,-0.29288244
15528.64,133.33,72.127304,0.0,-0.25499249
15528.84,133.33,70.57493,0.0,-0.18465137
15529.04,133.33,64.31819,0.0,-0.22608042
15529.24,133.33,92.7686,0.0,-0.20951605
15529.44,133.33,88.50874,0.0,-0.3078661
15529.64,133.33,71.91439,0.0,-0.15482426
15529.84,133.33,87.20956,0.0,-0.26619387
15530.04,133.33,104.402725,0.0,-0.17424202
15530.24,133.33,99.89252,0.0,-0.07736158
15530.44,133.33,62.670853,0.0,-0.06319213
15530.64,133.33,71.785065,0.0,-0.24487162
15530.84,133.33,68.79023,0.0,-0.0588727
15531.04,133.33,83.31737,0.0,-0.038322687
15531.24,133.33,74.01765,0.0,-0.25248146
15531.44,133.33,69.48333,0.0,-0.14002657
15531.64,133.33,55.77623,0.0,-0.027119637
15531.84,133.33,59.509247,0.0,0.014046192
15532.04,133.33,54.968414,0.0,-0.101297855
15532.24,133.33,75.73453,0.0,-0.27263212
15532.44,133.33,84.155045,0.0,-0.055248737
15532.64,133.33,56.742043,0.0,-0.18245459
15532.84,133.33,59.328003,0.0,-0.16742563
15533.04,133.33,77.82439,0.0,-0.28525782
15533.24,133.33,55.220005,0.0,-0.1473751
15533.44,133.33,43.66375,0.0,-0.20739985
15533.64,133.33,68.47393,0.0,-0.19984579
15533.84,133.33,38.773853,0.0,-0.15341425
15534.04,0.0,45.410614,0.0,-0.3064909
15534.24,0.0,46.704895,0.0,-0.24472141
15534.44,0.0,40.152077,0.0,-0.29178905
15534.64,0.0,49.374207,0.0,-0.12248278
15534.84,0.0,37.907604,0.0,-0.16351366
15535.04,0.0,47.04638,0.0,-0.1123271
15535.24,0.0,31.949211,0.0,-0.3978715
15535.44,0.0,39.654396,0.0,-0.15807486
15535.64,0.0,31.176342,0.0,-0.23241854
15535.84,0.0,29.381355,0.0,-0.43619776
15536.04,0.0,29.914986,0.0,-0.2053523
15536.24,0.0,36.370853,0.0,-0.27777004
15536.44,0.0,28.104618,0.0,-0.13231039
15536.64,0.0,25.91742,0.0,-0.26373243
15536.84,0.0,29.86076,0.0,-0.23166132
15537.04,0.0,21.127522,0.0,-0.14983463
15537.24,0.0,20.023323,0.0,-0.16511297
15537.44,0.0,26.726757,0.0,-0.25726175
15537.64,0.0,22.676727,0.0,-0.2503085
15537.84,0.0,26.355946,0.0,-0.22944593
15538.04,0.0,23.388477,0.0,-0.44161654
15538.24,0.0,9.789352,0.0,-0.21345186
15538.44,0.0,22.620338,0.0,-0.34474707
15538.64,0.0,9.430191,0.0,-0.22196674
15538.84,0.0,12.572792,0.0,-0.44257784
15539.04,0.0,12.126926,0.0,-0.22642708
15539.24,0.0,22.909931,0.0,-0.37322474
15539.44,0.0,16.480534,0.0,-0.32210588
15539.64,0.0,8.874695,0.0,-0.17336512
15539.84,0.0,15.305012,0.0,-0.28028345
15540.04,0.0,15.56152,0.0,-0.24219513
15540.24,0.0,17.435303,0.0,-0.25180197
15540.44,0.0,11.414902,0.0,-0.33392096
15540.64,0.0,14.359383,0.0,-0.06255722
15540.84,0.0,16.564651,0.0,-0.2853303
15541.04,0.0,10.058399,0.0,-0.30234146
15541.24,0.0,24.820652,0.0,-0.31772947
15541.44,0.0,14.045971,0.0,-0.38128328
15541.64,0.0,25.791904,0.0,-0.53119326
15541.84,0.0,19.303902,0.0,-0.2288084
15542.04,0.0,14.157658,0.0,-0.37199593
15542.24,0.0,24.752441,0.0,-0.34345007
15542.44,0.0,15.555683,0.0,-0.23727608
15542.64,0.0,16.392307,0.0,-0.42350292
15542.84,0.0,33.562016,0.0,-0.21293402
15543.04,0.0,22.697464,0.0,-0.33177567
15543.24,0.0,20.044361,0.0,-0.34445858
15543.44,0.0,41.168903,0.0,-0.222826
15543.64,0.0,14.582191,0.0,-0.35369396
15543.84,0.0,16.111012,0.0,-0.46563387
15544.04,0.0,48.158268,0.0,-0.4533224
15544.24,0.0,22.928932,0.0,-0.31402922
15544.44,0.0,28.736214,0.0,-0.40434265
15544.64,0.0,26.623783,0.0,-0.2699194
15544.84,0.0,33.936474,0.0,-0.6970892
15545.04,0.0,25.011368,0.0,-0.37336826
15545.24,0.0,33.84554,0.0,-0.43713713
15545.44,0.0,25.322247,0.0,-0.36301327
15545.64,0.0,57.349674,0.0,-0.66110086
15545.84,0.0,39.69516,0.0,-0.3205781
15546.04,0.0,41.10213,0.0,-0.4547577
15546.24,0.0,44.473564,0.0,-0.4494877
15546.44,0.0,28.962387,0.0,-0.2536106
15546.64,0.0,24.658054,0.0,-0.35795355
15546.84,0.0,28.401924,0.0,-0.3357129
15547.04,0.0,25.647625,0.0,-0.45599222
15547.24,0.0,40.379845,0.0,-0.4626193
15547.44,0.0,40.74953,0.0,-0.67470264
15547.64,0.0,47.57632,0.0,-0.5834584
15547.84,0.0,18.985634,0.0,-0.36159563
15548.04,0.0,28.307686,0.0,-0.38764954
15548.24,0.0,24.596676,0.0,-0.44520426
15548.44,0.0,26.39692,0.0,-0.32517195
15548.64,0.0,15.226284,0.0,-0.0724287
15548.84,0.0,23.383701,0.0,-0.13485861
15549.04,0.0,21.517403,0.0,-0.27545977
15549.24,0.0,16.149761,0.0,-0.100871086
15549.44,0.0,14.942715,0.0,-0.29610825
15549.64,0.0,9.615974,0.0,-0.20487976
15549.84,0.0,13.846985,0.0,-0.16001129
15550.04,0.0,10.003529,0.0,-0.13951397
15550.24,0.0,7.9316177,0.0,-0.1141305
15550.44,0.0,10.119907,0.0,-0.076238155
15550.64,0.0,9.083206,0.0,-0.1422596
15550.84,0.0,7.121132,0.0,-0.07563448
15551.04,0.0,7.5270386,0.0,-0.022758245
15551.24,0.0,7.0280075,0.0,-0.0833292
15551.44,0.0,8.456802,0.0,-0.048353195
15551.64,0.0,6.665207,0.0,-0.044153214
15551.84,0.0,6.398987,0.0,-0.051746607
15552.04,0.0,5.5146713,0.0,0.01598382
15552.24,0.0,5.576065,0.0,0.030446291
15552.44,0.0,4.241585,0.0,0.05184722
15552.64,0.0,6.8987274,0.0,-0.032488346
15552.84,0.0,6.433731,0.0,0.008119106
15553.04,0.0,4.996399,0.0,0.053260088
15553.24,0.0,4.659477,0.0,0.072943926
15553.44,0.0,5.128433,0.0,0.062693834
15553.64,0.0,5.003937,0.0,0.08560252
15553.84,0.0,4.8043365,0.0,0.0636971
15554.04,0.0,5.7250443,0.0,0.04774928
15554.24,0.0,5.5069504,0.0,0.0567832
15554.44,0.0,3.7738495,0.0,0.17174172
15554.64,0.0,4.048813,0.0,0.17463279
15554.84,0.0,4.5864563,0.0,0.07857013
15555.04,0.0,4.7539062,0.0,0.11811733
15555.24,0.0,4.317192,0.0,0.09756279
15555.44,0.0,4.9613266,0.0,0.0919857
15555.64,0.0,3.9151688,0.0,0.117343426
15555.84,0.0,5.951111,0.0,0.044312
15556.04,0.0,4.025482,0.0,0.16264105
15556.24,0.0,3.530838,0.0,0.23214555
15556.44,0.0,3.1426697,0.0,0.23748422
15556.64,0.0,3.8582306,0.0,0.18894696
15556.84,0.0,3.4919052,0.0,0.20835114
15557.04,0.0,2.8034286,0.0,0.2606156
15557.24,0.0,2.5147705,0.0,0.26167417
15557.44,0.0,2.8544846,0.0,0.17971897
15557.64,0.0,4.769478,0.0,0.11688495
15557.84,0.0,3.9700623,0.0,0.15376997
15558.04,0.0,2.9150848,0.0,0.22687316
15558.24,0.0,2.5281372,0.0,0.22413135
15558.44,0.0,2.8753357,0.0,0.24407744
15558.64,0.0,3.2026443,0.0,0.25224423
15558.84,0.0,2.653305,0.0,0.25405908
15559.04,0.0,2.2486038,0.0,0.2460556
15559.24,0.0,2.587471,0.0,0.2729423
15559.44,0.0,2.0139236,0.0,0.32578516
15559.64,0.0,1.930603,0.0,0.36779833
15559.84,0.0,1.6006012,0.0,0.3862126
15560.04,0.0,2.3807678,0.0,0.2771833
15560.24,0.0,2.5275726,0.0,0.24101019
15560.44,0.0,2.8857727,0.0,0.1711533
15560.64,0.0,2.1111908,0.0,0.32589006
15560.84,0.0,2.482277,0.0,0.21249771
15561.04,0.0,2.6665192,0.0,0.21937823
15561.24,0.0,2.163292,0.0,0.24869156
15561.44,0.0,2.382431,0.0,0.24204278
15561.64,0.0,2.475151,0.0,0.21669078
15561.84,0.0,2.3531723,0.0,0.29402757
15562.04,0.0,1.5337296,0.0,0.3942635
15562.24,0.0,1.9386139,0.0,0.35380244
15562.44,0.0,1.9890213,0.0,0.3104174
15562.64,0.0,1.831131,0.0,0.30539012
15562.84,0.0,1.9533157,0.0,0.30638504
15563.04,0.0,2.179634,0.0,0.27891207
15563.24,0.0,1.305275,0.0,0.43998218
15563.44,0.0,2.0153198,0.0,0.342705
15563.64,0.0,1.1336746,0.0,0.44562268
15563.84,0.0,1.4058762,0.0,0.35777593
15564.04,0.0,2.6672134,0.0,0.18979406
15564.24,0.0,1.5849457,0.0,0.31030083
15564.44,0.0,1.970871,0.0,0.28287482
15564.64,0.0,1.7867355,0.0,0.25847483
15564.84,0.0,1.890831,0.0,0.26724625
15565.04,0.0,1.8149872,0.0,0.34155774
15565.24,0.0,0.87233734,0.0,0.44626832
15565.44,0.0,1.0132294,0.0,0.46559477
15565.64,0.0,1.2181549,0.0,0.3869295
15565.84,0.0,1.0370178,0.0,0.50422335
15566.04,0.0,0.8755264,0.0,0.444551
15566.24,0.0,1.5948334,0.0,0.2407589
15566.44,0.0,1.3470764,0.0,0.34336066
15566.64,0.0,1.576088,0.0,0.33828044
15566.84,0.0,0.9356079,0.0,0.35485697
15567.04,0.0,1.8633499,0.0,0.28203225
15567.24,0.0,1.2470856,0.0,0.32613707
15567.44,0.0,1.1213531,0.0,0.33942056
15567.64,0.0,1.5949707,0.0,0.33459592
15567.84,0.0,1.5393753,0.0,0.23330307
15568.04,0.0,1.9803467,0.0,0.24211669
15568.24,0.0,1.5344543,0.0,0.31171465
15568.44,0.0,2.1412048,0.0,0.21288705
15568.64,0.0,1.5683517,0.0,0.28234124
15568.84,0.0,1.9649734,0.0,0.24355555
15569.04,0.0,1.5690079,0.0,0.2850201
15569.24,0.0,1.5552216,0.0,0.28679466
15569.44,0.0,1.3569717,0.0,0.37863874
15569.64,0.0,1.6764603,0.0,0.337826
15569.84,0.0,1.1034851,0.0,0.44837117
15570.04,0.0,1.4466705,0.0,0.29864764
15570.24,0.0,1.2601929,0.0,0.2869084
15570.44,0.0,1.7832336,0.0,0.21097636
15570.64,0.0,1.5393829,0.0,0.26979518
15570.84,0.0,1.3985977,0.0,0.22749162
15571.04,0.0,1.6227646,0.0,0.20816302
15571.24,0.0,1.8560181,0.0,0.18028665
15571.44,0.0,2.3644867,0.0,0.13918066
15571.64,0.0,1.1246109,0.0,0.21872449
15571.84,0.0,2.0365753,0.0,0.15060043
15572.04,0.0,1.906601,0.0,0.14292717
15572.24,0.0,1.9849777,0.0,0.12265897
15572.44,0.0,1.9408646,0.0,0.14138007
15572.64,0.0,1.9009323,0.0,0.17989326
15572.84,0.0,1.5983963,0.0,0.21813273
15573.04,0.0,1.3718872,0.0,0.1560533
15573.24,0.0,1.8381042,0.0,0.18748069
15573.44,0.0,1.7271194,0.0,0.11481738
15573.64,0.0,1.3933105,0.0,0.17027712
15573.84,0.0,1.3334122,0.0,0.14803457
15574.04,0.0,2.2578964,0.0,0.08719921
15574.24,0.0,1.757225,0.0,0.124578476
15574.44,0.0,1.413063,0.0,0.17419147
15574.64,0.0,1.6429138,0.0,0.10683417
15574.84,0.0,1.4854202,0.0,0.11561084
15575.04,0.0,1.6190262,0.0,0.13636398
15575.24,0.0,1.8626251,0.0,0.12071347
15575.44,0.0,1.8244934,0.0,0.07295847
15575.64,0.0,1.501564,0.0,0.106763124
15575.84,0.0,1.7969284,0.0,0.12998056
15576.04,0.0,1.5241089,0.0,0.1501534
15576.24,0.0,1.0865402,0.0,0.115870714
15576.44,0.0,1.3812485,0.0,0.11292529
15576.64,0.0,1.1130066,0.0,0.19004178
15576.84,0.0,0.9785843,0.0,0.18165398
15577.04,0.0,1.2234421,0.0,0.15421414
15577.24,0.0,1.196167,0.0,0.1278441
15577.44,0.0,1.4161758,0.0,0.15554619
15577.64,0.0,1.3033066,0.0,0.1118896
15577.84,0.0,1.9924088,0.0,0.06864166
15578.04,0.0,1.3451309,0.0,0.12593842
15578.24,0.0,0.766098,0.0,0.14855719
15578.44,0.0,1.5158615,0.0,0.11831379
15578.64,0.0,1.1283569,0.0,0.122069836
15578.84,0.0,0.97434235,0.0,0.18076158
15579.04,0.0,0.8474045,0.0,0.111456394
15579.24,0.0,1.3517227,0.0,0.106675625
15579.44,0.0,1.061943,0.0,0.113286495
15579.64,0.0,1.5258331,0.0,0.0510664
15579.84,0.0,1.3253021,0.0,0.09646964
15580.04,0.0,1.0652161,0.0,0.14058352
15580.24,0.0,0.6991577,0.0,0.09792423
15580.44,0.0,1.5243454,0.0,0.07036686
15580.64,0.0,0.9575043,0.0,0.11633921
15580.84,0.0,1.3347168,0.0,0.06473684
15581.04,0.0,1.1406555,0.0,0.106342554
15581.24,0.0,0.7220917,0.0,0.1390655
15581.44,0.0,1.5563736,0.0,0.04934883
15581.64,0.0,1.2795792,0.0,0.0637877
15581.84,0.0,1.7670822,0.0,0.0132603645
15582.04,0.0,1.5666733,0.0,0.044505596
15582.24,0.0,1.0223465,0.0,0.120257616
15582.44,0.0,1.1648483,0.0,0.002835989
15582.64,0.0,1.8326721,0.0,0.004588604
15582.84,0.0,2.2653503,0.0,-0.00023126602
15583.04,0.0,1.9206467,0.0,0.034855604
15583.24,0.0,1.4301758,0.0,0.028141737
15583.44,0.0,1.9265747,0.0,0.014464855
15583.64,0.0,1.4111176,0.0,0.078532696
15583.84,0.0,1.0847397,0.0,0.05638194
15584.04,0.0,1.5418549,0.0,0.0119662285
15584.24,0.0,1.1902847,0.0,0.020045042
15584.44,0.0,1.5656891,0.0,0.07548618
15584.64,0.0,0.9810486,0.0,0.052382946
15584.84,0.0,1.9750519,0.0,0.009580612
15585.04,0.0,1.4297867,0.0,0.019112587
15585.24,0.0,1.5166321,0.0,0.06084752
15585.44,0.0,1.0668106,0.0,-0.003124714
15585.64,0.0,1.8091583,0.0,-0.013931751
15585.84,0.0,2.239647,0.0,-0.02566719
15586.04,0.0,1.2825317,0.0,0.040322065
15586.24,0.0,1.4867325,0.0,0.03822708
15586.44,0.0,0.67129517,0.0,0.11527181
15586.64,0.0,0.95342255,0.0,0.18049502
15586.84,0.0,0.8802719,0.0,0.03972602
15587.04,0.0,1.6089478,0.0,0.008437872
15587.24,0.0,1.1361923,0.0,0.0033380985
15587.44,0.0,1.1180344,0.0,0.0494349
15587.64,0.0,1.0892105,0.0,0.10196924
15587.84,0.0,1.01828,0.0,0.049480677
15588.04,0.0,1.3859329,0.0,0.06227994
15588.24,0.0,1.0016403,0.0,-0.016341925
15588.44,0.0,1.9856415,0.0,-0.050103664
15588.64,0.0,1.6784058,0.0,-0.024564743
15588.84,0.0,1.5029144,0.0,0.039742947
15589.04,0.0,1.4379654,0.0,0.122751236
15589.24,0.0,1.384491,0.0,-0.0020415783
15589.44,0.0,1.2752609,0.0,-0.0056684017
15589.64,0.0,1.3936539,0.0,-0.018274546
15589.84,0.0,1.4151688,0.0,-0.058549404
15590.04,0.0,1.4208069,0.0,-0.0048086643
15590.24,0.0,1.0913696,0.0,-0.00815177
15590.44,0.0,1.5359268,0.0,0.053075314
15590.64,0.0,1.1207657,0.0,0.019631147
15590.84,0.0,1.4351501,0.0,-0.00039339066
15591.04,0.0,1.073555,0.0,-0.030364275
15591.24,0.0,1.8472672,0.0,-0.046459913
15591.44,0.0,1.3726807,0.0,-0.0154902935
15591.64,0.0,1.6521301,0.0,-0.024959564
15591.84,0.0,0.93151855,0.0,-0.020407677
15592.04,0.0,1.7017136,0.0,-0.04738593
15592.24,0.0,1.7101669,0.0,-0.07002115
15592.44,0.0,1.3991699,0.0,-0.046425343
15592.64,0.0,1.4499741,0.0,0.023849487
15592.84,0.0,1.0208588,0.0,0.03806281
15593.04,0.0,1.1512527,0.0,-0.032096624
15593.24,0.0,1.8779984,0.0,-0.02899313
15593.44,0.0,1.1207733,0.0,-0.00425148
15593.64,0.0,1.3884506,0.0,-0.030406713
15593.84,0.0,1.4175491,0.0,-0.06960297
15594.04,0.0,2.4775925,0.0,-0.085271835
15594.24,0.0,1.8052979,0.0,-0.0028102398
15594.44,0.0,1.763031,0.0,-0.056491613
15594.64,0.0,2.2626724,0.0,-0.050682068
15594.84,0.0,1.7636337,0.0,-0.028859615
15595.04,0.0,1.4525375,0.0,-0.030428648
15595.24,0.0,1.2793655,0.0,-0.05298066
15595.44,0.0,1.5407867,0.0,-0.052626133
15595.64,0.0,1.2406006,0.0,0.014413118
15595.84,0.0,1.4493866,0.0,-0.029315948
15596.04,0.0,1.9053421,0.0,-0.053509235
15596.24,0.0,1.4521332,0.0,-0.01887393
15596.44,0.0,1.4878616,0.0,-0.0736742
15596.64,0.0,1.7556839,0.0,-0.06430435
15596.84,0.0,2.489952,0.0,-0.062958
15597.04,0.0,2.330391,0.0,-0.07221556
15597.24,0.0,2.2790375,0.0,-0.06158948
15597.44,0.0,1.2073288,0.0,-0.043225527
15597.64,0.0,1.7688522,0.0,-0.09796524
15597.84,0.0,1.4325714,0.0,-0.05428052
15598.04,0.0,1.8740311,0.0,-0.048986435
15598.24,0.0,1.5182114,0.0,-0.04766798
15598.44,0.0,1.3090439,0.0,-0.054609537
15598.64,0.0,1.6761856,0.0,-0.06410146
15598.84,0.0,0.98895264,0.0,-0.0057957172
15599.04,0.0,1.3678284,0.0,-0.058849335
15599.24,0.0,1.4973602,0.0,-0.09328747
15599.44,0.0,1.6534729,0.0,-0.071311
15599.64,0.0,1.5240936,0.0,-0.059785604
15599.84,0.0,0.9009247,0.0,-0.049577236
15600.04,0.0,1.807518,0.0,-0.09139919
15600.24,0.0,2.1600342,0.0,-0.08048916
15600.44,0.0,2.8991318,0.0,-0.047816753
15600.64,0.0,1.3896713,0.0,-0.102804184
15600.84,0.0,2.372818,0.0,-0.097121716
15601.04,0.0,1.5297012,0.0,-0.0046625137
15601.24,0.0,1.2972336,0.0,-0.06164193
15601.44,0.0,1.4230576,0.0,-0.10359526
15601.64,0.0,1.8051987,0.0,-0.074599266
15601.84,0.0,1.250145,0.0,-0.06889415
15602.04,0.0,1.6736984,0.0,-0.050419092
15602.24,0.0,1.5795593,0.0,-0.07872534
15602.44,0.0,1.8370438,0.0,-0.07913256
15602.64,0.0,1.7465515,0.0,-0.09666777
15602.84,0.0,1.7678146,0.0,-0.09961462
15603.04,0.0,2.0458145,0.0,-0.067489624
15603.24,0.0,1.4137421,0.0,-0.08692312
15603.44,0.0,1.6910934,0.0,-0.108478546
15603.64,0.0,1.5932999,0.0,-0.062452078
15603.84,0.0,1.5162048,0.0,-0.12012863
15604.04,0.0,2.0701675,0.0,-0.088251114
15604.24,0.0,2.2358322,0.0,-0.10902119
15604.44,0.0,1.7253036,0.0,-0.086741924
15604.64,0.0,1.9674225,0.0,-0.11312103
15604.84,0.0,2.410759,0.0,-0.117212296
15605.04,0.0,2.1571655,0.0,-0.089570045
15605.24,0.0,1.4456787,0.0,-0.07811117
15605.44,0.0,2.4747467,0.0,-0.10373402
15605.64,0.0,2.0919724,0.0,-0.10028458
15605.84,0.0,1.8576355,0.0,-0.09089661
15606.04,0.0,1.7596588,0.0,-0.09550333
15606.24,0.0,2.5889053,0.0,-0.07530975
15606.44,0.0,1.4312668,0.0,-0.07957792
15606.64,0.0,1.6120911,0.0,-0.057593584
15606.84,0.0,0.7077179,0.0,-0.09396219
15607.04,0.0,1.853569,0.0,-0.10129547
15607.24,0.0,1.6643295,0.0,-0.10985184
15607.44,0.0,2.7240143,0.0,-0.09994936
15607.64,0.0,1.6416626,0.0,-0.09614706
15607.84,0.0,2.429123,0.0,-0.08096266
15608.04,0.0,1.9764099,0.0,-0.101205826
15608.24,0.0,2.131546,0.0,-0.10005665
15608.44,0.0,2.7491608,0.0,-0.102086544
15608.64,0.0,3.4588547,0.0,-0.11257982
15608.84,0.0,2.160225,0.0,-0.11360359
15609.04,0.0,2.421898,0.0,-0.1268282
15609.24,0.0,2.7078934,0.0,-0.14404821
15609.44,0.0,2.660881,0.0,-0.06898713
15609.64,0.0,1.6744766,0.0,-0.10863638
15609.84,0.0,2.1969452,0.0,-0.09978771
15610.04,0.0,1.9998779,0.0,-0.11573553
15610.24,0.0,2.170517,0.0,-0.110366344
15610.44,0.0,2.1294327,0.0,-0.07304335
15610.64,0.0,1.6648941,0.0,-0.09020662
15610.84,0.0,1.8973694,0.0,-0.13918352
15611.04,0.0,3.1296844,0.0,-0.14958096
15611.24,0.0,2.1623764,0.0,-0.11300993
15611.44,0.0,2.3559113,0.0,-0.10135651
15611.64,0.0,2.3971863,0.0,-0.1119585
15611.84,0.0,2.9473495,0.0,-0.1231513
15612.04,0.0,2.058998,0.0,-0.1499505
15612.24,0.0,1.9173737,0.0,-0.10378313
15612.44,0.0,2.3079834,0.0,-0.15055466
15612.64,0.0,2.0466995,0.0,-0.11856699
15612.84,0.0,2.448265,0.0,-0.118861675
15613.04,0.0,2.97023,0.0,-0.1458149
15613.24,0.0,2.7789307,0.0,-0.14353848
15613.44,0.0,2.2101288,0.0,-0.13803911
15613.64,0.0,2.9266434,0.0,-0.16024256
15613.84,0.0,2.2008362,0.0,-0.12559223
15614.04,0.0,2.6796951,0.0,-0.15402794
15614.24,0.0,2.5688782,0.0,-0.14757395
15614.44,0.0,2.3812637,0.0,-0.12494564
15614.64,0.0,2.1338348,0.0,-0.111644745
15614.84,0.0,3.3285294,0.0,-0.14466429
15615.04,0.0,1.8960495,0.0,-0.121096134
15615.24,0.0,4.5138626,0.0,-0.11246681
15615.44,0.0,2.6592102,0.0,-0.11647797
15615.64,0.0,2.6417618,0.0,-0.1322279
15615.84,0.0,3.001114,0.0,-0.14744663
15616.04,0.0,3.6133423,0.0,-0.09893036
15616.24,0.0,3.8605118,0.0,-0.11273956
15616.44,0.0,3.9981537,0.0,-0.111409664
15616.64,0.0,2.8199997,0.0,-0.14317799
15616.84,0.0,3.9002914,0.0,-0.07339001
15617.04,0.0,4.2590256,0.0,-0.09598303
15617.24,0.0,2.9046402,0.0,-0.1728754
15617.44,0.0,4.0733414,0.0,-0.1282425
15617.64,0.0,2.3801956,0.0,-0.14497137
15617.84,0.0,4.3938217,0.0,-0.18775988
15618.04,0.0,2.1592941,0.0,-0.12197018
15618.24,0.0,4.0669327,0.0,-0.14511108
15618.44,0.0,3.203476,0.0,-0.13368273
15618.64,0.0,3.50663,0.0,-0.13820457
15618.84,0.0,3.7304459,0.0,-0.16187954
15619.04,0.0,3.9587555,0.0,-0.15937614
15619.24,0.0,3.2329636,0.0,-0.124929905
15619.44,0.0,4.575157,0.0,-0.09671259
15619.64,0.0,4.300682,0.0,-0.15887547
15619.84,0.0,4.145355,0.0,-0.18464994
15620.04,0.0,3.4778137,0.0,-0.12794685
15620.24,0.0,3.833992,0.0,-0.17192268
15620.44,0.0,4.158516,0.0,-0.13183594
15620.64,0.0,3.5631104,0.0,-0.17911959
15620.84,0.0,4.6173325,0.0,-0.043215036
15621.04,0.0,6.203331,0.0,-0.06469178
15621.24,0.0,4.101181,0.0,-0.14155865
15621.44,0.0,3.4861984,0.0,-0.14501286
15621.64,0.0,4.283249,0.0,-0.16469955
15621.84,0.0,3.482811,0.0,-0.13614178
15622.04,0.0,3.3465042,0.0,-0.16619778
15622.24,0.0,3.85717,0.0,-0.17413664
15622.44,0.0,3.622673,0.0,-0.10171461
15622.64,0.0,4.6151505,0.0,-0.098418236
15622.84,0.0,4.350685,0.0,-0.1290021
15623.04,0.0,4.3280945,0.0,-0.17035627
15623.24,0.0,3.996704,0.0,-0.15464878
15623.44,0.0,5.193512,0.0,-0.18585539
15623.64,0.0,4.5154724,0.0,-0.16078854
15623.84,0.0,5.29084,0.0,-0.11607313
15624.04,0.0,5.7795105,0.0,-0.18354368
15624.24,0.0,5.300934,0.0,-0.17892075
15624.44,0.0,8.799446,0.0,-0.14622307
15624.64,0.0,5.713684,0.0,-0.15683317
15624.84,0.0,4.193573,0.0,-0.1397953
15625.04,0.0,4.247963,0.0,-0.15039682
15625.24,0.0,3.169258,0.0,-0.13534021
15625.44,0.0,4.4384003,0.0,-0.124367714
15625.64,0.0,6.6219482,0.0,-0.14917183
15625.84,0.0,4.2222977,0.0,-0.16288233
15626.04,0.0,6.842224,0.0,-0.2250719
15626.24,0.0,4.5831604,0.0,-0.11699247
15626.44,0.0,4.6553955,0.0,-0.16614246
15626.64,0.0,5.1714325,0.0,-0.10890341
15626.84,0.0,4.0404587,0.0,-0.17683363
15627.04,0.0,7.4770203,0.0,-0.076500416
15627.24,0.0,4.8200073,0.0,-0.16917372
15627.44,0.0,4.7773285,0.0,-0.1978693
15627.64,0.0,6.683502,0.0,-0.18853426
15627.84,0.0,4.6032715,0.0,-0.13781452
15628.04,0.0,5.4571915,0.0,-0.1989975
15628.24,0.0,4.029976,0.0,-0.115927696
15628.44,0.0,4.5959625,0.0,-0.2124095
15628.64,0.0,6.453232,0.0,-0.16719484
15628.84,0.0,6.223686,0.0,-0.17375755
15629.04,0.0,7.174324,0.0,-0.16778803
15629.24,0.0,5.8350677,0.0,-0.20476866
15629.44,0.0,6.7159805,0.0,-0.042823315
15629.64,0.0,5.3547516,0.0,-0.12541199
15629.84,0.0,7.0784454,0.0,-0.12746048
15630.04,0.0,7.6681366,0.0,-0.108253
15630.24,0.0,6.6461716,0.0,-0.117648125
15630.44,0.0,8.571823,0.0,-0.14198875
15630.64,0.0,6.1652756,0.0,-0.18631458
15630.84,0.0,5.6881638,0.0,-0.05848813
15631.04,0.0,9.615906,0.0,-0.15671444
15631.24,0.0,11.345634,0.0,-0.14375496
15631.44,0.0,9.424644,0.0,-0.0034942627
15631.64,0.0,6.544182,0.0,-0.17200184
15631.84,0.0,11.540691,0.0,-0.09155226
15632.04,0.0,9.25502,0.0,-0.121831894
15632.24,0.0,8.733185,0.0,-0.19870472
15632.44,0.0,8.424431,0.0,-0.17364931
15632.64,0.0,6.94075,0.0,-0.19313383
15632.84,0.0,5.694664,0.0,-0.17367887
15633.04,0.0,7.8494263,0.0,-0.17281961
15633.24,0.0,10.898632,0.0,-0.12541866
15633.44,0.0,7.5616913,0.0,-0.15447807
15633.64,0.0,3.9240036,0.0,-0.13765621
15633.84,0.0,9.056435,0.0,-0.0991292
15634.04,233.33002,27.299583,0.0,0.042131662
15634.24,233.33002,11.037643,0.0,-0.092960835
15634.44,233.33002,6.0124054,0.0,-0.101323605
15634.64,233.33002,9.552055,0.0,-0.17773867
15634.84,233.33002,29.040909,0.0,0.090645075
15635.04,233.33002,9.509274,0.0,-0.026977539
15635.24,233.33002,8.819801,0.0,-0.16860723
15635.44,233.33002,10.290909,0.0,-0.08783102
15635.64,233.33002,15.381542,0.0,-0.052244663
15635.84,233.33002,9.889709,0.0,-0.07968378
15636.04,233.33002,10.390739,0.0,-0.04131937
15636.24,233.33002,7.7322617,0.0,-0.16483784
15636.44,233.33002,9.536053,0.0,-0.118953705
15636.64,233.33002,13.557781,0.0,-0.05875802
15636.84,233.33002,14.913849,0.0,-0.085981846
15637.04,233.33002,12.168198,0.0,-0.09840059
15637.24,233.33002,12.178902,0.0,0.012887478
15637.44,233.33002,9.617256,0.0,-0.15168285
15637.64,233.33002,12.307709,0.0,-0.083385944
15637.84,233.33002,52.53591,0.0,0.18273354
15638.04,233.33002,26.158413,0.0,0.048036337
15638.24,233.33002,18.690193,0.0,-0.056663275
15638.44,233.33002,21.27105,0.0,0.077396154
15638.64,233.33002,22.759377,0.0,0.056928635
15638.84,233.33002,44.267612,0.0,0.19789648
15639.04,233.33002,14.466911,0.0,0.010283709
15639.24,233.33002,15.136326,0.0,-0.072179794
15639.44,233.33002,34.1777,0.0,0.16353965
15639.64,233.33002,20.634575,0.0,-0.0058665276
15639.84,233.33002,39.910393,0.0,0.16507602
15640.04,233.33002,28.40298,0.0,-0.024320126
15640.24,233.33002,11.930325,0.0,-0.16564369
15640.44,233.33002,13.90015,0.0,-0.0658648
15640.64,233.33002,22.28307,0.0,0.033578396
15640.84,233.33002,26.804165,0.0,0.03557372
15641.04,233.33002,18.009945,0.0,-0.10501528
15641.24,233.33002,17.357956,0.0,-0.12237167
15641.44,233.33002,18.949802,0.0,0.0021224022
15641.64,233.33002,16.48909,0.0,0.044814587
15641.84,233.33002,25.78204,0.0,0.09829521
15642.04,233.33002,42.67635,0.0,0.09622812
15642.24,233.33002,29.28429,0.0,-0.023030996
15642.44,233.33002,24.202755,0.0,-0.07969904
15642.64,233.33002,28.338787,0.0,0.00048303604
15642.84,233.33002,15.79089,0.0,-0.111411095
15643.04,233.33002,18.886158,0.0,-0.062912464
15643.24,233.33002,18.197979,0.0,-0.05405855
15643.44,233.33002,24.521778,0.0,-0.006632805
15643.64,233.33002,43.894413,0.0,0.15120411
15643.84,233.33002,13.192249,0.0,-0.14228344
15644.04,233.33002,18.603146,0.0,0.06949711
15644.24,233.33002,27.22676,0.0,0.09934425
15644.44,233.33002,24.206799,0.0,0.09456611
15644.64,233.33002,32.776794,0.0,0.0070471764
15644.84,233.33002,44.007217,0.0,0.11636138
15645.04,233.33002,30.27763,0.0,0.10219431
15645.24,233.33002,20.055683,0.0,0.08415675
15645.44,233.33002,62.757923,0.0,0.2249999
15645.64,233.33002,15.258949,0.0,-0.045719385
15645.84,233.33002,23.14621,0.0,0.1065135
15646.04,233.33002,16.324986,0.0,-0.0126104355
15646.24,233.33002,32.561386,0.0,0.06073284
15646.44,233.33002,60.570824,0.0,0.25034332
15646.64,233.33002,52.610443,0.0,0.2002635
15646.84,233.33002,92.85509,0.0,0.2742653
15647.04,233.33002,92.77735,0.0,0.31393862
15647.24,233.33002,158.31934,0.0,0.29513144
15647.44,233.33002,151.21155,0.0,0.4053831
15647.64,233.33002,176.6057,0.0,0.30142307
15647.84,233.33002,177.84634,0.0,0.5143385
15648.04,233.33002,172.0982,0.0,0.39870167
15648.24,233.33002,173.45285,0.0,0.36898875
15648.44,233.33002,186.2117,0.0,0.3068838
15648.64,233.33002,172.2287,0.0,0.26727104
15648.84,233.33002,173.18118,0.0,0.3459897
15649.04,233.33002,185.58157,0.0,0.266716
15649.24,233.33002,177.24255,0.0,0.33783722
15649.44,233.33002,181.45398,0.0,0.109610796
15649.64,233.33002,194.22824,0.0,0.16968513
15649.84,233.33002,203.03781,0.0,0.05401373
15650.04,233.33002,212.50177,0.0,0.12902737
15650.24,233.33002,197.73257,0.0,-0.0077311993
15650.44,233.33002,209.9855,0.0,-0.0014073849
15650.64,233.33002,205.2443,0.0,0.025090456
15650.84,233.33002,229.79373,0.0,-0.0935235
15651.04,233.33002,210.6936,0.0,-0.034252405
15651.24,233.33002,243.54965,0.0,-0.10308218
15651.44,233.33002,232.5221,0.0,-0.014327526
15651.64,233.33002,226.47705,0.0,-0.17090368
15651.84,233.33002,232.63922,0.0,-0.2037592
15652.04,233.33002,244.67896,0.0,-0.23254967
15652.24,233.33002,235.36896,0.0,-0.17067337
15652.44,233.33002,252.02618,0.0,-0.2606187
15652.64,233.33002,256.89545,0.0,-0.21476269
15652.84,233.33002,254.05548,0.0,-0.28296423
15653.04,233.33002,248.28757,0.0,-0.23188019
15653.24,233.33002,254.51984,0.0,-0.29160976
15653.44,233.33002,263.32275,0.0,-0.27610254
15653.64,233.33002,278.71985,0.0,-0.3223114
15653.84,233.33002,271.0543,0.0,-0.3305726
15654.04,233.33002,265.27563,0.0,-0.25473404
15654.24,233.33002,284.93204,0.0,-0.30480528
15654.44,233.33002,281.49582,0.0,-0.35245562
15654.64,233.33002,279.08807,0.0,-0.2911253
15654.84,233.33002,300.47507,0.0,-0.31232643
15655.04,233.33002,289.60416,0.0,-0.33467436
15655.24,233.33002,273.59418,0.0,-0.28300142
15655.44,233.33002,270.4586,0.0,-0.28181458
15655.64,233.33002,266.4281,0.0,-0.25796652
15655.84,233.33002,285.69232,0.0,-0.328732
15656.04,233.33002,292.3853,0.0,-0.35044622
15656.24,233.33002,284.89746,0.0,-0.32853746
15656.44,233.33002,283.7389,0.0,-0.3093624
15656.64,233.33002,290.28616,0.0,-0.36229086
15656.84,233.33002,274.41772,0.0,-0.2923212
15657.04,233.33002,278.88345,0.0,-0.32484818
15657.24,233.33002,276.71387,0.0,-0.30315256
15657.44,233.33002,283.54108,0.0,-0.3296237
15657.64,233.33002,289.62238,0.0,-0.37674093
15657.84,233.33002,282.09616,0.0,-0.3196211
15658.04,233.33002,287.06836,0.0,-0.34675598
15658.24,233.33002,284.3313,0.0,-0.3614087
15658.44,233.33002,284.40878,0.0,-0.32593536
15658.64,233.33002,284.1936,0.0,-0.38039112
15658.84,233.33002,286.17673,0.0,-0.36863375
15659.04,233.33002,284.51047,0.0,-0.35084724
15659.24,233.33002,287.93945,0.0,-0.37829828
15659.44,233.33002,275.52353,0.0,-0.32887363
15659.64,233.33002,281.81424,0.0,-0.37172174
15659.84,233.33002,282.95267,0.0,-0.39587116
15660.04,233.33002,280.04346,0.0,-0.3589325
15660.24,233.33002,283.35474,0.0,-0.39800072
15660.44,233.33002,280.78186,0.0,-0.38855982
15660.64,233.33002,286.2614,0.0,-0.41290236
15660.84,233.33002,287.82135,0.0,-0.42539215
15661.04,233.33002,289.9491,0.0,-0.43621922
15661.24,233.33002,289.2801,0.0,-0.4247303
15661.44,233.33002,288.60056,0.0,-0.4372449
15661.64,233.33002,292.0616,0.0,-0.45814705
15661.84,233.33002,289.90274,0.0,-0.4807973
15662.04,233.33002,290.347,0.0,-0.46371937
15662.24,233.33002,288.9331,0.0,-0.45920086
15662.44,233.33002,284.295,0.0,-0.4421997
15662.64,233.33002,281.845,0.0,-0.43461895
15662.84,233.33002,283.94684,0.0,-0.45878935
15663.04,233.33002,282.03778,0.0,-0.44840002
15663.24,233.33002,281.19727,0.0,-0.46191406
15663.44,233.33002,290.81125,0.0,-0.44871283
15663.64,233.33002,285.2441,0.0,-0.47145128
15663.84,233.33002,289.28214,0.0,-0.48927307
15664.04,233.33002,286.23718,0.0,-0.45609665
15664.24,233.33002,288.5247,0.0,-0.46936846
15664.44,233.33002,284.43088,0.0,-0.48930502
15664.64,233.33002,287.33078,0.0,-0.4936266
15664.84,233.33002,293.0592,0.0,-0.48498058
15665.04,233.33002,289.1841,0.0,-0.47954178
15665.24,233.33002,287.76678,0.0,-0.46099758
15665.44,233.33002,285.5452,0.0,-0.49845743
15665.64,233.33002,286.95776,0.0,-0.4682746
15665.84,233.33002,290.93683,0.0,-0.50076866
15666.04,233.33002,288.17084,0.0,-0.4872427
15666.24,233.33002,289.78983,0.0,-0.4966221
15666.44,233.33002,291.05444,0.0,-0.5187988
15666.64,233.33002,282.96564,0.0,-0.4802451
15666.84,233.33002,285.51572,0.0,-0.46350193
15667.04,233.33002,281.9248,0.0,-0.47931242
15667.24,233.33002,285.48325,0.0,-0.4810462
15667.44,233.33002,281.7006,0.0,-0.48178196
15667.64,233.33002,285.6242,0.0,-0.48528194
15667.84,233.33002,287.2168,0.0,-0.4882021
15668.04,233.33002,280.34296,0.0,-0.45966244
15668.24,233.33002,287.28888,0.0,-0.5170412
15668.44,233.33002,286.90887,0.0,-0.50927305
15668.64,233.33002,292.4081,0.0,-0.518764
15668.84,233.33002,286.46835,0.0,-0.5164523
15669.04,233.33002,280.28738,0.0,-0.48824978
15669.24,233.33002,286.67508,0.0,-0.49304628
15669.44,233.33002,284.1954,0.0,-0.4976449
15669.64,233.33002,283.72916,0.0,-0.50277424
15669.84,233.33002,285.6519,0.0,-0.49243736
15670.04,233.33002,290.54684,0.0,-0.53006315
15670.24,233.33002,283.1914,0.0,-0.51032877
15670.44,233.33002,273.87878,0.0,-0.47639704
15670.64,233.33002,286.8191,0.0,-0.5167551
15670.84,233.33002,287.18652,0.0,-0.5287628
15671.04,233.33002,283.04633,0.0,-0.49413443
15671.24,233.33002,285.82535,0.0,-0.5200014
15671.44,233.33002,289.06076,0.0,-0.51039743
15671.64,233.33002,288.1919,0.0,-0.5195823
15671.84,233.33002,282.03836,0.0,-0.52062845
15672.04,233.33002,287.69968,0.0,-0.5157347
15672.24,233.33002,286.44644,0.0,-0.500617
15672.44,233.33002,281.72104,0.0,-0.48933697
15672.64,233.33002,281.99747,0.0,-0.5021863
15672.84,233.33002,281.55054,0.0,-0.5250535
15673.04,233.33002,281.0903,0.0,-0.4837761
15673.24,233.33002,282.71722,0.0,-0.5222864
15673.44,233.33002,286.6103,0.0,-0.5090232
15673.64,233.33002,281.68213,0.0,-0.47928953
15673.84,233.33002,283.19858,0.0,-0.5037875
15674.04,233.33002,282.625,0.0,-0.5316334
15674.24,233.33002,284.86996,0.0,-0.55007505
15674.44,233.33002,282.62897,0.0,-0.46995306
15674.64,233.33002,275.83408,0.0,-0.4944892
15674.84,233.33002,277.95258,0.0,-0.4880495
15675.04,233.33002,282.26547,0.0,-0.48127508
15675.24,233.33002,279.40106,0.0,-0.46439552
15675.44,233.33002,281.34924,0.0,-0.47231293
15675.64,233.33002,279.87067,0.0,-0.47785854
15675.84,233.33002,280.88684,0.0,-0.47449732
15676.04,233.33002,279.62067,0.0,-0.47884655
15676.24,233.33002,281.49872,0.0,-0.47755098
15676.44,233.33002,280.7051,0.0,-0.45662308
15676.64,233.33002,281.90536,0.0,-0.48191023
15676.84,233.33002,281.12524,0.0,-0.463459
15677.04,233.33002,279.8922,0.0,-0.4495597
15677.24,233.33002,272.8549,0.0,-0.42581558
15677.44,233.33002,281.04663,0.0,-0.45560503
15677.64,233.33002,276.75137,0.0,-0.4306574
15677.84,233.33002,282.17874,0.0,-0.44666004
15678.04,233.33002,278.80457,0.0,-0.44712543
15678.24,233.33002,279.9426,0.0,-0.46474648
15678.44,233.33002,281.32037,0.0,-0.44194746
15678.64,233.33002,274.5816,0.0,-0.43349314
15678.84,233.33002,274.2565,0.0,-0.42076302
15679.04,233.33002,277.30682,0.0,-0.47755527
15679.24,233.33002,277.33536,0.0,-0.4330554
15679.44,233.33002,282.44495,0.0,-0.40507984
15679.64,233.33002,281.75357,0.0,-0.4444127
15679.84,233.33002,282.01093,0.0,-0.4027109
15680.04,233.33002,283.67862,0.0,-0.445199
15680.24,233.33002,273.3005,0.0,-0.44900227
15680.44,233.33002,282.252,0.0,-0.4658308
15680.64,233.33002,277.64014,0.0,-0.3899064
15680.84,233.33002,282.55814,0.0,-0.4069314
15681.04,233.33002,273.25916,0.0,-0.43269253
15681.24,233.33002,278.54932,0.0,-0.4074936
15681.44,233.33002,278.37286,0.0,-0.41500282
15681.64,233.33002,278.09485,0.0,-0.3771205
15681.84,233.33002,278.4001,0.0,-0.3854785
15682.04,233.33002,280.7486,0.0,-0.35965252
15682.24,233.33002,282.63226,0.0,-0.3586278
15682.44,233.33002,277.27698,0.0,-0.37885237
15682.64,233.33002,280.27344,0.0,-0.3648281
15682.84,233.33002,277.08295,0.0,-0.3770795
15683.04,233.33002,271.95953,0.0,-0.29403543
15683.24,233.33002,276.9997,0.0,-0.31823397
15683.44,233.33002,276.4649,0.0,-0.35729027
15683.64,233.33002,273.97946,0.0,-0.36988926
15683.84,233.33002,277.17352,0.0,-0.3463745
15684.04,233.33002,275.09476,0.0,-0.32327843
15684.24,233.33002,279.58392,0.0,-0.33347225
15684.44,233.33002,279.30948,0.0,-0.33435774
15684.64,233.33002,269.57257,0.0,-0.33277512
15684.84,233.33002,283.3749,0.0,-0.31054258
15685.04,233.33002,276.78897,0.0,-0.2998395
15685.24,233.33002,275.12137,0.0,-0.3348384
15685.44,233.33002,274.5542,0.0,-0.32815647
15685.64,233.33002,274.05753,0.0,-0.3426504
15685.84,233.33002,279.1941,0.0,-0.32183504
15686.04,233.33002,281.59857,0.0,-0.3371725
15686.24,233.33002,279.03793,0.0,-0.32837296
15686.44,233.33002,275.72177,0.0,-0.29324102
15686.64,233.33002,272.9128,0.0,-0.3079605
15686.84,233.33002,280.3917,0.0,-0.3053956
15687.04,233.33002,273.5568,0.0,-0.33432865
15687.24,233.33002,276.25848,0.0,-0.30221224
15687.44,233.33002,276.50443,0.0,-0.31602573
15687.64,233.33002,279.63028,0.0,-0.32549572
15687.84,233.33002,271.9462,0.0,-0.2993045
15688.04,233.33002,273.60406,0.0,-0.29882765
15688.24,233.33002,272.90256,0.0,-0.2704544
15688.44,233.33002,277.23462,0.0,-0.27367735
15688.64,233.33002,278.69345,0.0,-0.27784538
15688.84,233.33002,273.11014,0.0,-0.28708315
15689.04,233.33002,277.7034,0.0,-0.3132763
15689.24,233.33002,270.04932,0.0,-0.31522655
15689.44,233.33002,261.94238,0.0,-0.28570938
15689.64,233.33002,267.86108,0.0,-0.25322294
15689.84,233.33002,278.7228,0.0,-0.28329754
15690.04,233.33002,268.34308,0.0,-0.29994106
15690.24,233.33002,276.03845,0.0,-0.28514194
15690.44,233.33002,269.45724,0.0,-0.2939272
15690.64,233.33002,266.14746,0.0,-0.2811494
15690.84,233.33002,273.5458,0.0,-0.31154108
15691.04,233.33002,279.7451,0.0,-0.25019312
15691.24,233.33002,272.80457,0.0,-0.2813282
15691.44,233.33002,274.75955,0.0,-0.2879734
15691.64,233.33002,275.7594,0.0,-0.28732872
15691.84,233.33002,272.87195,0.0,-0.28505993
15692.04,233.33002,268.65002,0.0,-0.25316668
15692.24,233.33002,267.449,0.0,-0.29531574
15692.44,233.33002,277.48856,0.0,-0.3073058
15692.64,233.33002,279.36435,0.0,-0.31848192
15692.84,233.33002,267.13983,0.0,-0.288579
15693.04,233.33002,263.22458,0.0,-0.28513288
15693.24,233.33002,269.4212,0.0,-0.32802343
15693.44,233.33002,277.9487,0.0,-0.2881751
15693.64,233.33002,265.068,0.0,-0.2998023
15693.84,233.33002,274.27417,0.0,-0.27082825
15694.04,233.33002,273.29514,0.0,-0.27223158
15694.24,233.33002,271.3462,0.0,-0.2948799
15694.44,233.33002,274.91858,0.0,-0.27342987
15694.64,233.33002,259.122,0.0,-0.27701855
15694.84,233.33002,271.156,0.0,-0.2762928
15695.04,233.33002,270.56015,0.0,-0.2547655
15695.24,233.33002,266.18555,0.0,-0.2977457
15695.44,233.33002,279.49518,0.0,-0.2627945
15695.64,233.33002,266.4243,0.0,-0.2464385
15695.84,233.33002,275.92432,0.0,-0.25563383
15696.04,233.33002,260.94397,0.0,-0.30774975
15696.24,233.33002,256.00024,0.0,-0.2301073
15696.44,233.33002,269.1762,0.0,-0.27608776
15696.64,233.33002,267.32538,0.0,-0.23643208
15696.84,233.33002,268.8162,0.0,-0.2774763
15697.04,233.33002,269.94162,0.0,-0.2374649
15697.24,233.33002,271.38153,0.0,-0.22976255
15697.44,233.33002,269.68936,0.0,-0.29817867
15697.64,233.33002,274.1951,0.0,-0.22690582
15697.84,233.33002,267.87186,0.0,-0.22489214
15698.04,233.33002,268.29504,0.0,-0.24071455
15698.24,233.33002,266.2105,0.0,-0.24689436
15698.44,233.33002,263.7314,0.0,-0.2447648
15698.64,233.33002,268.71664,0.0,-0.23155689
15698.84,233.33002,272.6422,0.0,-0.25470686
15699.04,233.33002,264.23077,0.0,-0.27383804
15699.24,233.33002,269.90958,0.0,-0.2705369
15699.44,233.33002,259.5123,0.0,-0.20586014
15699.64,233.33002,263.2007,0.0,-0.26907253
15699.84,233.33002,263.44785,0.0,-0.20533895
15700.04,233.33002,269.97144,0.0,-0.21688843
15700.24,233.33002,271.87115,0.0,-0.22257757
15700.44,233.33002,263.44986,0.0,-0.22562885
15700.64,233.33002,269.10455,0.0,-0.20263767
15700.84,233.33002,269.9894,0.0,-0.23533583
15701.04,233.33002,259.39163,0.0,-0.19686556
15701.24,233.33002,258.28854,0.0,-0.19271994
15701.44,233.33002,260.14572,0.0,-0.19479895
15701.64,233.33002,264.38004,0.0,-0.22108269
15701.84,233.33002,263.71396,0.0,-0.24446678
15702.04,233.33002,265.25272,0.0,-0.23507214
15702.24,233.33002,259.57538,0.0,-0.18161488
15702.44,233.33002,258.2183,0.0,-0.17694712
15702.64,233.33002,267.6621,0.0,-0.22393322
15702.84,233.33002,264.53534,0.0,-0.2296629
15703.04,233.33002,262.2609,0.0,-0.22281075
15703.24,233.33002,264.15054,0.0,-0.21060371
15703.44,233.33002,262.885,0.0,-0.22808695
15703.64,233.33002,256.45053,0.0,-0.16107321
15703.84,233.33002,248.55096,0.0,-0.20039988
15704.04,233.33002,254.98218,0.0,-0.19337559
15704.24,233.33002,255.72833,0.0,-0.19593573
15704.44,233.33002,250.98022,0.0,-0.21118355
15704.64,233.33002,258.2386,0.0,-0.21806097
15704.84,233.33002,260.848,0.0,-0.21408081
15705.04,233.33002,255.54248,0.0,-0.1855464
15705.24,233.33002,258.21176,0.0,-0.1549139
15705.44,233.33002,256.45627,0.0,-0.18535328
15705.64,233.33002,254.3227,0.0,-0.17237282
15705.84,233.33002,264.24255,0.0,-0.21303368
15706.04,233.33002,256.9075,0.0,-0.19301605
15706.24,233.33002,253.36371,0.0,-0.21326447
15706.44,233.33002,254.7225,0.0,-0.13586044
15706.64,233.33002,248.52145,0.0,-0.1708479
15706.84,233.33002,256.9588,0.0,-0.18156862
15707.04,233.33002,252.95734,0.0,-0.1694355
15707.24,233.33002,255.20181,0.0,-0.16999722
15707.44,233.33002,253.9516,0.0,-0.18239832
15707.64,233.33002,258.09286,0.0,-0.18916893
15707.84,233.33002,257.63193,0.0,-0.14121962
15708.04,233.33002,251.311,0.0,-0.15831709
15708.24,233.33002,269.1105,0.0,-0.19360161
15708.44,233.33002,254.96918,0.0,-0.1897707
15708.64,233.33002,253.02377,0.0,-0.154984
15708.84,233.33002,252.6694,0.0,-0.16269875
15709.04,233.33002,251.06754,0.0,-0.123122215
15709.24,233.33002,244.18054,0.0,-0.19128227
15709.44,233.33002,264.12885,0.0,-0.15205717
15709.64,233.33002,263.15128,0.0,-0.18548298
15709.84,233.33002,258.58197,0.0,-0.16456556
15710.04,233.33002,250.94562,0.0,-0.17592478
15710.24,233.33002,264.07104,0.0,-0.16537952
15710.44,233.33002,253.77713,0.0,-0.15943813
15710.64,233.33002,266.25452,0.0,-0.15637064
15710.84,233.33002,258.22833,0.0,-0.1706047
15711.04,233.33002,267.01614,0.0,-0.1774559
15711.24,233.33002,260.64536,0.0,-0.12756395
15711.44,233.33002,265.7594,0.0,-0.21040487
15711.64,233.33002,265.8633,0.0,-0.17425919
15711.84,233.33002,248.4643,0.0,-0.13831139
15712.04,233.33002,265.75906,0.0,-0.15337467
15712.24,233.33002,262.89743,0.0,-0.20857143
15712.44,233.33002,255.41678,0.0,-0.13003302
15712.64,233.33002,260.36115,0.0,-0.17766619
15712.84,233.33002,262.80978,0.0,-0.19649315
15713.04,233.33002,262.9823,0.0,-0.13750744
15713.24,233.33002,259.83807,0.0,-0.20011806
15713.44,233.33002,265.7075,0.0,-0.19073534
15713.64,233.33002,258.52777,0.0,-0.123239994
15713.84,233.33002,262.24936,0.0,-0.14710426
15714.04,233.33002,265.36426,0.0,-0.19381762
15714.24,233.33002,265.00543,0.0,-0.17841625
15714.44,233.33002,258.43127,0.0,-0.16910028
15714.64,233.33002,261.90076,0.0,-0.14890528
15714.84,233.33002,270.30612,0.0,-0.12189722
15715.04,233.33002,270.32904,0.0,-0.18699169
15715.24,233.33002,260.17825,0.0,-0.1357665
15715.44,233.33002,264.08435,0.0,-0.15894699
15715.64,233.33002,269.25656,0.0,-0.16280031
15715.84,233.33002,265.5293,0.0,-0.16627741
15716.04,233.33002,270.74023,0.0,-0.12162018
15716.24,233.33002,269.3646,0.0,-0.12022781
15716.44,233.33002,265.13712,0.0,-0.13470364
15716.64,233.33002,269.73804,0.0,-0.15982819
15716.84,233.33002,262.71356,0.0,-0.19988394
15717.04,233.33002,265.77954,0.0,-0.20282555
15717.24,233.33002,270.79932,0.0,-0.1649046
15717.44,233.33002,263.69745,0.0,-0.1668787
15717.64,233.33002,260.78217,0.0,-0.1586976
15717.84,233.33002,265.79303,0.0,-0.11226416
15718.04,233.33002,263.1529,0.0,-0.18355942
15718.24,233.33002,266.6384,0.0,-0.117218494
15718.44,233.33002,256.90842,0.0,-0.19471455
15718.64,233.33002,271.2516,0.0,-0.18304777
15718.84,233.33002,262.25308,0.0,-0.19833755
15719.04,233.33002,255.71808,0.0,-0.15054989
15719.24,233.33002,259.52313,0.0,-0.15392303
15719.44,233.33002,269.18472,0.0,-0.15106344
15719.64,233.33002,270.1253,0.0,-0.09303045
15719.84,233.33002,264.39606,0.0,-0.17651606
15720.04,233.33002,274.9531,0.0,-0.14097118
15720.24,233.33002,265.32266,0.0,-0.2031331
15720.44,233.33002,260.7765,0.0,-0.14626789
15720.64,233.33002,258.82596,0.0,-0.17899275
15720.84,233.33002,260.5135,0.0,-0.15794277
15721.04,233.33002,258.51562,0.0,-0.19161987
15721.24,233.33002,257.73264,0.0,-0.17479134
15721.44,233.33002,265.99683,0.0,-0.12803078
15721.64,233.33002,263.2482,0.0,-0.14514399
15721.84,233.33002,259.82867,0.0,-0.14484596
15722.04,233.33002,263.86526,0.0,-0.1516695
15722.24,233.33002,263.4195,0.0,-0.15940094
15722.44,233.33002,268.87567,0.0,-0.16149235
15722.64,233.33002,262.43024,0.0,-0.19369078
15722.84,233.33002,265.76938,0.0,-0.1719079
15723.04,233.33002,262.80566,0.0,-0.14232063
15723.24,233.33002,260.25128,0.0,-0.15377045
15723.44,233.33002,259.98944,0.0,-0.15983248
15723.64,233.33002,268.11844,0.0,-0.14901972
15723.84,233.33002,264.91418,0.0,-0.1492014
15724.04,233.33002,269.09412,0.0,-0.10722256
15724.24,233.33002,263.47028,0.0,-0.22314262
15724.44,233.33002,254.28748,0.0,-0.062640905
15724.64,233.33002,253.86594,0.0,-0.16208792
15724.84,233.33002,256.91528,0.0,-0.1756506
15725.04,233.33002,251.58212,0.0,-0.13978004
15725.24,233.33002,247.42584,0.0,-0.15730238
15725.44,233.33002,250.52328,0.0,-0.15872812
15725.64,233.33002,261.3773,0.0,-0.10774851
15725.84,233.33002,249.34811,0.0,-0.19895935
15726.04,233.33002,253.14679,0.0,-0.1415739
15726.24,233.33002,254.12164,0.0,-0.1429553
15726.44,233.33002,252.62756,0.0,-0.1878438
15726.64,233.33002,257.92065,0.0,-0.15592003
15726.84,233.33002,264.54846,0.0,-0.15117264
15727.04,233.33002,253.07257,0.0,-0.14879704
15727.24,233.33002,257.7738,0.0,-0.108924866
15727.44,233.33002,254.21503,0.0,-0.15793324
15727.64,233.33002,257.4382,0.0,-0.13979769
15727.84,233.33002,254.81757,0.0,-0.15029764
15728.04,233.33002,254.75851,0.0,-0.16154289
15728.24,233.33002,251.00354,0.0,-0.11867857
15728.44,233.33002,259.20416,0.0,-0.15060759
15728.64,233.33002,246.6886,0.0,-0.15582132
15728.84,233.33002,258.12875,0.0,-0.17564201
15729.04,233.33002,263.44543,0.0,-0.11916685
15729.24,233.33002,259.92767,0.0,-0.18608284
15729.44,233.33002,257.34384,0.0,-0.18746996
15729.64,233.33002,249.6239,0.0,-0.19493341
15729.84,233.33002,248.28278,0.0,-0.13047552
15730.04,233.33002,250.9036,0.0,-0.15263367
15730.24,233.33002,252.8504,0.0,-0.13495255
15730.44,233.33002,253.90137,0.0,-0.11123848
15730.64,233.33002,256.8953,0.0,-0.17906189
15730.84,233.33002,249.97943,0.0,-0.1516347
15731.04,233.33002,249.35446,0.0,-0.18292761
15731.24,233.33002,235.58752,0.0,-0.21275473
15731.44,233.33002,249.2012,0.0,-0.16141891
15731.64,233.33002,253.3529,0.0,-0.12892866
15731.84,233.33002,239.76617,0.0,-0.1973939
15732.04,233.33002,257.0391,0.0,-0.12144089
15732.24,233.33002,243.88254,0.0,-0.063430786
15732.44,233.33002,236.63547,0.0,-0.12121582
15732.64,233.33002,236.97238,0.0,-0.18088102
15732.84,233.33002,246.4183,0.0,-0.1376071
15733.04,233.33002,236.08286,0.0,-0.19895172
15733.24,233.33002,249.47324,0.0,-0.22389174
15733.44,233.33002,225.34583,0.0,-0.13968658
15733.64,233.33002,228.0463,0.0,-0.053457737
15733.84,233.33002,223.8942,0.0,-0.0046112537
15734.04,0.0,225.33282,0.0,-0.008523941
15734.24,0.0,235.56033,0.0,-0.110498905
15734.44,0.0,240.2648,0.0,-0.16539526
15734.64,0.0,235.1951,0.0,-0.031244755
15734.84,0.0,223.25824,0.0,-0.179955
15735.04,0.0,225.21835,0.0,0.055458546
15735.24,0.0,201.76273,0.0,0.14442563
15735.44,0.0,211.72028,0.0,0.067267895
15735.64,0.0,214.8324,0.0,-0.13914728
15735.84,0.0,227.68027,0.0,-0.03591895
15736.04,0.0,239.38943,0.0,-0.14573145
15736.24,0.0,222.97534,0.0,-0.14538336
15736.44,0.0,219.57092,0.0,0.03023839
15736.64,0.0,226.6406,0.0,-0.10578346
15736.84,0.0,197.74657,0.0,0.03412509
15737.04,0.0,217.65823,0.0,-0.002248764
15737.24,0.0,216.1654,0.0,-0.096725464
15737.44,0.0,195.12454,0.0,-0.113640785
15737.64,0.0,190.22597,0.0,-0.21892643
15737.84,0.0,216.80664,0.0,-0.12959528
15738.04,0.0,182.40186,0.0,0.124626875
15738.24,0.0,189.14676,0.0,0.0087201595
15738.44,0.0,151.26192,0.0,-0.088350296
15738.64,0.0,182.79126,0.0,-0.002418995
15738.84,0.0,189.9888,0.0,-0.020217657
15739.04,0.0,221.84326,0.0,-0.005302429
15739.24,0.0,125.04536,0.0,0.045851946
15739.44,0.0,141.90143,0.0,-0.17219782
15739.64,0.0,187.85606,0.0,-0.120782375
15739.84,0.0,180.84949,0.0,-0.049257994
15740.04,0.0,186.97668,0.0,-0.11386919
15740.24,0.0,183.29478,0.0,-0.3096652
15740.44,0.0,160.24022,0.0,0.1269579
15740.64,0.0,120.93164,0.0,-0.15741873
15740.84,0.0,196.15439,0.0,-0.24992466
15741.04,0.0,203.53015,0.0,-0.1832223
15741.24,0.0,204.66928,0.0,-0.2853632
15741.44,0.0,216.24509,0.0,-0.08788347
15741.64,0.0,199.48047,0.0,-0.038324833
15741.84,0.0,202.7467,0.0,-0.23418903
15742.04,0.0,202.02267,0.0,-0.21535921
15742.24,0.0,183.17183,0.0,-0.3327508
15742.44,0.0,194.73566,0.0,-0.26030922
15742.64,0.0,205.79858,0.0,-0.27481794
15742.84,0.0,220.90555,0.0,-0.3040948
15743.04,0.0,184.05997,0.0,-0.3439827
15743.24,0.0,180.17467,0.0,-0.29572582
15743.44,0.0,183.58867,0.0,-0.32033062
15743.64,0.0,168.82877,0.0,-0.35578918
15743.84,0.0,209.59158,0.0,-0.26819324
15744.04,0.0,189.14017,0.0,-0.33788347
15744.24,0.0,206.90262,0.0,-0.20602989
15744.44,0.0,224.64664,0.0,-0.27834463
15744.64,0.0,207.40234,0.0,-0.28661966
15744.84,0.0,197.63942,0.0,-0.39743614
15745.04,0.0,214.50049,0.0,-0.3382902
15745.24,0.0,198.89923,0.0,-0.15391445
15745.44,0.0,202.6174,0.0,0.026107311
15745.64,0.0,182.637,0.0,-0.32144785
15745.84,0.0,179.67075,0.0,-0.32826805
15746.04,0.0,186.65866,0.0,-0.47695827
15746.24,0.0,206.99225,0.0,-0.24259424
15746.44,0.0,211.55725,0.0,-0.35488176
15746.64,0.0,192.0914,0.0,-0.4106326
15746.84,0.0,203.00482,0.0,-0.33850336
15747.04,0.0,202.64862,0.0,-0.38959026
15747.24,0.0,142.73715,0.0,-0.38765383
15747.44,0.0,196.1575,0.0,-0.36911058
15747.64,0.0,206.97128,0.0,-0.2535286
15747.84,0.0,182.73141,0.0,-0.409513
15748.04,0.0,175.75943,0.0,-0.28057528
15748.24,0.0,122.84151,0.0,-0.45816946
15748.44,0.0,122.21861,0.0,-0.42908
15748.64,0.0,80.07184,0.0,-0.09692097
15748.84,0.0,59.601177,0.0,-0.26504803
15749.04,0.0,43.19085,0.0,-0.030930758
15749.24,0.0,55.0885,0.0,-0.4395032
15749.44,0.0,22.16053,0.0,-0.11340189
15749.64,0.0,22.777546,0.0,-0.11711264
15749.84,0.0,8.361092,0.0,-0.026063204
15750.04,0.0,6.4731064,0.0,-0.054291487
15750.24,0.0,8.605545,0.0,0.030234337
15750.44,0.0,6.174652,0.0,0.0072579384
15750.64,0.0,5.6501923,0.0,0.0035426617
15750.84,0.0,3.1264267,0.0,0.075766325
15751.04,0.0,5.386261,0.0,0.029331207
15751.24,0.0,3.5386276,0.0,0.0783937
15751.44,0.0,3.715187,0.0,0.059201717
15751.64,0.0,3.9750366,0.0,0.028101444
15751.84,0.0,6.0939865,0.0,0.045200586
15752.04,0.0,2.7824707,0.0,0.055089474
15752.24,0.0,4.2141113,0.0,0.04937792
15752.44,0.0,4.3114014,0.0,0.11448431
15752.64,0.0,3.8156204,0.0,0.10048747
15752.84,0.0,2.8696213,0.0,0.19612765
15753.04,0.0,2.4003525,0.0,0.22163868
15753.24,0.0,2.6932526,0.0,0.1319642
15753.44,0.0,3.521019,0.0,0.12149572
15753.64,0.0,3.6254501,0.0,0.13891387
15753.84,0.0,3.4269028,0.0,0.16388702
15754.04,0.0,3.3609924,0.0,0.1782434
15754.24,0.0,2.8877869,0.0,0.1976819
15754.44,0.0,2.4430618,0.0,0.238801
15754.64,0.0,4.5433273,0.0,0.109283924
15754.84,0.0,3.630005,0.0,0.138067
15755.04,0.0,3.2010422,0.0,0.20658374
15755.24,0.0,3.5411758,0.0,0.17860913
15755.44,0.0,2.4322662,0.0,0.26438022
15755.64,0.0,3.1105042,0.0,0.23999715
15755.84,0.0,2.5458374,0.0,0.2219572
15756.04,0.0,3.9359207,0.0,0.13667512
15756.24,0.0,3.3300095,0.0,0.22227478
15756.44,0.0,2.4592743,0.0,0.23180318
15756.64,0.0,3.0160446,0.0,0.2472732
15756.84,0.0,3.0133057,0.0,0.22300649
15757.04,0.0,2.8132172,0.0,0.26317382
15757.24,0.0,2.4009247,0.0,0.27267218
15757.44,0.0,3.0414886,0.0,0.22779346
15757.64,0.0,2.8995438,0.0,0.24575162
15757.84,0.0,2.7520523,0.0,0.24302626
15758.04,0.0,3.333168,0.0,0.23920822
15758.24,0.0,2.2108612,0.0,0.2716601
15758.44,0.0,2.2086105,0.0,0.28862906
15758.64,0.0,2.6181107,0.0,0.25497746
15758.84,0.0,2.797638,0.0,0.2845533
15759.04,0.0,1.8372192,0.0,0.35698366
15759.24,0.0,3.1887283,0.0,0.1950283
15759.44,0.0,3.7956238,0.0,0.19073391
15759.64,0.0,2.902359,0.0,0.23820472
15759.84,0.0,3.0287094,0.0,0.2332716
15760.04,0.0,2.504448,0.0,0.22254252
15760.24,0.0,3.5325089,0.0,0.15272212
15760.44,0.0,3.9948654,0.0,0.16385698
15760.64,0.0,3.1754074,0.0,0.25137186
15760.84,0.0,3.2550812,0.0,0.19915962
15761.04,0.0,3.1060028,0.0,0.24946737
15761.24,0.0,3.4970245,0.0,0.23218775
15761.44,0.0,2.5509644,0.0,0.28548622
15761.64,0.0,2.5254364,0.0,0.2885425
15761.84,0.0,3.2116165,0.0,0.24572325
15762.04,0.0,3.3180618,0.0,0.22351813
15762.24,0.0,2.4940567,0.0,0.26686573
15762.44,0.0,3.4121704,0.0,0.22559094
15762.64,0.0,2.0692368,0.0,0.30565715
15762.84,0.0,2.9413452,0.0,0.23728228
15763.04,0.0,2.9742126,0.0,0.22804451
15763.24,0.0,2.9312057,0.0,0.2259152
15763.44,0.0,2.515648,0.0,0.25857806
15763.64,0.0,2.3770142,0.0,0.26492524
15763.84,0.0,3.5365067,0.0,0.18245482
15764.04,0.0,3.4814453,0.0,0.19457698
15764.24,0.0,3.1139603,0.0,0.26131105
15764.44,0.0,1.9042664,0.0,0.2818215
15764.64,0.0,2.8379288,0.0,0.25142217
15764.84,0.0,3.1585922,0.0,0.1838932
15765.04,0.0,3.3906174,0.0,0.20555592
15765.24,0.0,1.8435669,0.0,0.31769133
15765.44,0.0,2.2686996,0.0,0.31662488
15765.64,0.0,2.2659607,0.0,0.2930584
15765.84,0.0,2.9340668,0.0,0.25118375
15766.04,0.0,2.263626,0.0,0.26631117
15766.24,0.0,2.6949005,0.0,0.24674058
15766.44,0.0,1.7998123,0.0,0.2835393
15766.64,0.0,2.3038025,0.0,0.24745226
15766.84,0.0,1.958046,0.0,0.30686188
15767.04,0.0,3.1216507,0.0,0.20730162
15767.24,0.0,3.1807938,0.0,0.21983123
15767.44,0.0,2.7575684,0.0,0.2275126
15767.64,0.0,2.819931,0.0,0.22348404
15767.84,0.0,2.6571808,0.0,0.19727921
15768.04,0.0,3.5740356,0.0,0.17353654
15768.24,0.0,2.207222,0.0,0.25061345
15768.44,0.0,2.5187378,0.0,0.22303462
15768.64,0.0,2.5375748,0.0,0.18353748
15768.84,0.0,3.1258316,0.0,0.19968152
15769.04,0.0,3.024582,0.0,0.23982024
15769.24,0.0,1.9102097,0.0,0.25719953
15769.44,0.0,2.6148834,0.0,0.23912191
15769.64,0.0,2.5506516,0.0,0.20067406
15769.84,0.0,2.9179382,0.0,0.23531985
15770.04,0.0,2.3478165,0.0,0.20409298
15770.24,0.0,2.5997696,0.0,0.17073989
15770.44,0.0,2.8216858,0.0,0.24154258
15770.64,0.0,2.0767899,0.0,0.24284744
15770.84,0.0,2.451355,0.0,0.18646193
15771.04,0.0,3.0110855,0.0,0.15747786
15771.24,0.0,3.2066193,0.0,0.15126586
15771.44,0.0,3.0542831,0.0,0.116735935
15771.64,0.0,4.359535,0.0,0.12913918
15771.84,0.0,3.3473663,0.0,0.120711565
15772.04,0.0,3.0218506,0.0,0.16504073
15772.24,0.0,3.009407,0.0,0.14038491
15772.44,0.0,3.6120834,0.0,0.10190463
15772.64,0.0,3.6399918,0.0,0.10885501
15772.84,0.0,3.462677,0.0,0.14138508
15773.04,0.0,2.9541702,0.0,0.10964656
15773.24,0.0,3.1622772,0.0,0.13534093
15773.44,0.0,3.5056686,0.0,0.13025141
15773.64,0.0,2.3654099,0.0,0.13846469
15773.84,0.0,3.0979004,0.0,0.1395905
15774.04,0.0,2.9940643,0.0,0.108009815
15774.24,0.0,3.5270844,0.0,0.12647223
15774.44,0.0,2.6780167,0.0,0.12931013
15774.64,0.0,3.3052597,0.0,0.100307226
15774.84,0.0,3.1772614,0.0,0.11339784
15775.04,0.0,2.6179886,0.0,0.16494083
15775.24,0.0,2.0880203,0.0,0.16511798
15775.44,0.0,3.1052017,0.0,0.111545324
15775.64,0.0,2.819374,0.0,0.09974766
15775.84,0.0,2.5809631,0.0,0.15642619
15776.04,0.0,2.1362,0.0,0.16376352
15776.24,0.0,2.6569672,0.0,0.120355844
15776.44,0.0,2.0315552,0.0,0.13267374
15776.64,0.0,2.889557,0.0,0.110963106
15776.84,0.0,2.3065796,0.0,0.10670805
15777.04,0.0,3.0754242,0.0,0.07561135
15777.24,0.0,2.3646774,0.0,0.111819744
15777.44,0.0,3.0422516,0.0,0.08063102
15777.64,0.0,2.7401886,0.0,0.068748236
15777.84,0.0,3.0108109,0.0,0.0835166
15778.04,0.0,2.4030838,0.0,0.1184566
15778.24,0.0,2.338356,0.0,0.12365246
15778.44,0.0,2.2551575,0.0,0.1113255
15778.64,0.0,1.9615173,0.0,0.13760662
15778.84,0.0,2.6706238,0.0,0.05940962
15779.04,0.0,2.972107,0.0,0.08231139
15779.24,0.0,2.529152,0.0,0.057648182
15779.44,0.0,2.9393463,0.0,0.06787753
15779.64,0.0,2.1120224,0.0,0.12110329
15779.84,0.0,2.4981232,0.0,0.08079958
15780.04,0.0,2.992279,0.0,0.06661153
15780.24,0.0,2.245018,0.0,0.07860851
15780.44,0.0,2.3474731,0.0,0.07174802
15780.64,0.0,2.7147446,0.0,0.095306635
15780.84,0.0,1.7947998,0.0,0.114188194
15781.04,0.0,2.1740189,0.0,0.052792072
15781.24,0.0,2.6344986,0.0,0.08460617
15781.44,0.0,2.3172455,0.0,0.06684828
15781.64,0.0,2.6270905,0.0,0.05936742
15781.84,0.0,1.9087296,0.0,0.07470417
15782.04,0.0,2.3842926,0.0,0.07165408
15782.24,0.0,2.4355774,0.0,0.055459976
15782.44,0.0,2.2493515,0.0,0.037932634
15782.64,0.0,2.713272,0.0,0.0674119
15782.84,0.0,1.9643173,0.0,0.070138216
15783.04,0.0,1.9648209,0.0,0.10848284
15783.24,0.0,2.270874,0.0,0.05280161
15783.44,0.0,1.6478043,0.0,0.08326626
15783.64,0.0,2.0670319,0.0,0.06860256
15783.84,0.0,2.0902023,0.0,0.08111167
15784.04,0.0,1.391777,0.0,0.076020956
15784.24,0.0,2.2379608,0.0,0.046863794
15784.44,0.0,2.1472855,0.0,0.0325675
15784.64,0.0,2.2317429,0.0,0.03276944
15784.84,0.0,1.8549957,0.0,0.05312729
15785.04,0.0,1.9435425,0.0,0.04644394
15785.24,0.0,2.0715942,0.0,0.058241844
15785.44,0.0,1.956749,0.0,0.028488636
15785.64,0.0,2.3114853,0.0,0.016066074
15785.84,0.0,2.5453415,0.0,0.0060436726
15786.04,0.0,2.0881119,0.0,0.02816081
15786.24,0.0,2.6011505,0.0,-0.022082329
15786.44,0.0,2.8294983,0.0,0.024900198
15786.64,0.0,2.2678604,0.0,0.037852526
15786.84,0.0,2.115364,0.0,0.021330357
15787.04,0.0,2.21212,0.0,0.018058062
15787.24,0.0,2.7031403,0.0,0.013616562
15787.44,0.0,2.3499146,0.0,0.03668952
15787.64,0.0,2.2817535,0.0,0.017397165
15787.84,0.0,2.0236206,0.0,0.043955564
15788.04,0.0,2.071434,0.0,0.02514267
15788.24,0.0,2.7523499,0.0,0.0005598068
15788.44,0.0,2.7219162,0.0,-0.005035639
15788.64,0.0,2.6389313,0.0,0.020401478
15788.84,0.0,2.4729538,0.0,0.030240774
15789.04,0.0,2.1558533,0.0,0.015996218
15789.24,0.0,2.6859818,0.0,-0.0066246986
15789.44,0.0,2.255806,0.0,0.010966063
15789.64,0.0,2.2754822,0.0,0.014126301
15789.84,0.0,2.3394928,0.0,-0.0049450397
15790.04,0.0,3.1382446,0.0,0.0031809807
15790.24,0.0,2.5302887,0.0,0.011595964
15790.44,0.0,2.7221756,0.0,0.018588066
15790.64,0.0,2.188591,0.0,0.011064529
15790.84,0.0,1.4686432,0.0,0.03243661
15791.04,0.0,2.532341,0.0,-0.013150454
15791.24,0.0,2.333847,0.0,0.013132572
15791.44,0.0,2.6503067,0.0,0.003638029
15791.64,0.0,2.723915,0.0,0.0067727566
15791.84,0.0,2.2004395,0.0,0.008954287
15792.04,0.0,2.5714264,0.0,-0.024719477
15792.24,0.0,2.5846329,0.0,-0.00019454956
15792.44,0.0,2.0365295,0.0,-0.016719103
15792.64,0.0,2.513565,0.0,-0.0234344
15792.84,0.0,3.2533188,0.0,-0.0140788555
15793.04,0.0,2.2534637,0.0,0.014169216
15793.24,0.0,2.0781174,0.0,0.032671213
15793.44,0.0,2.4211884,0.0,-0.015154839
15793.64,0.0,2.3111343,0.0,-0.0046293736
15793.84,0.0,1.9981079,0.0,-0.012558937
15794.04,0.0,2.5803604,0.0,-0.016408682
15794.24,0.0,2.5481339,0.0,-0.0138549805
15794.44,0.0,2.0677643,0.0,-0.019692421
15794.64,0.0,2.4139862,0.0,-0.018013716
15794.84,0.0,2.7973404,0.0,-0.029912949
15795.04,0.0,3.874321,0.0,-0.00041031837
15795.24,0.0,2.3653564,0.0,-0.008605003
15795.44,0.0,2.6373062,0.0,-0.031961203
15795.64,0.0,2.589882,0.0,-0.040266037
15795.84,0.0,4.281128,0.0,0.014092207
15796.04,0.0,2.3314743,0.0,-0.001480341
15796.24,0.0,1.9903336,0.0,0.009258032
15796.44,0.0,2.9348755,0.0,-0.050642014
15796.64,0.0,2.381546,0.0,-0.018436909
15796.84,0.0,2.9701157,0.0,-0.018609047
15797.04,0.0,2.504753,0.0,-0.01608038
15797.24,0.0,2.4476013,0.0,-0.025031805
15797.44,0.0,2.2230148,0.0,-0.028888226
15797.64,0.0,1.9979324,0.0,-0.034834623
15797.84,0.0,2.6309662,0.0,-0.049257994
15798.04,0.0,2.695465,0.0,-0.04577899
15798.24,0.0,3.2288742,0.0,-0.047878265
15798.44,0.0,2.2847672,0.0,-0.025803804
15798.64,0.0,2.884346,0.0,-0.03862834
15798.84,0.0,1.917244,0.0,-0.04647255
15799.04,0.0,2.9606323,0.0,-0.042938232
15799.24,0.0,3.8298264,0.0,-0.016509056
15799.44,0.0,2.782936,0.0,-0.028146982
15799.64,0.0,2.5577316,0.0,-0.034698725
15799.84,0.0,3.355484,0.0,-0.04336834
15800.04,0.0,2.887352,0.0,-0.035093546
15800.24,0.0,2.354927,0.0,-0.039764643
15800.44,0.0,2.9728699,0.0,-0.060402393
15800.64,0.0,2.4900055,0.0,-0.039357424
15800.84,0.0,2.804184,0.0,-0.03541279
15801.04,0.0,3.2257538,0.0,-0.07574797
15801.24,0.0,2.181015,0.0,-0.048141718
15801.44,0.0,3.1341095,0.0,-0.034229994
15801.64,0.0,2.5409012,0.0,-0.06461096
15801.84,0.0,2.6539307,0.0,-0.040809393
15802.04,0.0,2.157402,0.0,-0.050884962
15802.24,0.0,3.052002,0.0,-0.04575014
15802.44,0.0,2.8093567,0.0,-0.038057566
15802.64,0.0,2.3555756,0.0,-0.029337406
15802.84,0.0,1.9169159,0.0,-0.04495597
15803.04,0.0,2.7240982,0.0,-0.061763525
15803.24,0.0,3.6729202,0.0,-0.07542133
15803.44,0.0,3.1855087,0.0,-0.0427742
15803.64,0.0,2.5981445,0.0,-0.0637095
15803.84,0.0,3.647583,0.0,-0.06766486
15804.04,0.0,2.7992249,0.0,-0.050287962
15804.24,0.0,3.180931,0.0,-0.09172726
15804.44,0.0,2.228508,0.0,-0.04153657
15804.64,0.0,3.0114136,0.0,-0.045259953
15804.84,0.0,2.9983673,0.0,-0.055157423
15805.04,0.0,3.2770844,0.0,-0.057599783
15805.24,0.0,2.7339096,0.0,-0.06356025
15805.44,0.0,2.848442,0.0,-0.06828952
15805.64,0.0,2.9163284,0.0,-0.078372955
15805.84,0.0,2.847786,0.0,-0.06948519
15806.04,0.0,3.0619507,0.0,-0.0398221
15806.24,0.0,3.895424,0.0,-0.04438901
15806.44,0.0,3.3993607,0.0,-0.07388735
15806.64,0.0,2.7393494,0.0,-0.08419323
15806.84,0.0,2.975212,0.0,-0.039987564
15807.04,0.0,2.8452377,0.0,-0.065005064
15807.24,0.0,3.4969864,0.0,-0.06123233
15807.44,0.0,4.1468277,0.0,-0.035571814
15807.64,0.0,3.168045,0.0,-0.04808569
15807.84,0.0,3.505577,0.0,-0.07696152
15808.04,0.0,3.9472122,0.0,-0.05342436
15808.24,0.0,3.1710587,0.0,-0.05635667
15808.44,0.0,2.7690277,0.0,-0.061727524
15808.64,0.0,2.5025482,0.0,-0.08725643
15808.84,0.0,3.5444946,0.0,-0.07856941
15809.04,0.0,2.8932495,0.0,-0.059287786
15809.24,0.0,3.2242203,0.0,-0.088232994
15809.44,0.0,3.8020248,0.0,-0.0882082
15809.64,0.0,3.7106857,0.0,-0.077254295
15809.84,0.0,3.3486252,0.0,-0.065894604
15810.04,0.0,5.0169907,0.0,-0.07579851
15810.24,0.0,4.7458496,0.0,-0.0352211
15810.44,0.0,3.6316452,0.0,-0.08308697
15810.64,0.0,4.3346252,0.0,-0.0913496
15810.84,0.0,3.9569244,0.0,-0.063352585
15811.04,0.0,3.2824173,0.0,-0.10648775
15811.24,0.0,3.9037247,0.0,-0.08052921
15811.44,0.0,3.831482,0.0,-0.053750277
15811.64,0.0,3.88163,0.0,-0.07428932
15811.84,0.0,5.100502,0.0,-0.070353985
15812.04,0.0,3.602684,0.0,-0.08981466
15812.24,0.0,3.638626,0.0,-0.071127415
15812.44,0.0,3.6690445,0.0,-0.0987134
15812.64,0.0,4.0528946,0.0,-0.087245464
15812.84,0.0,3.7559128,0.0,-0.106324196
15813.04,0.0,4.497963,0.0,-0.07029629
15813.24,0.0,4.024849,0.0,-0.1141696
15813.44,0.0,3.6491318,0.0,-0.10299063
15813.64,0.0,4.813141,0.0,-0.03886223
15813.84,0.0,3.8331604,0.0,-0.09443951
15814.04,0.0,3.3666687,0.0,-0.05536008
15814.24,0.0,4.823944,0.0,-0.041835546
15814.44,0.0,4.590904,0.0,-0.06448722
15814.64,0.0,5.763283,0.0,-0.05189061
15814.84,0.0,3.367508,0.0,-0.078466415
15815.04,0.0,3.3263245,0.0,-0.07160473
15815.24,0.0,4.0839767,0.0,-0.11283207
15815.44,0.0,4.5611267,0.0,-0.06640792
15815.64,0.0,5.851845,0.0,-0.068157196
15815.84,0.0,8.01281,0.0,-0.015882254
15816.04,0.0,6.7617264,0.0,-0.063755274
15816.24,0.0,4.6955566,0.0,-0.09144592
15816.44,0.0,4.8333054,0.0,-0.11397886
15816.64,0.0,4.158081,0.0,-0.08618879
15816.84,0.0,6.783226,0.0,-0.031602144
15817.04,0.0,5.253578,0.0,-0.07558632
15817.24,0.0,4.890991,0.0,-0.08861065
15817.44,0.0,3.7277603,0.0,-0.07961178
15817.64,0.0,5.0010376,0.0,-0.10071993
15817.84,0.0,4.1795425,0.0,-0.08070326
15818.04,0.0,4.4627,0.0,-0.07564211
15818.24,0.0,6.340019,0.0,-0.034793854
15818.44,0.0,5.738205,0.0,-0.054783106
15818.64,0.0,5.2211,0.0,-0.112478256
15818.84,0.0,5.8174515,0.0,-0.079464436
15819.04,0.0,6.050377,0.0,-0.107512474
15819.24,0.0,4.9453354,0.0,-0.08020544
15819.44,0.0,4.8047104,0.0,-0.10527086
15819.64,0.0,4.7374496,0.0,-0.11186695
15819.84,0.0,7.211609,0.0,-0.07101536
15820.04,0.0,7.069084,0.0,-0.026504755
15820.24,0.0,4.4836426,0.0,-0.094697475
15820.44,0.0,5.5629272,0.0,-0.12479925
15820.64,0.0,7.1142426,0.0,-0.06697631
15820.84,0.0,7.4680176,0.0,-0.03449726
15821.04,0.0,5.7671356,0.0,-0.06967974
15821.24,0.0,5.5374374,0.0,-0.09365702
15821.44,0.0,5.8167267,0.0,-0.09348726
15821.64,0.0,5.800644,0.0,-0.07482576
15821.84,0.0,5.704689,0.0,-0.10992527
15822.04,0.0,6.475624,0.0,-0.09983158
15822.24,0.0,6.101143,0.0,-0.0657475
15822.44,0.0,6.2356186,0.0,-0.11158323
15822.64,0.0,6.1230392,0.0,-0.06359935
15822.84,0.0,7.1308975,0.0,-0.031210661
15823.04,0.0,6.060135,0.0,-0.11038399
15823.24,0.0,7.0204697,0.0,-0.102154255
15823.44,0.0,9.259071,0.0,-0.03297639
15823.64,0.0,8.719879,0.0,-0.10346031
15823.84,0.0,9.180222,0.0,-0.026918411
15824.04,0.0,9.000229,0.0,-0.015919209
15824.24,0.0,8.658295,0.0,-0.05004859
15824.44,0.0,7.0695953,0.0,-0.13145494
15824.64,0.0,12.2169,0.0,-0.012027025
15824.84,0.0,10.802444,0.0,-0.015453339
15825.04,0.0,13.836239,0.0,0.01955986
15825.24,0.0,7.296608,0.0,-0.030285358
15825.44,0.0,9.502312,0.0,-0.02569294
15825.64,0.0,8.328613,0.0,-0.02292037
15825.84,0.0,9.786026,0.0,-0.043453693
15826.04,0.0,9.562641,0.0,-0.04842496
15826.24,0.0,7.5461807,0.0,-0.09259939
15826.44,0.0,7.3478546,0.0,-0.054528713
15826.64,0.0,9.801159,0.0,-0.07050848
15826.84,0.0,8.550491,0.0,-0.0730567
15827.04,0.0,9.0047,0.0,-0.09373808
15827.24,0.0,13.657894,0.0,-0.03507662
15827.44,0.0,14.738415,0.0,0.017620325
15827.64,0.0,7.3835297,0.0,-0.1298213
15827.84,0.0,7.443283,0.0,-0.112431526
15828.04,0.0,10.50613,0.0,-0.021325111
15828.24,0.0,6.043625,0.0,-0.07390976
15828.44,0.0,9.311142,0.0,-0.027896166
15828.64,0.0,9.450966,0.0,-0.01703024
15828.84,0.0,12.133377,0.0,-0.0013160706
15829.04,0.0,8.296631,0.0,-0.038452864
15829.24,0.0,11.291943,0.0,-0.022495985
15829.44,0.0,8.250061,0.0,-0.0060608387
15829.64,0.0,12.076996,0.0,-0.034528017
15829.84,0.0,8.684303,0.0,-0.11535549
15830.04,0.0,9.417221,0.0,-0.15336037
15830.24,0.0,10.786171,0.0,-0.11147499
15830.44,0.0,11.577099,0.0,0.001991272
15830.64,0.0,9.789547,0.0,-0.007075548
15830.84,0.0,7.440132,0.0,-0.12615824
15831.04,0.0,14.798576,0.0,-0.0856514
15831.24,0.0,13.656143,0.0,-0.03946805
15831.44,0.0,13.693504,0.0,-0.0013668537
15831.64,0.0,13.226074,0.0,-0.02433014
15831.84,0.0,15.988411,0.0,0.0139911175
15832.04,0.0,11.4995,0.0,-0.084908485
15832.24,0.0,14.607063,0.0,-0.00086951256
15832.44,0.0,19.656239,0.0,0.03154874
15832.64,0.0,12.121548,0.0,-0.034281492
15832.84,0.0,15.094093,0.0,0.017184973
15833.04,0.0,12.76693,0.0,0.030679941
15833.24,0.0,11.987076,0.0,-0.067210436
15833.44,0.0,10.762787,0.0,-0.0954833
15833.64,0.0,13.114395,0.0,-0.06920719
15833.84,0.0,18.30318,0.0,0.029080153
15834.04,183.33,19.595573,0.0,0.09588146
15834.24,183.33,13.419338,0.0,0.010492563
15834.44,183.33,15.886452,0.0,0.011338472
15834.64,183.33,13.060738,0.0,-0.02140522
15834.84,183.33,8.745338,0.0,-0.1488719
15835.04,183.33,10.227692,0.0,-0.09787607
15835.24,183.33,8.949783,0.0,-0.064551115
15835.44,183.33,9.860146,0.0,-0.041844606
15835.64,183.33,12.490932,0.0,-0.026582718
15835.84,183.33,11.622078,0.0,-0.034107924
15836.04,183.33,11.801689,0.0,-0.06112218
15836.24,183.33,13.953537,0.0,-0.0025429726
15836.44,183.33,10.94249,0.0,-0.08128309
15836.64,183.33,18.062061,0.0,0.03670144
15836.84,183.33,20.773705,0.0,0.0157938
15837.04,183.33,14.214867,0.0,-0.058897734
15837.24,183.33,17.270432,0.0,-0.022878408
15837.44,183.33,22.562191,0.0,0.031609535
15837.64,183.33,26.768627,0.0,0.14846015
15837.84,183.33,22.634872,0.0,0.08887911
15838.04,183.33,28.500996,0.0,0.14829516
15838.24,183.33,17.253674,0.0,-0.04234743
15838.44,183.33,17.992126,0.0,0.00449872
15838.64,183.33,20.925339,0.0,0.0147099495
15838.84,183.33,12.435719,0.0,-0.1223135
15839.04,183.33,18.16941,0.0,-0.02594781
15839.24,183.33,30.27761,0.0,0.13566351
15839.44,183.33,25.349552,0.0,0.06433368
15839.64,183.33,20.8391,0.0,0.018634796
15839.84,183.33,29.038616,0.0,0.11750722
15840.04,183.33,16.492897,0.0,0.0078122616
15840.24,183.33,30.814339,0.0,0.08556104
15840.44,183.33,24.509907,0.0,0.041255713
15840.64,183.33,28.568905,0.0,0.07601309
15840.84,183.33,21.743763,0.0,0.02742958
15841.04,183.33,41.010902,0.0,0.15629506
15841.24,183.33,49.43657,0.0,0.25568962
15841.44,183.33,46.346046,0.0,0.22820425
15841.64,183.33,15.57518,0.0,0.016837358
15841.84,183.33,21.883858,0.0,0.03358102
15842.04,183.33,27.851418,0.0,0.114840746
15842.24,183.33,25.057087,0.0,0.08530784
15842.44,183.33,22.188137,0.0,0.075623274
15842.64,183.33,36.542587,0.0,0.14050889
15842.84,183.33,34.58099,0.0,0.14782381
15843.04,183.33,30.81459,0.0,0.12254357
15843.24,183.33,50.455242,0.0,0.21464777
15843.44,183.33,32.151474,0.0,0.08948445
15843.64,183.33,33.506138,0.0,0.14394498
15843.84,183.33,45.31706,0.0,0.24291348
15844.04,183.33,42.52451,0.0,0.23913288
15844.24,183.33,34.80206,0.0,0.1744752
15844.44,183.33,46.97767,0.0,0.19255948
15844.64,183.33,40.134212,0.0,0.15474987
15844.84,183.33,35.960995,0.0,0.10910344
15845.04,183.33,26.429756,0.0,0.048547983
15845.24,183.33,24.546955,0.0,0.015907288
15845.44,183.33,39.401413,0.0,0.18047976
15845.64,183.33,28.037663,0.0,0.10517001
15845.84,183.33,19.564415,0.0,-0.013596773
15846.04,183.33,34.376736,0.0,0.11375499
15846.24,183.33,25.475163,0.0,0.016952753
15846.44,183.33,34.269665,0.0,0.11204481
15846.64,183.33,55.461075,0.0,0.21686864
15846.84,183.33,61.57456,0.0,0.31749225
15847.04,183.33,73.66431,0.0,0.38481545
15847.24,183.33,60.117317,0.0,0.37988448
15847.44,183.33,103.007195,0.0,0.45364666
15847.64,183.33,124.16316,0.0,0.61319065
15847.84,183.33,144.22162,0.0,0.5548794
15848.04,183.33,130.26797,0.0,0.7011707
15848.24,183.33,158.93645,0.0,0.55294347
15848.44,183.33,152.20088,0.0,0.7353437
15848.64,183.33,163.61656,0.0,0.6804724
15848.84,183.33,164.3953,0.0,0.65571594
15849.04,183.33,160.79727,0.0,0.6857121
15849.24,183.33,161.07199,0.0,0.85458875
15849.44,183.33,164.0801,0.0,0.8242817
15849.64,183.33,176.96318,0.0,0.47792244
15849.84,183.33,161.84418,0.0,0.78966784
15850.04,183.33,173.85526,0.0,0.48183107
15850.24,183.33,184.5951,0.0,0.36018848
15850.44,183.33,187.29054,0.0,0.22554588
15850.64,183.33,179.96115,0.0,0.3179183
15850.84,183.33,179.56702,0.0,0.23948812
15851.04,183.33,186.06813,0.0,0.1961801
15851.24,183.33,190.62454,0.0,0.14851141
15851.44,183.33,192.05486,0.0,0.12832022
15851.64,183.33,210.92523,0.0,0.05153203
15851.84,183.33,209.43787,0.0,0.07007122
15852.04,183.33,201.59827,0.0,0.12418461
15852.24,183.33,204.80292,0.0,0.011292934
15852.44,183.33,227.82501,0.0,-0.08360529
15852.64,183.33,215.39783,0.0,-0.051907063
15852.84,183.33,205.77115,0.0,-0.06748819
15853.04,183.33,219.57474,0.0,-0.08733368
15853.24,183.33,224.48758,0.0,-0.11603117
15853.44,183.33,227.86725,0.0,-0.09004164
15853.64,183.33,224.01584,0.0,-0.113274574
15853.84,183.33,213.80496,0.0,-0.050359726
15854.04,183.33,216.97412,0.0,-0.018610477
15854.24,183.33,218.0849,0.0,-0.048318148
15854.44,183.33,196.25046,0.0,0.05719757
15854.64,183.33,219.42197,0.0,-0.016368866
15854.84,183.33,231.68991,0.0,-0.09042311
15855.04,183.33,216.63376,0.0,-0.0036258698
15855.24,183.33,215.8122,0.0,0.013405085
15855.44,183.33,211.87405,0.0,0.030391216
15855.64,183.33,219.35785,0.0,0.026632786
15855.84,183.33,234.94254,0.0,-0.070828915
15856.04,183.33,235.56271,0.0,-0.03826976
15856.24,183.33,241.86938,0.0,-0.09300375
15856.44,183.33,244.70547,0.0,-0.113006115
15856.64,183.33,236.73633,0.0,-0.030064583
15856.84,183.33,241.99417,0.0,-0.04126072
15857.04,183.33,230.13272,0.0,-0.04190445
15857.24,183.33,223.25513,0.0,-0.0002617836
15857.44,183.33,227.07767,0.0,-0.009647131
15857.64,183.33,236.2091,0.0,-0.09311199
15857.84,183.33,230.1849,0.0,-0.039104223
15858.04,183.33,233.90277,0.0,-0.06785941
15858.24,183.33,215.12976,0.0,0.027651787
15858.44,183.33,224.7713,0.0,-0.0431149
15858.64,183.33,239.59802,0.0,-0.10423851
15858.84,183.33,226.59937,0.0,-0.07922602
15859.04,183.33,240.88095,0.0,-0.11855984
15859.24,183.33,234.22617,0.0,-0.10706043
15859.44,183.33,231.37006,0.0,-0.05132103
15859.64,183.33,233.51761,0.0,-0.13035631
15859.84,183.33,244.80072,0.0,-0.15279436
15860.04,183.33,242.9754,0.0,-0.17198563
15860.24,183.33,243.9172,0.0,-0.17661905
15860.44,183.33,232.20386,0.0,-0.15321255
15860.64,183.33,224.43936,0.0,-0.08274126
15860.84,183.33,226.56046,0.0,-0.079128265
15861.04,183.33,233.01309,0.0,-0.14131165
15861.24,183.33,252.59976,0.0,-0.2598257
15861.44,183.33,242.81415,0.0,-0.20053196
15861.64,183.33,235.02008,0.0,-0.1830492
15861.84,183.33,235.40442,0.0,-0.18454838
15862.04,183.33,238.75882,0.0,-0.18647957
15862.24,183.33,245.40073,0.0,-0.25567913
15862.44,183.33,242.32639,0.0,-0.21172714
15862.64,183.33,237.59299,0.0,-0.17741632
15862.84,183.33,251.71579,0.0,-0.2724023
15863.04,183.33,242.43536,0.0,-0.22310019
15863.24,183.33,236.91205,0.0,-0.20495939
15863.44,183.33,242.11066,0.0,-0.23056793
15863.64,183.33,243.91754,0.0,-0.23331594
15863.84,183.33,243.41605,0.0,-0.25965023
15864.04,183.33,235.9425,0.0,-0.12515926
15864.24,183.33,239.67621,0.0,-0.22533655
15864.44,183.33,231.76715,0.0,-0.123909
15864.64,183.33,228.77356,0.0,-0.14522791
15864.84,183.33,234.74997,0.0,-0.1522975
15865.04,183.33,238.69495,0.0,-0.18759537
15865.24,183.33,246.50494,0.0,-0.21542549
15865.44,183.33,241.82794,0.0,-0.17995119
15865.64,183.33,236.52057,0.0,-0.17148685
15865.84,183.33,234.62622,0.0,-0.19774294
15866.04,183.33,233.16083,0.0,-0.15343523
15866.24,183.33,244.00607,0.0,-0.22247124
15866.44,183.33,240.4693,0.0,-0.18419075
15866.64,183.33,251.8895,0.0,-0.25912666
15866.84,183.33,235.95822,0.0,-0.18781853
15867.04,183.33,232.56436,0.0,-0.17926311
15867.24,183.33,229.75726,0.0,-0.18765497
15867.44,183.33,241.87881,0.0,-0.18830729
15867.64,183.33,245.94281,0.0,-0.24038935
15867.84,183.33,248.09183,0.0,-0.28859663
15868.04,183.33,231.56201,0.0,-0.13828707
15868.24,183.33,237.39496,0.0,-0.19997406
15868.44,183.33,238.73471,0.0,-0.2506175
15868.64,183.33,229.75244,0.0,-0.19623709
15868.84,183.33,256.58224,0.0,-0.30997705
15869.04,183.33,244.93964,0.0,-0.26558685
15869.24,183.33,234.4878,0.0,-0.2158699
15869.44,183.33,246.01471,0.0,-0.25834894
15869.64,183.33,231.05151,0.0,-0.21419573
15869.84,183.33,241.83484,0.0,-0.28028488
15870.04,183.33,243.08157,0.0,-0.19973755
15870.24,183.33,236.75772,0.0,-0.24203396
15870.44,183.33,229.57098,0.0,-0.21570921
15870.64,183.33,233.53287,0.0,-0.19181442
15870.84,183.33,234.33344,0.0,-0.2248702
15871.04,183.33,235.43066,0.0,-0.27201033
15871.24,183.33,229.91852,0.0,-0.1796298
15871.44,183.33,251.17886,0.0,-0.2931881
15871.64,183.33,243.67636,0.0,-0.27245998
15871.84,183.33,235.17172,0.0,-0.22078848
15872.04,183.33,238.52414,0.0,-0.2834673
15872.24,183.33,239.1818,0.0,-0.21604586
15872.44,183.33,245.8775,0.0,-0.27248716
15872.64,183.33,236.62924,0.0,-0.2172389
15872.84,183.33,234.27707,0.0,-0.20697355
15873.04,183.33,255.42313,0.0,-0.33276033
15873.24,183.33,233.44641,0.0,-0.23246193
15873.44,183.33,234.1958,0.0,-0.22758627
15873.64,183.33,224.12802,0.0,-0.17360497
15873.84,183.33,223.58466,0.0,-0.1596818
15874.04,183.33,244.00708,0.0,-0.23539972
15874.24,183.33,243.29013,0.0,-0.26167202
15874.44,183.33,221.79132,0.0,-0.19210482
15874.64,183.33,241.30466,0.0,-0.25675535
15874.84,183.33,237.86313,0.0,-0.24476671
15875.04,183.33,231.85135,0.0,-0.3112054
15875.24,183.33,243.0951,0.0,-0.22374344
15875.44,183.33,235.65381,0.0,-0.2820282
15875.64,183.33,252.29697,0.0,-0.29104233
15875.84,183.33,237.6596,0.0,-0.25455618
15876.04,183.33,227.36282,0.0,-0.20752382
15876.24,183.33,239.45749,0.0,-0.24456882
15876.44,183.33,232.26682,0.0,-0.26417637
15876.64,183.33,225.58722,0.0,-0.16724253
15876.84,183.33,235.56808,0.0,-0.23259115
15877.04,183.33,241.55273,0.0,-0.28109217
15877.24,183.33,238.98468,0.0,-0.2199235
15877.44,183.33,218.43121,0.0,-0.20730448
15877.64,183.33,239.32266,0.0,-0.22260857
15877.84,183.33,235.34192,0.0,-0.19574213
15878.04,183.33,233.25186,0.0,-0.23711538
15878.24,183.33,228.87543,0.0,-0.20135021
15878.44,183.33,219.2551,0.0,-0.22645903
15878.64,183.33,239.75311,0.0,-0.24940872
15878.84,183.33,226.51569,0.0,-0.15787554
15879.04,183.33,210.40717,0.0,-0.16591454
15879.24,183.33,219.36758,0.0,-0.16195679
15879.44,183.33,243.8028,0.0,-0.29798412
15879.64,183.33,239.35104,0.0,-0.18970346
15879.84,183.33,230.30383,0.0,-0.2038846
15880.04,183.33,229.7279,0.0,-0.17163181
15880.24,183.33,226.03214,0.0,-0.18072748
15880.44,183.33,228.68439,0.0,-0.21426868
15880.64,183.33,223.1831,0.0,-0.22640562
15880.84,183.33,246.98788,0.0,-0.29229498
15881.04,183.33,229.39255,0.0,-0.25928736
15881.24,183.33,247.60052,0.0,-0.22136831
15881.44,183.33,222.43384,0.0,-0.16128492
15881.64,183.33,217.82779,0.0,-0.17233658
15881.84,183.33,234.17972,0.0,-0.2310276
15882.04,183.33,229.64868,0.0,-0.19475985
15882.24,183.33,216.3136,0.0,-0.20020294
15882.44,183.33,212.99536,0.0,-0.20311737
15882.64,183.33,221.47003,0.0,-0.15443373
15882.84,183.33,229.89484,0.0,-0.20970345
15883.04,183.33,227.54944,0.0,-0.19368982
15883.24,183.33,233.48999,0.0,-0.18652678
15883.44,183.33,226.00003,0.0,-0.15756416
15883.64,183.33,237.45001,0.0,-0.17504215
15883.84,183.33,222.3498,0.0,-0.19535398
15884.04,183.33,218.62268,0.0,-0.18364859
15884.24,183.33,240.6918,0.0,-0.18480206
15884.44,183.33,216.84479,0.0,-0.14737654
15884.64,183.33,229.98215,0.0,-0.21171236
15884.84,183.33,237.60184,0.0,-0.21339655
15885.04,183.33,226.46182,0.0,-0.19955873
15885.24,183.33,216.16434,0.0,-0.14666605
15885.44,183.33,223.40472,0.0,-0.15925884
15885.64,183.33,226.3418,0.0,-0.165205
15885.84,183.33,232.39069,0.0,-0.21295309
15886.04,183.33,237.1325,0.0,-0.21075296
15886.24,183.33,235.93286,0.0,-0.15598297
15886.44,183.33,219.67001,0.0,-0.1895833
15886.64,183.33,220.74463,0.0,-0.2119937
15886.84,183.33,223.07193,0.0,-0.17613506
15887.04,183.33,227.50473,0.0,-0.21423578
15887.24,183.33,224.25858,0.0,-0.21212721
15887.44,183.33,227.26297,0.0,-0.2073965
15887.64,183.33,230.06232,0.0,-0.21015549
15887.84,183.33,221.35565,0.0,-0.19168806
15888.04,183.33,223.94202,0.0,-0.16176033
15888.24,183.33,244.93689,0.0,-0.17892551
15888.44,183.33,236.85132,0.0,-0.20225525
15888.64,183.33,235.51447,0.0,-0.18636465
15888.84,183.33,234.57019,0.0,-0.2274785
15889.04,183.33,226.25806,0.0,-0.17240143
15889.24,183.33,214.883,0.0,-0.21144629
15889.44,183.33,213.73541,0.0,-0.11753225
15889.64,183.33,219.3602,0.0,-0.1320076
15889.84,183.33,218.21371,0.0,-0.17024803
15890.04,183.33,225.51581,0.0,-0.15423536
15890.24,183.33,217.74414,0.0,-0.14605951
15890.44,183.33,212.55823,0.0,-0.15886164
15890.64,183.33,219.67102,0.0,-0.15250492
15890.84,183.33,218.80804,0.0,-0.1660757
15891.04,183.33,213.51608,0.0,-0.15586424
15891.24,183.33,213.50317,0.0,-0.14184237
15891.44,183.33,213.07773,0.0,-0.12445116
15891.64,183.33,208.09058,0.0,-0.13454962
15891.84,183.33,202.35114,0.0,-0.1765976
15892.04,183.33,235.95706,0.0,-0.13642597
15892.24,183.33,224.918,0.0,-0.17386293
15892.44,183.33,210.72867,0.0,-0.06765962
15892.64,183.33,212.31952,0.0,-0.15681648
15892.84,183.33,216.7319,0.0,-0.1264615
15893.04,183.33,217.27844,0.0,-0.13225508
15893.24,183.33,223.04132,0.0,-0.14891434
15893.44,183.33,224.15973,0.0,-0.15794277
15893.64,183.33,232.24622,0.0,-0.14171076
15893.84,183.33,221.93628,0.0,-0.13469839
15894.04,183.33,224.13516,0.0,-0.12081289
15894.24,183.33,216.17258,0.0,-0.21107388
15894.44,183.33,213.91324,0.0,-0.10431099
15894.64,183.33,210.70288,0.0,-0.16342974
15894.84,183.33,230.32202,0.0,-0.15120697
15895.04,183.33,218.6081,0.0,-0.14356995
15895.24,183.33,221.60876,0.0,-0.094658375
15895.44,183.33,214.98221,0.0,-0.087667465
15895.64,183.33,216.28241,0.0,-0.15506363
15895.84,183.33,203.8103,0.0,-0.11595249
15896.04,183.33,209.12592,0.0,-0.106852055
15896.24,183.33,230.83066,0.0,-0.11408281
15896.44,183.33,219.64264,0.0,-0.10528278
15896.64,183.33,224.46265,0.0,-0.076208115
15896.84,183.33,208.69357,0.0,-0.06695199
15897.04,183.33,213.67288,0.0,-0.09167719
15897.24,183.33,212.04092,0.0,-0.10601139
15897.44,183.33,217.31638,0.0,-0.11778736
15897.64,183.33,224.71149,0.0,-0.13177443
15897.84,183.33,222.71136,0.0,-0.12828779
15898.04,183.33,213.0664,0.0,-0.03763652
15898.24,183.33,228.20505,0.0,-0.14541101
15898.44,183.33,222.3522,0.0,-0.112868786
15898.64,183.33,217.32037,0.0,-0.14299297
15898.84,183.33,211.98254,0.0,-0.083996296
15899.04,183.33,229.95377,0.0,-0.10706329
15899.24,183.33,223.58417,0.0,-0.10874891
15899.44,183.33,209.0859,0.0,-0.091992855
15899.64,183.33,214.55548,0.0,-0.096511364
15899.84,183.33,209.14917,0.0,-0.10902929
15900.04,183.33,228.40866,0.0,-0.1451292
15900.24,183.33,199.22752,0.0,-0.08308554
15900.44,183.33,199.33038,0.0,-0.1498971
15900.64,183.33,210.99344,0.0,-0.06737566
15900.84,183.33,208.2909,0.0,-0.07573938
15901.04,183.33,203.69003,0.0,-0.11758566
15901.24,183.33,215.08224,0.0,-0.16469097
15901.44,183.33,223.35098,0.0,-0.120204926
15901.64,183.33,221.92542,0.0,-0.13511658
15901.84,183.33,208.11093,0.0,-0.043445826
15902.04,183.33,203.86993,0.0,-0.07694435
15902.24,183.33,203.64716,0.0,-0.09899998
15902.44,183.33,222.59421,0.0,-0.122412205
15902.64,183.33,208.81537,0.0,-0.08115339
15902.84,183.33,219.61328,0.0,-0.13506174
15903.04,183.33,203.66492,0.0,-0.19292688
15903.24,183.33,209.17792,0.0,-0.09331989
15903.44,183.33,200.64139,0.0,-0.11238766
15903.64,183.33,211.29034,0.0,-0.10664892
15903.84,183.33,223.21902,0.0,-0.067522526
15904.04,183.33,220.80634,0.0,-0.1218853
15904.24,183.33,203.92148,0.0,-0.05124712
15904.44,183.33,200.58698,0.0,-0.18967104
15904.64,183.33,216.72824,0.0,-0.08175039
15904.84,183.33,194.21883,0.0,-0.112039566
15905.04,183.33,218.00781,0.0,-0.09581852
15905.24,183.33,220.60379,0.0,-0.12212372
15905.44,183.33,215.28561,0.0,-0.099684715
15905.64,183.33,195.67212,0.0,-0.1796422
15905.84,183.33,217.15134,0.0,-0.1233263
15906.04,183.33,215.79816,0.0,-0.1594572
15906.24,183.33,220.96353,0.0,-0.14642715
15906.44,183.33,204.74762,0.0,-0.034487963
15906.64,183.33,204.79819,0.0,-0.12424421
15906.84,183.33,222.45517,0.0,-0.15588427
15907.04,183.33,216.72797,0.0,-0.10420227
15907.24,183.33,204.33725,0.0,-0.117248535
15907.44,183.33,199.5133,0.0,-0.1155324
15907.64,183.33,214.70901,0.0,-0.095314026
15907.84,183.33,200.61581,0.0,-0.121546745
15908.04,183.33,205.77573,0.0,-0.02042675
15908.24,183.33,216.23254,0.0,-0.12955284
15908.44,183.33,207.82407,0.0,-0.12046766
15908.64,183.33,208.28333,0.0,-0.152421
15908.84,183.33,200.69667,0.0,-0.07064533
15909.04,183.33,178.73108,0.0,-0.10895729
15909.24,183.33,197.25241,0.0,-0.11455202
15909.44,183.33,188.18408,0.0,0.018817902
15909.64,183.33,201.31357,0.0,-0.022747278
15909.84,183.33,201.55203,0.0,-0.14761114
15910.04,183.33,219.24591,0.0,-0.077833176
15910.24,183.33,194.5615,0.0,-0.069918156
15910.44,183.33,200.7756,0.0,-0.014384508
15910.64,183.33,197.49747,0.0,-0.1637168
15910.84,183.33,219.10706,0.0,-0.10215378
15911.04,183.33,215.11734,0.0,-0.016981602
15911.24,183.33,218.58948,0.0,-0.09235191
15911.44,183.33,219.20663,0.0,-0.10347414
15911.64,183.33,202.15799,0.0,-0.14360332
15911.84,183.33,217.58417,0.0,-0.05638528
15912.04,183.33,208.55396,0.0,-0.11611557
15912.24,183.33,230.11096,0.0,-0.12816668
15912.44,183.33,205.22495,0.0,-0.13940382
15912.64,183.33,221.91629,0.0,-0.0137553215
15912.84,183.33,208.76996,0.0,-0.07474041
15913.04,183.33,208.59589,0.0,-0.15392065
15913.24,183.33,211.43802,0.0,-0.08840895
15913.44,183.33,207.84769,0.0,-0.0893383
15913.64,183.33,209.94107,0.0,-0.08407116
15913.84,183.33,205.50552,0.0,-0.19913101
15914.04,183.33,204.21191,0.0,-0.11597252
15914.24,183.33,190.65656,0.0,-0.13474989
15914.44,183.33,189.9295,0.0,-0.24823332
15914.64,183.33,216.65332,0.0,-0.10078764
15914.84,183.33,218.61176,0.0,-0.13959885
15915.04,183.33,230.09436,0.0,-0.072630405
15915.24,183.33,221.37607,0.0,-0.12692356
15915.44,183.33,202.31589,0.0,-0.20292377
15915.64,183.33,201.70544,0.0,-0.08856678
15915.84,183.33,214.87534,0.0,-0.023794174
15916.04,183.33,224.4141,0.0,-0.07538891
15916.24,183.33,208.26178,0.0,-0.10513401
15916.44,183.33,214.54404,0.0,-0.0540092
15916.64,183.33,216.73712,0.0,-0.063509226
15916.84,183.33,204.99866,0.0,-0.011312246
15917.04,183.33,198.09659,0.0,-0.023736715
15917.24,183.33,208.58966,0.0,-0.029335976
15917.44,183.33,208.4679,0.0,-0.021574974
15917.64,183.33,203.24194,0.0,-0.092871666
15917.84,183.33,221.49704,0.0,-0.13826609
15918.04,183.33,214.02411,0.0,-0.103274345
15918.24,183.33,226.21518,0.0,-0.17349386
15918.44,183.33,224.97205,0.0,0.00061655045
15918.64,183.33,208.71008,0.0,-0.12261915
15918.84,183.33,209.22922,0.0,1.5497208e-05
15919.04,183.33,208.53,0.0,-0.023752451
15919.24,183.33,203.25262,0.0,-0.080019
15919.44,183.33,215.00299,0.0,-0.08069992
15919.64,183.33,205.82468,0.0,-0.15263367
15919.84,183.33,217.93097,0.0,-0.019370794
15920.04,183.33,198.63869,0.0,-0.008416414
15920.24,183.33,198.66235,0.0,-0.0072197914
15920.44,183.33,186.47206,0.0,-0.01781702
15920.64,183.33,193.72696,0.0,-0.10889578
15920.84,183.33,202.30475,0.0,-0.21054506
15921.04,183.33,214.14124,0.0,-0.042821646
15921.24,183.33,199.5657,0.0,-0.052606344
15921.44,183.33,201.99481,0.0,-0.078222275
15921.64,183.33,213.01718,0.0,-0.077522755
15921.84,183.33,216.3417,0.0,-0.077326775
15922.04,183.33,204.0582,0.0,-0.06987476
15922.24,183.33,202.31644,0.0,-0.19386864
15922.44,183.33,200.9098,0.0,-0.055161476
15922.64,183.33,182.5173,0.0,-0.016504526
15922.84,183.33,195.34686,0.0,-0.14522791
15923.04,183.33,195.32927,0.0,0.00590539
15923.24,183.33,188.25296,0.0,-0.034745455
15923.44,183.33,193.1017,0.0,-0.2216134
15923.64,183.33,205.37796,0.0,-0.02443862
15923.84,183.33,197.93718,0.0,-0.16826868
15924.04,183.33,228.48868,0.0,-0.12566996
15924.24,183.33,196.24457,0.0,-0.05521965
15924.44,183.33,198.79166,0.0,-0.15557432
15924.64,183.33,191.97577,0.0,-0.0982151
15924.84,183.33,185.85367,0.0,-0.10230112
15925.04,183.33,195.93944,0.0,-0.1859231
15925.24,183.33,215.00494,0.0,-0.02137351
15925.44,183.33,210.3887,0.0,-0.08932161
15925.64,183.33,188.44199,0.0,-0.056199074
15925.84,183.33,187.5187,0.0,-0.0635128
15926.04,183.33,195.29094,0.0,-0.022235155
15926.24,183.33,176.3447,0.0,0.067267895
15926.44,183.33,163.84013,0.0,-0.07218552
15926.64,183.33,179.40271,0.0,-0.10681629
15926.84,183.33,177.43365,0.0,0.030410051
15927.04,183.33,155.86443,0.0,-0.06869054
15927.24,183.33,170.31303,0.0,-0.07331467
15927.44,183.33,161.56505,0.0,-0.21835709
15927.64,183.33,165.06802,0.0,-0.1686287
15927.84,183.33,190.66478,0.0,-0.059607744
15928.04,183.33,194.93051,0.0,-0.10582352
15928.24,183.33,174.02667,0.0,-0.05838394
15928.44,183.33,161.40874,0.0,-0.06737113
15928.64,183.33,160.25076,0.0,0.036637306
15928.84,183.33,158.87073,0.0,-0.12694073
15929.04,183.33,189.909,0.0,-0.049233675
15929.24,183.33,167.88739,0.0,0.1114707
15929.44,183.33,140.88586,0.0,0.014189243
15929.64,183.33,142.87932,0.0,0.021926403
15929.84,183.33,129.19006,0.0,0.0696919
15930.04,183.33,122.33974,0.0,0.058235884
15930.24,183.33,139.16216,0.0,-0.097471714
15930.44,183.33,146.42859,0.0,-0.0029082298
15930.64,183.33,172.36504,0.0,-0.053248882
15930.84,183.33,162.29614,0.0,0.16040492
15931.04,183.33,152.12024,0.0,0.00064754486
15931.24,183.33,149.39478,0.0,0.08832598
15931.44,183.33,104.11015,0.0,-0.09481001
15931.64,183.33,125.937836,0.0,-0.10175562
15931.84,183.33,159.31259,0.0,-0.009508371
15932.04,183.33,139.6544,0.0,0.1548357
15932.24,183.33,106.23045,0.0,-0.015168667
15932.44,183.33,143.34116,0.0,0.0076272488
15932.64,183.33,119.04152,0.0,-0.07014465
15932.84,183.33,121.03827,0.0,-0.041636467
15933.04,183.33,141.79352,0.0,0.0013873577
15933.24,183.33,116.479294,0.0,-0.06296277
15933.44,183.33,161.32336,0.0,-0.0017766953
15933.64,183.33,129.45255,0.0,0.1923554
15933.84,183.33,83.19891,0.0,-0.064465284
15934.04,0.0,145.26448,0.0,0.09323144
15934.24,0.0,112.642395,0.0,0.08096218
15934.44,0.0,119.97859,0.0,0.14392495
15934.64,0.0,90.212814,0.0,0.116416454
15934.84,0.0,81.064255,0.0,-0.026168346
15935.04,0.0,97.1436,0.0,0.109528065
15935.24,0.0,78.26563,0.0,0.1075716
15935.44,0.0,58.55481,0.0,0.18722963
15935.64,0.0,94.61302,0.0,0.1187129
15935.84,0.0,107.108505,0.0,0.075650215
15936.04,0.0,113.81767,0.0,0.05022025
15936.24,0.0,99.08759,0.0,0.0125694275
15936.44,0.0,99.75872,0.0,-0.08719158
15936.64,0.0,80.0494,0.0,-0.06606889
15936.84,0.0,111.951294,0.0,0.22515416
15937.04,0.0,92.32832,0.0,0.04103303
15937.24,0.0,67.651184,0.0,0.19430614
15937.44,0.0,34.010345,0.0,-0.0069577694
15937.64,0.0,59.675068,0.0,0.20260811
15937.84,0.0,28.884697,0.0,-0.098722935
15938.04,0.0,35.529606,0.0,-0.04737258
15938.24,0.0,46.961716,0.0,-0.10024786
15938.44,0.0,49.761604,0.0,-0.024363756
15938.64,0.0,58.186783,0.0,-0.14098787
15938.84,0.0,84.58126,0.0,-0.12176895
15939.04,0.0,41.17779,0.0,-0.0763607
15939.24,0.0,26.95617,0.0,-0.17523003
15939.44,0.0,32.06851,0.0,-0.15540361
15939.64,0.0,48.80732,0.0,-0.23254299
15939.84,0.0,21.264576,0.0,-0.03415513
15940.04,0.0,30.763603,0.0,-0.06724644
15940.24,0.0,36.74325,0.0,-0.03567481
15940.44,0.0,30.26186,0.0,-0.099113464
15940.64,0.0,16.737812,0.0,-0.06292796
15940.84,0.0,26.018112,0.0,-0.21482277
15941.04,0.0,26.459873,0.0,-0.22168303
15941.24,0.0,24.164898,0.0,-0.07910156
15941.44,0.0,34.327362,0.0,0.0799129
15941.64,0.0,37.483437,0.0,-0.101601124
15941.84,0.0,38.69424,0.0,-0.34026432
15942.04,0.0,30.320312,0.0,-0.2853589
15942.24,0.0,15.850487,0.0,-0.3677454
15942.44,0.0,43.59902,0.0,-0.13239527
15942.64,0.0,27.77341,0.0,-0.21970463
15942.84,0.0,19.588017,0.0,-0.10087824
15943.04,0.0,33.69699,0.0,-0.05524659
15943.24,0.0,58.53588,0.0,-0.42407846
15943.44,0.0,41.743813,0.0,0.054970026
15943.64,0.0,40.783417,0.0,-0.2940626
15943.84,0.0,39.53187,0.0,-0.3153968
15944.04,0.0,81.49366,0.0,-0.31214714
15944.24,0.0,32.96629,0.0,-0.11150694
15944.44,0.0,62.92504,0.0,-0.20828581
15944.64,0.0,56.163578,0.0,-0.12327576
15944.84,0.0,51.777687,0.0,-0.0025668144
15945.04,0.0,42.362335,0.0,-0.22453642
15945.24,0.0,73.03491,0.0,-0.05696416
15945.44,0.0,90.87469,0.0,-0.2404294
15945.64,0.0,78.282265,0.0,-0.17296267
15945.84,0.0,85.256165,0.0,-0.19731522
15946.04,0.0,57.03813,0.0,-0.044708252
15946.24,0.0,81.99579,0.0,-0.34128618
15946.44,0.0,65.95053,0.0,-0.19528246
15946.64,0.0,81.13555,0.0,-0.008682966
15946.84,0.0,71.61385,0.0,-0.09651804
15947.04,0.0,76.3444,0.0,-0.29997396
15947.24,0.0,90.26491,0.0,0.032175303
15947.44,0.0,74.60898,0.0,-0.46839476
15947.64,0.0,81.23864,0.0,-0.5080981
15947.84,0.0,79.24419,0.0,-0.19597912
15948.04,0.0,97.29678,0.0,-0.32670546
15948.24,0.0,59.54303,0.0,-0.3847599
15948.44,0.0,86.11197,0.0,-0.43009138
15948.64,0.0,56.116577,0.0,-0.3337946
15948.84,0.0,40.51102,0.0,-0.12728071
15949.04,0.0,35.239113,0.0,-0.04573512
15949.24,0.0,15.80497,0.0,-0.22235346
15949.44,0.0,23.054447,0.0,-0.007071495
15949.64,0.0,19.278725,0.0,-0.10124159
15949.84,0.0,18.03273,0.0,-0.11223316
15950.04,0.0,12.572056,0.0,-0.13942814
15950.24,0.0,15.576244,0.0,-0.13236094
15950.44,0.0,10.635696,0.0,-0.03993535
15950.64,0.0,9.76725,0.0,-0.049598455
15950.84,0.0,10.344639,0.0,-0.10227108
15951.04,0.0,8.979271,0.0,-0.05139947
15951.24,0.0,8.91198,0.0,-0.018595695
15951.44,0.0,6.190727,0.0,-0.056364536
15951.64,0.0,11.296459,0.0,0.017543077
15951.84,0.0,6.687256,0.0,0.024224043
15952.04,0.0,6.2949677,0.0,-0.017155647
15952.24,0.0,6.432907,0.0,-0.002097845
15952.44,0.0,7.3343887,0.0,-0.008580685
15952.64,0.0,5.8396072,0.0,0.07372475
15952.84,0.0,6.3482437,0.0,0.060940027
15953.04,0.0,7.2087708,0.0,0.0016028881
15953.24,0.0,3.8876343,0.0,0.108918905
15953.44,0.0,7.428734,0.0,0.048065424
15953.64,0.0,4.162941,0.0,0.1442945
15953.84,0.0,3.8779526,0.0,0.14009428
15954.04,0.0,4.575485,0.0,0.09348273
15954.24,0.0,4.9255753,0.0,0.096858025
15954.44,0.0,5.655609,0.0,0.06274629
15954.64,0.0,4.6507034,0.0,0.09610295
15954.84,0.0,4.786682,0.0,0.115569115
15955.04,0.0,4.87014,0.0,0.09371376
15955.24,0.0,5.4855804,0.0,0.05068302
15955.44,0.0,5.8698654,0.0,0.05234933
15955.64,0.0,5.4516068,0.0,0.07116604
15955.84,0.0,5.0150375,0.0,0.11388183
15956.04,0.0,4.4007797,0.0,0.120434284
15956.24,0.0,5.71537,0.0,0.10292649
15956.44,0.0,2.9395065,0.0,0.2657199
15956.64,0.0,3.6962738,0.0,0.16482401
15956.84,0.0,4.496544,0.0,0.1363473
15957.04,0.0,3.9584885,0.0,0.24977732
15957.24,0.0,2.816162,0.0,0.24164414
15957.44,0.0,3.9300766,0.0,0.17569804
15957.64,0.0,4.0566025,0.0,0.14699674
15957.84,0.0,3.5972672,0.0,0.17374825
15958.04,0.0,4.413887,0.0,0.12275195
15958.24,0.0,3.500084,0.0,0.16947651
15958.44,0.0,4.4841995,0.0,0.14335322
15958.64,0.0,3.8308182,0.0,0.17515063
15958.84,0.0,4.135353,0.0,0.16249752
15959.04,0.0,4.4990845,0.0,0.11684799
15959.24,0.0,4.162071,0.0,0.13318968
15959.44,0.0,4.512993,0.0,0.10513234
15959.64,0.0,5.8125763,0.0,0.10095215
15959.84,0.0,3.4963837,0.0,0.20447397
15960.04,0.0,3.6895447,0.0,0.1556058
15960.24,0.0,4.0532837,0.0,0.15059972
15960.44,0.0,4.403702,0.0,0.13174486
15960.64,0.0,4.224922,0.0,0.13596702
15960.84,0.0,4.514511,0.0,0.11397886
15961.04,0.0,4.9670944,0.0,0.14694977
15961.24,0.0,3.8341599,0.0,0.16055727
15961.44,0.0,3.9532242,0.0,0.15954638
15961.64,0.0,3.885765,0.0,0.15274262
15961.84,0.0,3.809372,0.0,0.18768382
15962.04,0.0,3.6579742,0.0,0.14668918
15962.24,0.0,4.7684097,0.0,0.122434616
15962.44,0.0,4.041977,0.0,0.17371917
15962.64,0.0,3.3890762,0.0,0.20216775
15962.84,0.0,3.3845444,0.0,0.20198822
15963.04,0.0,3.2077408,0.0,0.20497012
15963.24,0.0,3.3964233,0.0,0.22007132
15963.44,0.0,3.0134583,0.0,0.22085762
15963.64,0.0,3.4857254,0.0,0.17183685
15963.84,0.0,3.350296,0.0,0.16203308
15964.04,0.0,4.3963013,0.0,0.15068316
15964.24,0.0,3.5750046,0.0,0.1915791
15964.44,0.0,2.2200851,0.0,0.29351735
15964.64,0.0,3.5813904,0.0,0.15108085
15964.84,0.0,2.6162796,0.0,0.20856476
15965.04,0.0,3.110199,0.0,0.18256235
15965.24,0.0,2.9547348,0.0,0.18448997
15965.44,0.0,2.6534348,0.0,0.21501493
15965.64,0.0,3.1861038,0.0,0.21026969
15965.84,0.0,2.5797806,0.0,0.22732067
15966.04,0.0,2.7395477,0.0,0.21554017
15966.24,0.0,2.821106,0.0,0.21157503
15966.44,0.0,2.3576431,0.0,0.18983388
15966.64,0.0,3.3100815,0.0,0.18024373
15966.84,0.0,3.3857193,0.0,0.18281817
15967.04,0.0,2.5668182,0.0,0.26321578
15967.24,0.0,2.0890732,0.0,0.2467792
15967.44,0.0,3.1924744,0.0,0.1925981
15967.64,0.0,2.2849503,0.0,0.22267938
15967.84,0.0,2.9200592,0.0,0.18609095
15968.04,0.0,2.3774261,0.0,0.19006038
15968.24,0.0,3.186081,0.0,0.17227268
15968.44,0.0,2.790001,0.0,0.19971728
15968.64,0.0,2.5635147,0.0,0.20153332
15968.84,0.0,3.1729507,0.0,0.17991018
15969.04,0.0,2.2306747,0.0,0.1995871
15969.24,0.0,2.9591904,0.0,0.17446828
15969.44,0.0,3.099083,0.0,0.16665673
15969.64,0.0,2.1547546,0.0,0.22706223
15969.84,0.0,2.4623032,0.0,0.15438414
15970.04,0.0,3.6856918,0.0,0.11455417
15970.24,0.0,2.8318787,0.0,0.18953681
15970.44,0.0,2.306656,0.0,0.18069768
15970.64,0.0,2.548668,0.0,0.18486214
15970.84,0.0,2.0196,0.0,0.17414403
15971.04,0.0,3.9036179,0.0,0.099303484
15971.24,0.0,3.0402145,0.0,0.14173794
15971.44,0.0,2.5683289,0.0,0.1471157
15971.64,0.0,3.1646805,0.0,0.13369966
15971.84,0.0,2.1707764,0.0,0.17917967
15972.04,0.0,2.8562927,0.0,0.1338191
15972.24,0.0,2.5943298,0.0,0.18547511
15972.44,0.0,2.3470383,0.0,0.13278484
15972.64,0.0,3.6002655,0.0,0.080043554
15972.84,0.0,3.6969528,0.0,0.08905101
15973.04,0.0,3.0901642,0.0,0.11917877
15973.24,0.0,3.172638,0.0,0.08915305
15973.44,0.0,3.6252213,0.0,0.09144759
15973.64,0.0,2.8683777,0.0,0.13311148
15973.84,0.0,2.917511,0.0,0.10706687
15974.04,0.0,2.9760132,0.0,0.10973096
15974.24,0.0,2.4802322,0.0,0.09141016
15974.44,0.0,3.0200653,0.0,0.087210655
15974.64,0.0,2.7533264,0.0,0.10061693
15974.84,0.0,2.4497604,0.0,0.10678029
15975.04,0.0,2.3487473,0.0,0.090979815
15975.24,0.0,3.720665,0.0,0.080524206
15975.44,0.0,2.2950058,0.0,0.09749174
15975.64,0.0,2.8747864,0.0,0.07460356
15975.84,0.0,2.8826828,0.0,0.080760956
15976.04,0.0,2.357933,0.0,0.09784889
15976.24,0.0,3.022972,0.0,0.07628131
15976.44,0.0,2.1972122,0.0,0.10548687
15976.64,0.0,2.4829483,0.0,0.071187496
15976.84,0.0,2.762123,0.0,0.055099726
15977.04,0.0,2.5581512,0.0,0.10809851
15977.24,0.0,2.7593842,0.0,0.064620495
15977.44,0.0,3.125351,0.0,0.05971265
15977.64,0.0,2.2230377,0.0,0.12094164
15977.84,0.0,1.7303162,0.0,0.10077071
15978.04,0.0,2.5163727,0.0,0.06811094
15978.24,0.0,2.5993652,0.0,0.049494505
15978.44,0.0,2.7417297,0.0,0.07701969
15978.64,0.0,2.0712662,0.0,0.07507348
15978.84,0.0,2.6845932,0.0,0.061716557
15979.04,0.0,2.1098862,0.0,0.07762909
15979.24,0.0,2.076973,0.0,0.08769798
15979.44,0.0,2.3318634,0.0,0.04092884
15979.64,0.0,3.0049896,0.0,0.04986024
15979.84,0.0,2.4689255,0.0,0.058857918
15980.04,0.0,1.7662735,0.0,0.15452313
15980.24,0.0,1.92733,0.0,0.051470995
15980.44,0.0,2.8845062,0.0,0.024146557
15980.64,0.0,2.873703,0.0,0.043304443
15980.84,0.0,1.87426,0.0,0.06182933
15981.04,0.0,2.6953506,0.0,0.025345325
15981.24,0.0,2.2066422,0.0,0.08238983
15981.44,0.0,1.6522064,0.0,0.05943823
15981.64,0.0,2.6034393,0.0,0.05574417
15981.84,0.0,2.079338,0.0,0.0641377
15982.04,0.0,2.1257782,0.0,0.035481453
15982.24,0.0,2.6883087,0.0,0.03367138
15982.44,0.0,1.920723,0.0,0.04732752
15982.64,0.0,2.4818726,0.0,0.04245901
15982.84,0.0,1.9179916,0.0,0.04368496
15983.04,0.0,2.0944061,0.0,0.033231497
15983.24,0.0,2.216957,0.0,0.028174877
15983.44,0.0,1.9492874,0.0,0.040290594
15983.64,0.0,2.3858566,0.0,0.039762497
15983.84,0.0,1.796608,0.0,0.024803877
15984.04,0.0,2.604332,0.0,0.0026261806
15984.24,0.0,2.4375305,0.0,0.023414612
15984.44,0.0,1.7870102,0.0,0.051615
15984.64,0.0,1.9758224,0.0,0.042081594
15984.84,0.0,2.4756012,0.0,0.012792587
15985.04,0.0,3.2600174,0.0,0.019291162
15985.24,0.0,2.314827,0.0,0.054422855
15985.44,0.0,1.6767426,0.0,0.061017513
15985.64,0.0,1.9014053,0.0,0.03604269
15985.84,0.0,2.3654938,0.0,-0.0010755062
15986.04,0.0,1.6816864,0.0,0.065402985
15986.24,0.0,1.539711,0.0,0.0026276112
15986.44,0.0,2.0494232,0.0,0.008945942
15986.64,0.0,2.3024902,0.0,-0.0023374557
15986.84,0.0,2.7598572,0.0,-0.01458478
15987.04,0.0,2.9858093,0.0,0.0025348663
15987.24,0.0,2.1907043,0.0,0.016025066
15987.44,0.0,2.025711,0.0,0.011087418
15987.64,0.0,1.9776306,0.0,0.017258167
15987.84,0.0,2.7045517,0.0,-0.01565957
15988.04,0.0,2.3684998,0.0,-0.013611078
15988.24,0.0,2.437706,0.0,-0.0007574558
15988.44,0.0,2.7388153,0.0,0.010439396
15988.64,0.0,1.7472229,0.0,0.041231155
15988.84,0.0,2.1537552,0.0,-0.019513607
15989.04,0.0,2.64888,0.0,0.010246992
15989.24,0.0,1.9481735,0.0,0.01990199
15989.44,0.0,2.3516846,0.0,-0.009826422
15989.64,0.0,1.9249191,0.0,-0.016035318
15989.84,0.0,2.510849,0.0,-0.010288715
15990.04,0.0,2.1736908,0.0,-0.0017158985
15990.24,0.0,2.293419,0.0,0.002571106
15990.44,0.0,2.0839844,0.0,-0.013883114
15990.64,0.0,2.2278595,0.0,-0.014168024
15990.84,0.0,1.7181168,0.0,0.008403778
15991.04,0.0,2.354683,0.0,-0.025060892
15991.24,0.0,2.745369,0.0,-0.022900343
15991.44,0.0,2.2992935,0.0,-0.026383162
15991.64,0.0,1.880249,0.0,0.008960009
15991.84,0.0,1.6661758,0.0,-0.02549982
15992.04,0.0,2.5504684,0.0,-0.01996851
15992.24,0.0,1.4996643,0.0,-0.0017337799
15992.44,0.0,2.5782928,0.0,-0.04132223
15992.64,0.0,2.8982239,0.0,-0.022482395
15992.84,0.0,3.0423126,0.0,-0.028158426
15993.04,0.0,1.6679382,0.0,0.00741148
15993.24,0.0,1.6765366,0.0,-0.029604673
15993.44,0.0,2.9454498,0.0,-0.032982588
15993.64,0.0,2.381813,0.0,-0.048030376
15993.84,0.0,2.2735748,0.0,-0.034829855
15994.04,0.0,2.1521454,0.0,-0.017905235
15994.24,0.0,1.8855438,0.0,-0.049429417
15994.44,0.0,3.2040253,0.0,-0.030939817
15994.64,0.0,2.2042923,0.0,-0.028541803
15994.84,0.0,2.3236694,0.0,-0.03200388
15995.04,0.0,1.9434586,0.0,-0.036972523
15995.24,0.0,2.229126,0.0,-0.034546852
15995.44,0.0,2.5783463,0.0,-0.03082633
15995.64,0.0,2.8503494,0.0,-0.026869059
15995.84,0.0,2.611763,0.0,-0.039422035
15996.04,0.0,2.5366287,0.0,-0.01241374
15996.24,0.0,2.0169754,0.0,-0.04840541
15996.44,0.0,2.474823,0.0,-0.029786348
15996.64,0.0,2.0566711,0.0,-0.04164672
15996.84,0.0,1.986763,0.0,-0.043887854
15997.04,0.0,2.8855133,0.0,-0.024595976
15997.24,0.0,2.2048035,0.0,-0.025377274
15997.44,0.0,1.654274,0.0,-0.04470229
15997.64,0.0,1.958313,0.0,-0.051179886
15997.84,0.0,2.3029938,0.0,-0.06962919
15998.04,0.0,2.6114807,0.0,-0.056904316
15998.24,0.0,2.9952545,0.0,-0.029739141
15998.44,0.0,2.0060272,0.0,-0.05578804
15998.64,0.0,1.843193,0.0,-0.032726288
15998.84,0.0,1.9178848,0.0,-0.060049295
15999.04,0.0,2.0252304,0.0,-0.052356243
15999.24,0.0,1.665596,0.0,-0.027362108
15999.44,0.0,2.2924423,0.0,-0.09251881
15999.64,0.0,1.9192581,0.0,-0.025915861
15999.84,0.0,2.5585175,0.0,-0.03351283
16000.04,0.0,1.7559509,0.0,-0.07749891
16000.24,0.0,3.817337,0.0,-0.06264496
16000.44,0.0,3.695671,0.0,-0.042448282
16000.64,0.0,2.7308273,0.0,-0.068063736
16000.84,0.0,2.8402176,0.0,-0.0630548
16001.04,0.0,2.6739807,0.0,-0.05693817
16001.24,0.0,2.797783,0.0,-0.058316708
16001.44,0.0,2.8695984,0.0,-0.06532836
16001.64,0.0,2.5109558,0.0,-0.088199615
16001.84,0.0,2.30365,0.0,-0.031234503
16002.04,0.0,3.1502,0.0,-0.08916426
16002.24,0.0,2.9422379,0.0,-0.05159855
16002.44,0.0,3.469986,0.0,-0.022650719
16002.64,0.0,2.796547,0.0,-0.054698944
16002.84,0.0,2.826355,0.0,-0.09436989
16003.04,0.0,3.8117905,0.0,-0.03661561
16003.24,0.0,4.0598907,0.0,-0.033598423
16003.44,0.0,2.8178864,0.0,-0.011189938
16003.64,0.0,4.429985,0.0,-0.021702766
16003.84,0.0,3.4376144,0.0,-0.021983147
16004.04,0.0,2.9486694,0.0,-0.06659961
16004.24,0.0,2.401947,0.0,-0.046530962
16004.44,0.0,2.401802,0.0,-0.074532986
16004.64,0.0,3.7076416,0.0,-0.046376705
16004.84,0.0,2.603302,0.0,-0.041439056
16005.04,0.0,2.465477,0.0,-0.07383251
16005.24,0.0,2.9900208,0.0,-0.071288586
16005.44,0.0,2.1069336,0.0,-0.06898689
16005.64,0.0,2.6151962,0.0,-0.101737976
16005.84,0.0,2.371292,0.0,-0.08009243
16006.04,0.0,3.252037,0.0,-0.051138163
16006.24,0.0,2.3813095,0.0,-0.092059135
16006.44,0.0,3.1085205,0.0,-0.048841953
16006.64,0.0,3.1689453,0.0,-0.067308426
16006.84,0.0,3.4374237,0.0,-0.06386995
16007.04,0.0,3.52565,0.0,-0.07653761
16007.24,0.0,2.6970901,0.0,-0.04886484
16007.44,0.0,2.2337952,0.0,-0.08372545
16007.64,0.0,3.2804642,0.0,-0.09804964
16007.84,0.0,2.8634567,0.0,-0.071665764
16008.04,0.0,3.2915268,0.0,-0.064548254
16008.24,0.0,4.0660324,0.0,-0.04695797
16008.44,0.0,3.205841,0.0,-0.0907259
16008.64,0.0,3.3963318,0.0,-0.05792284
16008.84,0.0,3.8905182,0.0,-0.07512474
16009.04,0.0,3.434349,0.0,-0.04637909
16009.24,0.0,3.9058304,0.0,-0.066186905
16009.44,0.0,3.1372147,0.0,-0.10624647
16009.64,0.0,2.3463516,0.0,-0.088127136
16009.84,0.0,3.5923843,0.0,-0.058911085
16010.04,0.0,3.0348969,0.0,-0.05167055
16010.24,0.0,3.4635925,0.0,-0.06758714
16010.44,0.0,3.6940384,0.0,-0.05609274
16010.64,0.0,3.6836624,0.0,-0.042853594
16010.84,0.0,3.3780136,0.0,-0.063652515
16011.04,0.0,3.4365997,0.0,-0.053011894
16011.24,0.0,2.6210861,0.0,-0.06928444
16011.44,0.0,3.6278458,0.0,-0.115753174
16011.64,0.0,2.9905472,0.0,-0.09213066
16011.84,0.0,3.0681763,0.0,-0.09105778
16012.04,0.0,3.9148712,0.0,-0.10044193
16012.24,0.0,2.9975204,0.0,-0.07784891
16012.44,0.0,2.9364243,0.0,-0.14130497
16012.64,0.0,3.256752,0.0,-0.105344296
16012.84,0.0,2.6369858,0.0,-0.10292435
16013.04,0.0,3.0501328,0.0,-0.116025925
16013.24,0.0,3.67424,0.0,-0.085119724
16013.44,0.0,3.851982,0.0,-0.037900686
16013.64,0.0,3.1413422,0.0,-0.10259724
16013.84,0.0,2.725357,0.0,-0.10700464
16014.04,0.0,4.0666504,0.0,-0.05824995
16014.24,0.0,3.124611,0.0,-0.06594014
16014.44,0.0,3.7139359,0.0,-0.044927597
16014.64,0.0,4.9403152,0.0,-0.04758978
16014.84,0.0,2.9859009,0.0,-0.08053017
16015.04,0.0,4.2030106,0.0,-0.054486513
16015.24,0.0,4.2564163,0.0,-0.07674837
16015.44,0.0,4.4020233,0.0,-0.0932498
16015.64,0.0,4.110489,0.0,-0.09185982
16015.84,0.0,3.6653214,0.0,-0.08719492
16016.04,0.0,4.218956,0.0,-0.13096666
16016.24,0.0,4.530052,0.0,-0.08779001
16016.44,0.0,4.49514,0.0,-0.14054775
16016.64,0.0,3.735588,0.0,-0.12912846
16016.84,0.0,3.8718414,0.0,-0.09286356
16017.04,0.0,4.41156,0.0,-0.08851051
16017.24,0.0,4.077881,0.0,-0.10346556
16017.44,0.0,5.0659637,0.0,-0.06391287
16017.64,0.0,5.747635,0.0,-0.06491351
16017.84,0.0,3.9779663,0.0,-0.10742664
16018.04,0.0,4.7086945,0.0,-0.04267192
16018.24,0.0,5.2787476,0.0,-0.042859793
16018.44,0.0,4.4172287,0.0,-0.066919565
16018.64,0.0,3.6073303,0.0,-0.11583614
16018.84,0.0,4.792816,0.0,-0.09438181
16019.04,0.0,5.446434,0.0,-0.0574975
16019.24,0.0,5.935425,0.0,-0.0813241
16019.44,0.0,4.2757874,0.0,-0.13532352
16019.64,0.0,4.652466,0.0,-0.12257624
16019.84,0.0,5.7446747,0.0,-0.095458984
16020.04,0.0,5.01355,0.0,-0.098873615
16020.24,0.0,5.0873795,0.0,-0.093462944
16020.44,0.0,5.524681,0.0,-0.07030535
16020.64,0.0,7.0580826,0.0,-0.09451628
16020.84,0.0,5.3177185,0.0,-0.076560974
16021.04,0.0,4.2515182,0.0,-0.118662834
16021.24,0.0,4.0020905,0.0,-0.10945225
16021.44,0.0,5.8374405,0.0,-0.071596146
16021.64,0.0,5.798729,0.0,-0.06623721
16021.84,0.0,4.8785706,0.0,-0.14720249
16022.04,0.0,6.6212463,0.0,-0.0736804
16022.24,0.0,5.3526306,0.0,-0.12727642
16022.44,0.0,4.2350693,0.0,-0.08986521
16022.64,0.0,7.3109055,0.0,-0.068389654
16022.84,0.0,5.246895,0.0,-0.09537363
16023.04,0.0,5.025467,0.0,-0.11810541
16023.24,0.0,6.8940353,0.0,-0.12091732
16023.44,0.0,7.3903656,0.0,-0.037647724
16023.64,0.0,7.1229553,0.0,-0.06920886
16023.84,0.0,6.1538544,0.0,-0.11384249
16024.04,0.0,6.696396,0.0,-0.091109276
16024.24,0.0,6.9246826,0.0,-0.053478718
16024.44,0.0,5.450638,0.0,-0.12376928
16024.64,0.0,5.5864334,0.0,-0.07872105
16024.84,0.0,6.8284836,0.0,-0.06323838
16025.04,0.0,7.09494,0.0,-0.107711315
16025.24,0.0,5.607399,0.0,-0.089766026
16025.44,0.0,6.8779526,0.0,-0.103438854
16025.64,0.0,8.466316,0.0,-0.0133395195
16025.84,0.0,7.4270477,0.0,-0.11274052
16026.04,0.0,6.3265305,0.0,-0.079591274
16026.24,0.0,8.644257,0.0,-0.0352695
16026.44,0.0,9.5781975,0.0,-0.02598381
16026.64,0.0,8.098419,0.0,-0.076360226
16026.84,0.0,5.1067505,0.0,-0.15265846
16027.04,0.0,6.9321365,0.0,-0.09742355
16027.24,0.0,8.435165,0.0,-0.09655237
16027.44,0.0,6.1340485,0.0,-0.15513563
16027.64,0.0,7.4552383,0.0,-0.088037014
16027.84,0.0,10.245094,0.0,-0.062241077
16028.04,0.0,9.389294,0.0,-0.08973789
16028.24,0.0,10.492916,0.0,-0.0049903393
16028.44,0.0,11.410534,0.0,-0.013535023
16028.64,0.0,10.497368,0.0,-0.06316614
16028.84,0.0,9.474735,0.0,-0.058371782
16029.04,0.0,12.053368,0.0,0.030077457
16029.24,0.0,9.950958,0.0,-0.0027325153
16029.44,0.0,11.96246,0.0,0.028914452
16029.64,0.0,12.613804,0.0,-0.0005328655
16029.84,0.0,16.396278,0.0,0.041805267
16030.04,0.0,8.524422,0.0,-0.0585227
16030.24,0.0,6.6646957,0.0,-0.096035
16030.44,0.0,8.794403,0.0,-0.0017707348
16030.64,0.0,8.137856,0.0,-0.05232382
16030.84,0.0,10.594166,0.0,-0.031513214
16031.04,0.0,15.779881,0.0,0.031941652
16031.24,0.0,8.858681,0.0,-0.09989357
16031.44,0.0,8.167114,0.0,-0.13554859
16031.64,0.0,9.134476,0.0,-0.08043146
16031.84,0.0,7.4384613,0.0,-0.10355425
16032.04,0.0,11.074772,0.0,-0.010017395
16032.24,0.0,15.160511,0.0,-0.004025936
16032.44,0.0,13.193348,0.0,-0.044179916
16032.64,0.0,15.690601,0.0,0.061291456
16032.84,0.0,19.370834,0.0,0.08900285
16033.04,0.0,9.750912,0.0,-0.05934286
16033.24,0.0,11.110409,0.0,-0.014005899
16033.44,0.0,15.002563,0.0,-0.0017647743
16033.64,0.0,16.423084,0.0,-0.058140993
16033.84,0.0,9.457081,0.0,-0.085819244
16034.04,0.0,11.579273,0.0,-0.0820179
16034.24,0.0,10.036022,0.0,-0.055889606
16034.44,0.0,12.08799,0.0,-0.0064091682
16034.64,0.0,15.201424,0.0,0.036875248
16034.84,0.0,11.558502,0.0,-0.041815042
16035.04,0.0,16.771484,0.0,-0.049968004
16035.24,0.0,14.106693,0.0,-0.04784131
16035.44,0.0,10.561668,0.0,-0.024098158
16035.64,0.0,9.500683,0.0,-0.090690136
16035.84,0.0,13.327335,0.0,-0.008173227
16036.04,0.0,11.374378,0.0,-0.0053265095
16036.24,0.0,10.738785,0.0,-0.08118296
16036.44,0.0,12.035217,0.0,-0.015162945
16036.64,0.0,19.279636,0.0,0.013935089
16036.84,0.0,12.29707,0.0,0.012846708
16037.04,0.0,9.0618515,0.0,-0.081357956
16037.24,0.0,17.809334,0.0,0.098104
16037.44,0.0,22.32486,0.0,0.074109554
16037.64,0.0,18.198795,0.0,0.014689922
16037.84,0.0,12.582111,0.0,-0.09249735
16038.04,0.0,12.931107,0.0,-0.0680089
16038.24,0.0,19.678463,0.0,0.044680595
16038.44,0.0,14.283024,0.0,0.0067355633
16038.64,0.0,13.819458,0.0,0.008515596
16038.84,0.0,16.723743,0.0,-0.017906666
16039.04,0.0,18.700005,0.0,0.06404805
16039.24,0.0,22.369106,0.0,0.050300837
16039.44,0.0,17.148808,0.0,0.023434639
16039.64,0.0,31.386219,0.0,0.15946317
16039.84,0.0,21.18605,0.0,0.035120487
16040.04,0.0,12.49453,0.0,-0.07422924
16040.24,0.0,14.229416,0.0,-0.043970108
16040.44,0.0,28.48685,0.0,0.11067867
16040.64,0.0,25.488338,0.0,0.16412997
16040.84,0.0,17.609032,0.0,0.016509533
16041.04,0.0,13.870415,0.0,-0.13572502
16041.24,0.0,17.157211,0.0,-0.08135176
16041.44,0.0,15.147331,0.0,-0.0031638145
16041.64,0.0,19.67236,0.0,0.0054454803
16041.84,0.0,18.756367,0.0,0.0052187443
16042.04,0.0,28.765083,0.0,0.13946891
16042.24,0.0,21.535172,0.0,0.08493376
16042.44,0.0,20.77795,0.0,0.033262253
16042.64,0.0,12.664711,0.0,-0.06470513
16042.84,0.0,11.580753,0.0,-0.011464357
16043.04,0.0,12.488865,0.0,-0.13746929
16043.24,0.0,9.233631,0.0,-0.13752079
16043.44,0.0,10.203907,0.0,-0.16901922
16043.64,0.0,19.181168,0.0,0.04220605
16043.84,0.0,8.885559,0.0,-0.09397602
16044.04,0.0,10.660873,0.0,-0.0835042
16044.24,0.0,18.034752,0.0,0.09647894
16044.44,0.0,14.145515,0.0,0.033789873
16044.64,0.0,11.909981,0.0,-0.11163378
16044.84,0.0,9.512478,0.0,-0.1501894
16045.04,0.0,18.480007,0.0,0.028746128
16045.24,0.0,12.288609,0.0,-0.028028727
16045.44,0.0,16.24371,0.0,-0.0027399063
16045.64,0.0,15.658199,0.0,0.004133463
16045.84,0.0,19.225235,0.0,0.045586586
16046.04,0.0,15.98061,0.0,-0.053250074
16046.24,0.0,23.397827,0.0,0.038481712
16046.44,0.0,32.576912,0.0,0.11069727
16046.64,0.0,12.24519,0.0,-0.12937737
16046.84,0.0,11.164207,0.0,-0.113063335
16047.04,0.0,9.598389,0.0,-0.20564318
16047.24,0.0,23.94899,0.0,0.028483868
16047.44,0.0,11.362953,0.0,-0.12969637
16047.64,0.0,14.632076,0.0,-0.023120403
16047.84,0.0,28.423466,0.0,0.09100032
16048.04,0.0,17.598923,0.0,-0.0344038
16048.24,0.0,16.771236,0.0,0.00799489
16048.44,0.0,9.667397,0.0,-0.13743114
16048.64,0.0,8.628746,0.0,-0.20738745
16048.84,0.0,11.49379,0.0,-0.07944107
16049.04,0.0,13.257664,0.0,-0.08386564
16049.24,0.0,10.60601,0.0,-0.15354156
16049.44,0.0,10.357883,0.0,-0.12988234
16049.64,0.0,9.707001,0.0,-0.093128204
16049.84,0.0,15.479538,0.0,-0.04088092
16050.04,0.0,19.926357,0.0,0.039066553
16050.24,0.0,22.464832,0.0,-0.005911827
16050.44,0.0,12.347527,0.0,-0.07420254
16050.64,0.0,16.893684,0.0,-0.046112776
16050.84,0.0,23.036057,0.0,-0.0015106201
16051.04,0.0,15.648304,0.0,-0.12716722
16051.24,0.0,10.706543,0.0,-0.09408426
16051.44,0.0,20.202267,0.0,-0.011480331
16051.64,0.0,13.771526,0.0,-0.0192585
16051.84,0.0,21.966022,0.0,0.035379887
16052.04,0.0,29.93631,0.0,0.10589194
16052.24,0.0,22.292511,0.0,-0.072060585
16052.44,0.0,24.952835,0.0,0.08942008
16052.64,0.0,20.953629,0.0,0.07675958
16052.84,0.0,12.408997,0.0,-0.11954737
16053.04,0.0,9.326622,0.0,-0.055459976
16053.24,0.0,15.361683,0.0,-0.031155348
16053.44,0.0,17.516018,0.0,-0.12139225
16053.64,0.0,15.82515,0.0,-0.088009834
16053.84,0.0,32.327576,0.0,0.16051126
16054.04,0.0,12.56126,0.0,-0.07848978
16054.24,0.0,13.372044,0.0,0.0014879704
16054.44,0.0,9.230404,0.0,-0.21609688
16054.64,0.0,6.8610153,0.0,-0.24157429
16054.84,0.0,6.3798065,0.0,-0.13846064
16055.04,0.0,6.72908,0.0,-0.10507774
16055.24,0.0,14.286049,0.0,0.0734961
16055.44,0.0,9.308102,0.0,-0.08881378
16055.64,0.0,14.429909,0.0,-0.06874108
16055.84,0.0,9.414265,0.0,-0.16874504
16056.04,0.0,13.236328,0.0,-0.06322312
16056.24,0.0,10.482891,0.0,-0.16893005
16056.44,0.0,15.64056,0.0,-0.0722332
16056.64,0.0,20.536415,0.0,-0.0004544258
16056.84,0.0,7.715103,0.0,-0.21611309
16057.04,0.0,7.73925,0.0,-0.28545046
16057.24,0.0,10.628689,0.0,-0.09378195
16057.44,0.0,12.996708,0.0,-0.15840006
16057.64,0.0,7.768379,0.0,-0.13309956
16057.84,0.0,18.250298,0.0,-0.018509388
16058.04,0.0,16.438686,0.0,0.033143282
16058.24,0.0,9.904549,0.0,-0.1601448
16058.44,0.0,16.645523,0.0,0.00061130524
16058.64,0.0,11.363667,0.0,-0.07794571
16058.84,0.0,10.437893,0.0,-0.042016506
16059.04,0.0,15.906353,0.0,0.045431614
16059.24,0.0,10.960823,0.0,-0.18826532
16059.44,0.0,7.2617035,0.0,-0.24661255
16059.64,0.0,6.0959167,0.0,-0.22222948
16059.84,0.0,8.300621,0.0,-0.14850187
16060.04,0.0,14.601322,0.0,-0.13523531
16060.24,0.0,27.703922,0.0,0.014409542
16060.44,0.0,14.339893,0.0,-0.009854555
16060.64,0.0,11.462437,0.0,-0.08077383
16060.84,0.0,10.55246,0.0,-0.2852502
16061.04,0.0,6.6961517,0.0,-0.1797185
16061.24,0.0,33.64009,0.0,0.16359663
16061.44,0.0,25.697056,0.0,0.0745492
16061.64,0.0,6.5488815,0.0,-0.15289927
16061.84,0.0,5.1947174,0.0,-0.23680449
16062.04,0.0,8.744278,0.0,-0.095302105
16062.24,0.0,7.085457,0.0,-0.23468733
16062.44,0.0,6.67585,0.0,-0.2926507
16062.64,0.0,7.9099884,0.0,-0.16741276
16062.84,0.0,7.3532333,0.0,-0.17178965
16063.04,0.0,11.712955,0.0,-0.043165922
16063.24,0.0,8.406502,0.0,-0.17772055
16063.44,0.0,4.5219803,0.0,-0.26873732
16063.64,0.0,15.525978,0.0,-0.09341955
16063.84,0.0,6.263275,0.0,-0.2879119
16064.04,0.0,9.827023,0.0,-0.2135644
16064.24,0.0,18.166836,0.0,0.056319952
16064.44,0.0,10.964687,0.0,-0.05867982
16064.64,0.0,9.287315,0.0,-0.18143654
16064.84,0.0,15.339844,0.0,-0.01292181
16065.04,0.0,29.002747,0.0,0.10667229
16065.24,0.0,29.321304,0.0,0.18420959
16065.44,0.0,14.7106285,0.0,-0.037436962
16065.64,0.0,7.294731,0.0,-0.092161655
16065.84,0.0,10.551247,0.0,-0.11065292
16066.04,0.0,7.276123,0.0,-0.09709501
16066.24,0.0,7.8452606,0.0,-0.113726616
16066.44,0.0,20.015476,0.0,0.046880484
16066.64,0.0,20.286259,0.0,0.11117625
16066.84,0.0,8.478775,0.0,-0.211802
16067.04,0.0,12.6851845,0.0,-0.10662699
16067.24,0.0,18.097553,0.0,-0.030312061
16067.44,0.0,8.837959,0.0,-0.1793518
16067.64,0.0,17.436989,0.0,-0.011104107
16067.84,0.0,8.9502945,0.0,-0.2099204
16068.04,0.0,7.02565,0.0,-0.29638767
16068.24,0.0,5.8674393,0.0,-0.2411437
16068.44,0.0,7.011551,0.0,-0.2296524
16068.64,0.0,14.353054,0.0,0.012312412
16068.84,0.0,17.290764,0.0,0.0016005039
16069.04,0.0,8.269417,0.0,-0.102344036
16069.24,0.0,10.582874,0.0,-0.047056913
16069.44,0.0,8.241745,0.0,-0.10956621
16069.64,0.0,8.194656,0.0,-0.0356133
16069.84,0.0,13.276283,0.0,-0.00917387
16070.04,0.0,8.772598,0.0,-0.07998228
16070.24,0.0,9.512623,0.0,-0.18700695
16070.44,0.0,6.2677,0.0,-0.28835297
16070.64,0.0,7.480049,0.0,-0.09910679
16070.84,0.0,8.338196,0.0,-0.046604633
16071.04,0.0,3.7121658,0.0,-0.3019371
16071.24,0.0,2.6094055,0.0,-0.31917238
16071.44,0.0,5.580101,0.0,-0.23984432
16071.64,0.0,9.003296,0.0,-0.18652296
16071.84,0.0,11.741329,0.0,-0.117132664
16072.04,0.0,5.2303314,0.0,-0.18382788
16072.24,0.0,6.760025,0.0,-0.09477568
16072.44,0.0,8.332016,0.0,-0.10224724
16072.64,0.0,6.233162,0.0,-0.22181463
16072.84,0.0,8.483833,0.0,-0.08721447
16073.04,0.0,20.07785,0.0,0.036539078
16073.24,0.0,11.443996,0.0,0.036918163
16073.44,0.0,6.058655,0.0,-0.20371437
16073.64,0.0,5.633171,0.0,-0.13988733
16073.84,0.0,15.6886635,0.0,-0.074701786
16074.04,0.0,30.288532,0.0,0.12204456
16074.24,0.0,11.322422,0.0,0.0045034885
16074.44,0.0,5.7205353,0.0,-0.07029724
16074.64,0.0,9.523357,0.0,-0.03917861
16074.84,0.0,8.595886,0.0,-0.05750513
16075.04,0.0,8.977737,0.0,0.012864828
16075.24,0.0,7.784096,0.0,-0.17993832
16075.44,0.0,5.70166,0.0,-0.2002573
16075.64,0.0,64.06949,0.0,0.13837004
16075.84,0.0,37.31826,0.0,0.19596529
16076.04,0.0,11.140045,0.0,0.016169786
16076.24,0.0,7.177124,0.0,-0.08243179
16076.44,0.0,5.1093063,0.0,-0.104281425
16076.64,0.0,5.734726,0.0,-0.08120203
16076.84,0.0,11.083759,0.0,-0.06630993
16077.04,0.0,7.415306,0.0,-0.077831745
16077.24,0.0,8.00222,0.0,-0.051005363
16077.44,0.0,11.019348,0.0,0.012475252
16077.64,0.0,6.8159637,0.0,-0.03250456
16077.84,0.0,12.617138,0.0,0.0034415722
16078.04,0.0,10.94059,0.0,-0.017930984
16078.24,0.0,7.7066116,0.0,-0.063639164
16078.44,0.0,6.5129623,0.0,-0.021589994
16078.64,0.0,4.1407547,0.0,-0.15068865
16078.84,0.0,4.6342545,0.0,-0.03532505
16079.04,0.0,5.003441,0.0,-0.26826715
16079.24,0.0,7.1823883,0.0,-0.047332525
16079.44,0.0,10.716492,0.0,-0.040281057
16079.64,0.0,4.552101,0.0,-0.19133854
16079.84,0.0,7.4702454,0.0,-0.21591616
16080.04,0.0,2.9910583,0.0,-0.23192167
16080.24,0.0,5.493187,0.0,-0.19075966
16080.44,0.0,3.185814,0.0,-0.16509104
16080.64,0.0,9.200623,0.0,-0.05393982
16080.84,0.0,9.129585,0.0,-0.08301401
16081.04,0.0,10.495068,0.0,0.03819585
16081.24,0.0,4.7515335,0.0,-0.51788616
16081.44,0.0,5.420227,0.0,-0.13989162
16081.64,0.0,5.35553,0.0,-0.19953394
16081.84,0.0,2.9602127,0.0,-0.20723772
16082.04,0.0,4.716873,0.0,-0.14840317
16082.24,0.0,2.1185532,0.0,-0.22624922
16082.44,0.0,11.77417,0.0,0.08900976
16082.64,0.0,5.9480896,0.0,-0.13413
16082.84,0.0,2.4112625,0.0,-0.28489685
16083.04,0.0,14.793903,0.0,-0.15670681
16083.24,0.0,16.196613,0.0,0.10534334
16083.44,0.0,8.560448,0.0,-0.15526056
16083.64,0.0,3.715332,0.0,-0.24165392
16083.84,0.0,2.2690582,0.0,-0.29528952
16084.04,0.0,1.7836456,0.0,-0.32448626
16084.24,0.0,2.59964,0.0,-0.3057456
16084.44,0.0,4.3551483,0.0,-0.030165195
16084.64,0.0,9.4663925,0.0,0.0026631355
16084.84,0.0,4.8533554,0.0,-0.036375284
16085.04,0.0,2.9101639,0.0,-0.20457792
16085.24,0.0,18.685722,0.0,0.14378667
16085.44,0.0,9.157219,0.0,-0.114411354
16085.64,0.0,3.3325653,0.0,-0.31302786
16085.84,0.0,1.9643021,0.0,-0.3862691
16086.04,0.0,3.17173,0.0,-0.26223898
16086.24,0.0,2.600937,0.0,-0.21124458
16086.44,0.0,1.8508759,0.0,-0.29106808
16086.64,0.0,5.100746,0.0,-0.30315495
16086.84,0.0,3.742653,0.0,-0.37055063
16087.04,0.0,14.21051,0.0,0.058113575
16087.24,0.0,16.99123,0.0,0.13745403
16087.44,0.0,5.0777206,0.0,-0.13254166
16087.64,0.0,5.0373383,0.0,-0.06855464
16087.84,0.0,6.3564987,0.0,-0.07075548
16088.04,0.0,2.7879028,0.0,-0.26115227
16088.24,0.0,3.3482208,0.0,-0.11708021
16088.44,0.0,11.919582,0.0,0.1061666
16088.64,0.0,12.640152,0.0,0.04395652
16088.84,0.0,3.1285172,0.0,-0.113389015
16089.04,0.0,4.964897,0.0,-0.05774021
16089.24,0.0,5.2475357,0.0,-0.18652296
16089.44,0.0,6.4550705,0.0,-0.054974556
16089.64,0.0,7.0397263,0.0,-0.05530715
16089.84,0.0,2.6996613,0.0,-0.25796604
16090.04,0.0,1.6712494,0.0,-0.22345352
16090.24,0.0,6.4116592,0.0,0.018974543
16090.44,0.0,3.7816086,0.0,-0.34472895
16090.64,0.0,1.2530899,0.0,-0.14865017
16090.84,0.0,2.7375946,0.0,-0.12300968
16091.04,0.0,3.4246979,0.0,-0.16129208
16091.24,0.0,2.200058,0.0,-0.26195335
16091.44,0.0,0.4527588,0.0,-0.16922855
16091.64,0.0,5.3343887,0.0,0.017219782
16091.84,0.0,3.2687378,0.0,-0.283813
16092.04,0.0,0.94228363,0.0,-0.31217718
16092.24,0.0,0.38220215,0.0,-0.25121117
16092.44,0.0,1.395462,0.0,-0.06727362
16092.64,0.0,2.8675766,0.0,-0.1473751
16092.84,0.0,1.7746735,0.0,-0.22537231
16093.04,0.0,3.1197433,0.0,-0.26850796
16093.24,0.0,2.3236618,0.0,-0.27962542
16093.44,0.0,0.35173798,0.0,-0.19334984
16093.64,0.0,2.5533142,0.0,-0.17861891
16093.84,0.0,1.5763474,0.0,-0.088306904
16094.04,0.0,3.3658905,0.0,-0.10380125
16094.24,0.0,1.9402618,0.0,-0.16089058
16094.44,0.0,0.25115204,0.0,-0.26684332
16094.64,0.0,2.935936,0.0,-0.22319317
16094.84,0.0,2.8261948,0.0,-0.08533859
16095.04,0.0,3.0119247,0.0,-0.122214794
16095.24,0.0,0.9331207,0.0,-0.2756548
16095.44,0.0,2.7363358,0.0,-0.20621967
16095.64,0.0,1.6213913,0.0,-0.16739273
16095.84,0.0,2.7117767,0.0,-0.20327711
16096.04,0.0,2.9720154,0.0,-0.18957663
16096.24,0.0,0.44124603,0.0,-0.3169837
16096.44,0.0,64.43281,0.0,-0.11983633
16096.64,0.0,2.0163727,0.0,-0.18692017
16096.84,0.0,2.4681091,0.0,-0.14051294
16097.04,0.0,0.7344742,0.0,-0.17060328
16097.24,0.0,4.0318527,0.0,-0.047621727
16097.44,0.0,0.070243835,0.0,-0.42761803
16097.64,0.0,0.36947632,0.0,-0.21285439
16097.84,0.0,1.3412247,0.0,-0.16794538
16098.04,0.0,2.6450577,0.0,-0.13578463
16098.24,0.0,2.6115189,0.0,-0.27275276
16098.44,0.0,0.29942322,0.0,-0.096722126
16098.64,0.0,0.79232025,0.0,-0.110171795
16098.84,0.0,1.0997543,0.0,-0.084528446
16099.04,0.0,0.0034713745,0.0,-0.26958513
16099.24,0.0,1.2007599,0.0,-0.24953222
16099.44,0.0,1.1685028,0.0,-0.32102966
16099.64,0.0,0.98088837,0.0,-0.066824675
16099.84,0.0,1.0763474,0.0,-0.258121
16100.04,0.0,1.7247925,0.0,-0.13848639
16100.24,0.0,-1.2206879,0.0,-0.27089262
16100.44,0.0,0.34059906,0.0,-0.13928986
16100.64,0.0,2.9855118,0.0,-0.26154947
16100.84,0.0,-0.7370224,0.0,-0.10980749
16101.04,0.0,0.9772186,0.0,-0.18900347
16101.24,0.0,2.8802109,0.0,-0.19502544
16101.44,0.0,0.19791412,0.0,-0.25715494
16101.64,0.0,-0.7483597,0.0,-0.36237478
16101.84,0.0,0.38692474,0.0,-0.09889889
16102.04,0.0,-0.45812988,0.0,-0.16116858
16102.24,0.0,2.2945786,0.0,-0.036907434
16102.44,0.0,1.4125214,0.0,-0.24673319
16102.64,0.0,1.5909195,0.0,-0.12559128
16102.84,0.0,0.89852905,0.0,-0.31073523
16103.04,0.0,-0.6131134,0.0,-0.109120846
16103.24,0.0,8.953247,0.0,0.022999763
16103.44,0.0,0.4226303,0.0,-0.21289253
16103.64,0.0,0.9064331,0.0,-0.10626459
16103.84,0.0,-1.4692764,0.0,-0.1781578
16104.04,0.0,0.25852203,0.0,-0.14996958
16104.24,0.0,-1.108841,0.0,-0.27641916
16104.44,0.0,-0.4061966,0.0,-0.076723576
16104.64,0.0,-0.59117126,0.0,-0.18107271
16104.84,0.0,-0.28510284,0.0,-0.30334854
16105.04,0.0,0.9381256,0.0,0.08232641
16105.24,0.0,3.9087143,0.0,-0.036966562
16105.44,0.0,0.4705658,0.0,-0.3836546
16105.64,0.0,1.887085,0.0,-0.11648798
16105.84,0.0,-3.2941666,0.0,-0.00044870377
16106.04,0.0,-0.06731415,0.0,-0.1903553
16106.24,0.0,0.4450302,0.0,-0.08829212
16106.44,0.0,-0.21190643,0.0,-0.15411615
16106.64,0.0,-1.5603485,0.0,-0.15974855
16106.84,0.0,-0.49206543,0.0,-0.12011957
16107.04,0.0,0.9215698,0.0,-0.11764145
16107.24,0.0,-0.2861328,0.0,-0.19434977
16107.44,0.0,0.79278564,0.0,-0.0905242
16107.64,0.0,-0.64803314,0.0,-0.20669413
16107.84,0.0,0.84970856,0.0,-0.16818714
16108.04,0.0,0.5599365,0.0,-0.15877295
16108.24,0.0,0.64603424,0.0,-0.043184757
16108.44,0.0,-0.014953613,0.0,-0.069355965
16108.64,0.0,2.2677689,0.0,-0.03432846
16108.84,0.0,3.2933884,0.0,-0.2953515
16109.04,0.0,3.063652,0.0,-0.026314974
16109.24,0.0,4.098778,0.0,-0.03630495
16109.44,0.0,-0.05417633,0.0,-0.27658176
16109.64,0.0,2.7070541,0.0,-0.3509531
16109.84,0.0,-1.201088,0.0,0.7958889
16110.04,0.0,-0.39848328,0.0,-0.13695192
16110.24,0.0,-1.0572052,0.0,2.4144835
16110.44,0.0,-0.38162994,0.0,-0.12769842
16110.64,0.0,3.971161,0.0,-0.016269922
16110.84,0.0,0.38718414,0.0,-0.12892962
16111.04,0.0,1.5904236,0.0,-0.10591364
16111.24,0.0,-2.4242172,0.0,-0.111596584
16111.44,0.0,2.4812393,0.0,-0.044207096
16111.64,0.0,-0.4074402,0.0,-0.29213572
16111.84,0.0,0.5172348,0.0,-0.1192193
16112.04,0.0,-0.0029754639,0.0,-0.14091158
16112.24,0.0,-0.029067993,0.0,-0.18991041
16112.44,0.0,-0.4008789,0.0,0.08169198
16112.64,0.0,0.11488342,0.0,-0.0803709
16112.84,0.0,1.6800613,0.0,-0.1962347
16113.04,0.0,0.55822754,0.0,0.22959137
16113.24,0.0,-1.7328644,0.0,0.1791904
16113.44,0.0,0.21235657,0.0,-0.15491772
16113.64,0.0,0.0315094,0.0,-0.0017223358
16113.84,0.0,-0.87879944,0.0,0.01170969
16114.04,0.0,0.25958252,0.0,0.572006
16114.24,0.0,0.10561371,0.0,-0.15321779
16114.44,0.0,0.7006607,0.0,0.17533565
16114.64,0.0,24.746998,0.0,0.16649652
16114.84,0.0,6.609268,0.0,-0.047375202
16115.04,0.0,-0.35684204,0.0,-0.0891943
16115.24,0.0,-1.402771,0.0,0.0029842854
16115.44,0.0,-1.144516,0.0,-0.12146139
16115.64,0.0,0.37781525,0.0,-0.3102455
16115.84,0.0,-0.7796402,0.0,-0.115754604
16116.04,0.0,-1.7920532,0.0,-0.111386776
16116.24,0.0,-1.3121414,0.0,-0.18046188
16116.44,0.0,-2.431404,0.0,0.08092499
16116.64,0.0,0.9677353,0.0,-0.012779951
16116.84,0.0,0.041748047,0.0,1.7357156
16117.04,0.0,-0.16014099,0.0,0.08940029
16117.24,0.0,-1.0089874,0.0,-0.074615
16117.44,0.0,0.03530121,0.0,-0.2035451
16117.64,0.0,-0.99481964,0.0,0.102653265
16117.84,0.0,-0.08061981,0.0,-0.28246212
16118.04,0.0,4.3321915,0.0,-0.05828929
16118.24,0.0,3.562523,0.0,-0.19911051
16118.44,0.0,0.0941391,0.0,0.43003774
16118.64,0.0,-0.07852173,0.0,0.062322855
16118.84,0.0,-1.78965,0.0,-0.017852545
16119.04,0.0,-2.2764282,0.0,1.7571735
16119.24,0.0,-1.3575363,0.0,0.27608395
16119.44,0.0,-1.580513,0.0,0.02437663
16119.64,0.0,-2.4989243,0.0,0.8301158
16119.84,0.0,-0.28388214,0.0,-0.067077875
16120.04,0.0,-1.0776901,0.0,1.0101671
16120.24,0.0,-2.1573792,0.0,0.20986152
16120.44,0.0,0.073394775,0.0,0.17630553
16120.64,0.0,-0.7245178,0.0,0.0022978783
16120.84,0.0,-0.24935913,0.0,-0.14247179
16121.04,0.0,-2.3238907,0.0,-0.13683605
16121.24,0.0,-1.4688797,0.0,-0.052458525
16121.44,0.0,-2.7274475,0.0,0.1053586
16121.64,0.0,-0.4971466,0.0,-0.14484406
16121.84,0.0,-1.3206024,0.0,-0.12560987
16122.04,0.0,-2.7644348,0.0,-0.12967157
16122.24,0.0,-1.9505386,0.0,0.3664937
16122.44,0.0,0.38467407,0.0,-0.12933636
16122.64,0.0,-0.91233826,0.0,1.7974582
16122.84,0.0,-1.6334763,0.0,1.1552281
16123.04,0.0,0.41118622,0.0,1.1080074
16123.24,0.0,-0.6118393,0.0,-0.12181282
16123.44,0.0,-2.1753998,0.0,-0.14336777
16123.64,0.0,3.8029633,0.0,-0.010283947
16123.84,0.0,-1.4933319,0.0,-0.13197279
16124.04,0.0,-1.8138885,0.0,0.12263632
16124.24,0.0,1.1651611,0.0,-0.18259811
16124.44,0.0,3.7358932,0.0,-0.099431515
16124.64,0.0,0.29566956,0.0,-0.24268484
16124.84,0.0,-2.1568909,0.0,0.08084273
16125.04,0.0,0.013916016,0.0,-0.29071808
16125.24,0.0,-6.2014694,0.0,3.2973878
16125.44,0.0,-3.3723068,0.0,0.00916338
16125.64,0.0,-0.7521286,0.0,-0.22593737
16125.84,0.0,-0.3272171,0.0,0.045425653
16126.04,0.0,-2.1355667,0.0,3.0654182
16126.24,0.0,-1.5898361,0.0,-0.14895725
16126.44,0.0,-0.44779205,0.0,-0.11538935
16126.64,0.0,-1.9862366,0.0,0.58232856
16126.84,0.0,-1.3157272,0.0,0.51425576
16127.04,0.0,-2.0633698,0.0,0.05930376
16127.24,0.0,-0.6145859,0.0,0.07244825
16127.44,0.0,-0.6297684,0.0,0.016263962
16127.64,0.0,-3.6427612,0.0,0.95493054
16127.84,0.0,-0.7472687,0.0,-0.024493694
16128.04,0.0,-2.681015,0.0,0.12380028
16128.24,0.0,-1.6710358,0.0,0.23237109
16128.44,0.0,-0.9487686,0.0,0.011126041
16128.64,0.0,-1.9782257,0.0,0.05726838
16128.84,0.0,-3.6958847,0.0,0.20939088
16129.04,0.0,-0.64927673,0.0,1.5222981
16129.24,0.0,-0.8750992,0.0,1.2721553
16129.44,0.0,-1.8045654,0.0,1.1037664
16129.64,0.0,-2.6653137,0.0,0.553998
16129.84,0.0,-5.601906,0.0,3.6985383
16130.04,0.0,-1.9342041,0.0,0.6933992
16130.24,0.0,-0.95996857,0.0,1.4765863
16130.44,0.0,0.8383713,0.0,0.09965062
16130.64,0.0,-1.8893433,0.0,1.488759
16130.84,0.0,-0.91464996,0.0,-0.2126112
16131.04,0.0,-0.8583832,0.0,0.30423784
16131.24,0.0,-1.1006241,0.0,-0.13960505
16131.44,0.0,2.7745667,0.0,-0.0014545918
16131.64,0.0,1.8058472,0.0,0.044466257
16131.84,0.0,-1.8347168,0.0,2.2538607
16132.04,0.0,6.0855713,0.0,0.18393636
16132.24,0.0,-5.6724777,0.0,4.5818114
16132.44,0.0,-3.3300705,0.0,1.45263
16132.64,0.0,-8.086296,0.0,9.159857
16132.84,0.0,-3.386673,0.0,2.8268294
16133.04,0.0,-1.8132172,0.0,0.6822307
16133.24,0.0,-0.34514618,0.0,1.9228337
16133.44,0.0,-1.7096786,0.0,2.5350642
16133.64,0.0,-2.2783127,0.0,0.5737195
16133.84,0.0,-2.5356064,0.0,2.1978574
16134.04,0.0,-2.5685806,0.0,0.8951826
16134.24,0.0,-0.7079773,0.0,0.24471068
16134.44,0.0,-6.9197464,0.0,5.692407
16134.64,0.0,-0.36132812,0.0,-0.023819447
16134.84,0.0,-3.4137268,0.0,3.3261454
16135.04,0.0,-0.8062897,0.0,0.029200792
16135.24,0.0,-1.1874619,0.0,0.43289852
16135.44,0.0,-3.3682327,0.0,1.3163915
16135.64,0.0,-3.9683762,0.0,2.8955054
16135.84,0.0,-3.0305786,0.0,3.7197444
16136.04,0.0,-4.0933914,0.0,5.469156
16136.24,0.0,-7.343643,0.0,2.753926
16136.44,0.0,-4.602913,0.0,2.543024
16136.64,0.0,0.27585602,0.0,-0.035550594
16136.84,0.0,-3.6175842,0.0,0.26315117
16137.04,0.0,-3.8156433,0.0,3.9536471
16137.24,0.0,-2.1118774,0.0,0.81203175
16137.44,0.0,-2.4655457,0.0,3.8550355
16137.64,0.0,-0.54683685,0.0,0.23873782
16137.84,0.0,0.3306961,0.0,0.2446475
16138.04,0.0,-5.6187897,0.0,1.2156758
16138.24,0.0,-9.251129,0.0,8.283622
16138.44,0.0,-0.06548309,0.0,1.50525
16138.64,0.0,1.3315353,0.0,0.42194414
16138.84,0.0,-1.8807449,0.0,0.52057266
16139.04,0.0,-2.367218,0.0,0.049064398
16139.24,0.0,-3.1946793,0.0,1.5078242
16139.44,0.0,-3.7744827,0.0,5.544919
16139.64,0.0,-2.3564148,0.0,-0.017602682
16139.84,0.0,-1.2517471,0.0,1.2781708
16140.04,0.0,-2.3616028,0.0,2.4040668
16140.24,0.0,-1.715538,0.0,1.4386859
16140.44,0.0,-1.164505,0.0,-0.057260513
16140.64,0.0,-6.1231537,0.0,8.965853
16140.84,0.0,-0.94571686,0.0,0.050266027
16141.04,250.0,-1.2570419,0.0,-0.13128805
16141.24,250.0,0.82941437,0.0,0.21837068
16141.44,250.0,-0.8554764,0.0,2.6610165
16141.64,250.0,-7.6968155,0.0,5.5741997
16141.84,250.0,0.19824982,0.0,0.7162106
16142.04,250.0,-1.5659027,0.0,3.2333856
16142.24,250.0,-3.6522598,0.0,0.15443659
16142.44,250.0,-1.8500137,0.0,-0.05902648
16142.64,250.0,-1.9681854,0.0,0.78234076
16142.84,250.0,-1.9906387,0.0,3.3591723
16143.04,250.0,-2.4160538,0.0,1.8680885
16143.24,250.0,-0.99746704,0.0,0.44856644
16143.44,250.0,-0.3380127,0.0,-0.08364916
16143.64,250.0,2.0670395,0.0,0.001121521
16143.84,250.0,-0.3779297,0.0,-0.0407753
16144.04,250.0,-1.2836914,0.0,0.114429474
16144.24,250.0,-1.3196411,0.0,0.2761023
16144.44,250.0,-4.9044876,0.0,8.123819
16144.64,250.0,0.40759277,0.0,0.6158879
16144.84,250.0,-2.6062393,0.0,1.7302134
16145.04,250.0,4.9847794,0.0,0.99546075
16145.24,250.0,-2.710846,0.0,0.700181
16145.44,250.0,-3.3334885,0.0,0.7608969
16145.64,250.0,-6.283989,0.0,2.4484909
16145.84,250.0,-8.180786,0.0,5.8278
16146.04,250.0,-1.072815,0.0,0.23830771
16146.24,250.0,-0.4420395,0.0,0.026912212
16146.44,250.0,-1.6635513,0.0,0.029803038
16146.64,250.0,-5.206093,0.0,1.2331257
16146.84,250.0,-1.7971725,0.0,1.2889352
16147.04,250.0,-4.820114,0.0,2.0199833
16147.24,250.0,0.5509949,0.0,-0.08705187
16147.44,250.0,-5.186722,0.0,8.00782
16147.64,250.0,-3.309433,0.0,3.7191012
16147.84,250.0,-9.71431,0.0,6.393723
16148.04,250.0,-4.691063,0.0,2.8730779
16148.24,250.0,-2.6914597,0.0,2.9489639
16148.44,250.0,1.1641388,0.0,1.2437677
16148.64,250.0,-1.2689819,0.0,1.2854073
16148.84,250.0,-6.1826477,0.0,7.2010746
16149.04,250.0,-7.922043,0.0,7.5165186
16149.24,250.0,0.58340454,0.0,0.5662005
16149.44,250.0,3.6471558,0.0,0.04346633
16149.64,250.0,0.59082794,0.0,-0.074528694
16149.84,250.0,2.0740738,0.0,-0.018891335
16150.04,250.0,0.18817902,0.0,0.17679548
16150.24,250.0,18.97882,0.0,0.7366023
16150.44,250.0,11.000599,0.0,-0.12319517
16150.64,250.0,1.7089081,0.0,-0.067661285
16150.84,250.0,1.4079056,0.0,0.027501345
16151.04,250.0,-1.6030807,0.0,-0.1916709
16151.24,250.0,-4.6076965,0.0,3.470814
16151.44,250.0,1.0007477,0.0,0.19959474
16151.64,250.0,-0.4548416,0.0,0.2006414
16151.84,250.0,1.7031097,0.0,0.6593151
16152.04,250.0,-1.2889938,0.0,0.18459988
16152.24,250.0,6.335556,0.0,0.03410387
16152.44,250.0,9.674381,0.0,0.03929925
16152.64,250.0,41.367706,0.0,0.16960907
16152.84,250.0,13.923595,0.0,-0.05834222
16153.04,250.0,4.5875244,0.0,0.023054838
16153.24,250.0,20.62223,0.0,-0.09362745
16153.44,250.0,-6.4941864,0.0,4.2749724
16153.64,250.0,7.8251877,0.0,-0.046147823
16153.84,250.0,163.72696,0.0,-0.06680918
16154.04,250.0,73.204994,0.0,0.06848812
16154.24,250.0,148.40588,0.0,0.10096836
16154.44,250.0,144.1007,0.0,-0.15198994
16154.64,250.0,152.96387,0.0,0.8263774
16154.84,250.0,203.5303,0.0,-0.047739983
16155.04,250.0,218.65848,0.0,-0.26892614
16155.24,250.0,212.16632,0.0,-0.27236032
16155.44,250.0,213.97333,0.0,-0.30341148
16155.64,250.0,231.41647,0.0,-0.29777098
16155.84,250.0,227.09567,0.0,-0.29122448
16156.04,250.0,229.89322,0.0,-0.22402334
16156.24,250.0,222.83887,0.0,-0.20139742
16156.44,250.0,232.53552,0.0,-0.1709671
16156.64,250.0,237.91656,0.0,-0.12431908
16156.84,250.0,233.18115,0.0,-0.15517092
16157.04,250.0,240.43588,0.0,-0.11075449
16157.24,250.0,235.88492,0.0,-0.05915141
16157.44,250.0,249.25311,0.0,-0.119185925
16157.64,250.0,258.1411,0.0,-0.0120716095
16157.84,250.0,251.40881,0.0,-0.1577611
16158.04,250.0,266.0788,0.0,0.00066423416
16158.24,250.0,264.11877,0.0,0.060958624
16158.44,250.0,263.80316,0.0,0.045559883
16158.64,250.0,273.82135,0.0,0.09543228
16158.84,250.0,278.70132,0.0,0.016058922
16159.04,250.0,276.1105,0.0,-0.018579006
16159.24,250.0,278.63748,0.0,-0.1896038
16159.44,250.0,281.18546,0.0,-0.15515375
16159.64,250.0,267.40912,0.0,-0.25196934
16159.84,250.0,296.17166,0.0,-0.23093605
16160.04,250.0,292.96466,0.0,-0.25038767
16160.24,250.0,297.41345,0.0,-0.27433062
16160.44,250.0,298.571,0.0,-0.23019075
16160.64,250.0,295.73346,0.0,-0.24012518
16160.84,250.0,300.06613,0.0,-0.26263857
16161.04,250.0,301.01996,0.0,-0.287148
16161.24,250.0,299.2916,0.0,-0.29786015
16161.44,250.0,300.2017,0.0,-0.23161125
16161.64,250.0,305.3262,0.0,-0.1999569
16161.84,250.0,297.69434,0.0,-0.31189442
16162.04,250.0,301.31287,0.0,-0.31696844
16162.24,250.0,304.3243,0.0,-0.32396555
16162.44,250.0,301.02188,0.0,-0.28306532
16162.64,250.0,301.39798,0.0,-0.3083558
16162.84,250.0,302.01157,0.0,-0.30941153
16163.04,250.0,300.98166,0.0,-0.34261227
16163.24,250.0,302.1492,0.0,-0.34209538
16163.44,250.0,305.94855,0.0,-0.29209375
16163.64,250.0,305.129,0.0,-0.34715986
16163.84,250.0,305.71564,0.0,-0.31925392
16164.04,250.0,306.19995,0.0,-0.34979677
16164.24,250.0,303.00668,0.0,-0.3328781
16164.44,250.0,304.58658,0.0,-0.32035398
16164.64,250.0,302.22253,0.0,-0.33777666
16164.84,250.0,306.76453,0.0,-0.3458891
16165.04,250.0,307.1388,0.0,-0.35930967
16165.24,250.0,308.68622,0.0,-0.33095598
16165.44,250.0,308.6841,0.0,-0.35371208
16165.64,250.0,308.8226,0.0,-0.3799019
16165.84,250.0,308.2156,0.0,-0.37966108
16166.04,250.0,308.6143,0.0,-0.3927636
16166.24,250.0,305.71677,0.0,-0.39191055
16166.44,250.0,309.48465,0.0,-0.37359285
16166.64,250.0,307.54633,0.0,-0.39408016
16166.84,250.0,310.3701,0.0,-0.39511013
16167.04,250.0,307.9068,0.0,-0.4154501
16167.24,250.0,307.9472,0.0,-0.41095114
16167.44,250.0,310.04666,0.0,-0.3893199
16167.64,250.0,312.01492,0.0,-0.4302373
16167.84,250.0,312.93716,0.0,-0.42534828
16168.04,250.0,312.46915,0.0,-0.44596386
16168.24,250.0,310.9314,0.0,-0.45271444
16168.44,250.0,312.42426,0.0,-0.43534136
16168.64,250.0,315.10553,0.0,-0.41187096
16168.84,250.0,311.97443,0.0,-0.45712852
16169.04,250.0,311.1972,0.0,-0.435544
16169.24,250.0,309.07996,0.0,-0.4584546
16169.44,250.0,307.88864,0.0,-0.47325134
16169.64,250.0,308.9902,0.0,-0.4380474
16169.84,250.0,315.15817,0.0,-0.4076047
16170.04,250.0,312.11642,0.0,-0.45835972
16170.24,250.0,313.2224,0.0,-0.4609599
16170.44,250.0,312.13266,0.0,-0.46226072
16170.64,250.0,310.3011,0.0,-0.4607725
16170.84,250.0,313.68124,0.0,-0.4306383
16171.04,250.0,312.40195,0.0,-0.46376276
16171.24,250.0,314.08182,0.0,-0.45687628
16171.44,250.0,310.48328,0.0,-0.4788437
16171.64,250.0,311.38477,0.0,-0.49488306
16171.84,250.0,307.61145,0.0,-0.48180056
16172.04,250.0,305.04333,0.0,-0.47720337
16172.24,250.0,311.5495,0.0,-0.43301678
16172.44,250.0,310.5075,0.0,-0.427032
16172.64,250.0,308.46613,0.0,-0.45619392
16172.84,250.0,309.83234,0.0,-0.46214914
16173.04,250.0,306.45438,0.0,-0.45672464
16173.24,250.0,307.85675,0.0,-0.44157076
16173.44,250.0,308.22025,0.0,-0.489923
16173.64,250.0,308.3967,0.0,-0.48745394
16173.84,250.0,305.91183,0.0,-0.45289373
16174.04,250.0,310.37546,0.0,-0.4660616
16174.24,250.0,307.85532,0.0,-0.5059948
16174.44,250.0,309.16412,0.0,-0.49544
16174.64,250.0,304.41833,0.0,-0.5080161
16174.84,250.0,305.24673,0.0,-0.49339437
16175.04,250.0,306.51193,0.0,-0.5100508
16175.24,250.0,306.5476,0.0,-0.51007414
16175.44,250.0,306.35272,0.0,-0.4659028
16175.64,250.0,307.92975,0.0,-0.44819546
16175.84,250.0,303.6288,0.0,-0.5007229
16176.04,250.0,305.44397,0.0,-0.53306246
16176.24,250.0,304.65015,0.0,-0.5377202
16176.44,250.0,299.57016,0.0,-0.520833
16176.64,250.0,306.71005,0.0,-0.44686937
16176.84,250.0,304.24963,0.0,-0.51078033
16177.04,250.0,302.8561,0.0,-0.50250626
16177.24,250.0,307.11688,0.0,-0.4787488
16177.44,250.0,305.8592,0.0,-0.516819
16177.64,250.0,305.4647,0.0,-0.52676296
16177.84,250.0,305.516,0.0,-0.47224712
16178.04,250.0,310.05786,0.0,-0.43098402
16178.24,250.0,305.8339,0.0,-0.4869337
16178.44,250.0,304.77853,0.0,-0.47748232
16178.64,250.0,307.84103,0.0,-0.5180931
16178.84,250.0,302.31335,0.0,-0.5534253
16179.04,250.0,303.6992,0.0,-0.5217147
16179.24,250.0,305.10007,0.0,-0.53679943
16179.44,250.0,304.6474,0.0,-0.5027838
16179.64,250.0,305.7326,0.0,-0.5044689
16179.84,250.0,301.93738,0.0,-0.5267811
16180.04,250.0,303.8526,0.0,-0.52476025
16180.24,250.0,300.33585,0.0,-0.54422617
16180.44,250.0,298.7539,0.0,-0.5259762
16180.64,250.0,304.16074,0.0,-0.5044193
16180.84,250.0,304.83878,0.0,-0.53586197
16181.04,250.0,302.3071,0.0,-0.5127721
16181.24,250.0,303.68268,0.0,-0.5342531
16181.44,250.0,302.65714,0.0,-0.5221977
16181.64,250.0,304.27536,0.0,-0.5164108
16181.84,250.0,298.57642,0.0,-0.49430323
16182.04,250.0,308.6171,0.0,-0.458704
16182.24,250.0,304.5938,0.0,-0.48282003
16182.44,250.0,304.39224,0.0,-0.480268
16182.64,250.0,306.14142,0.0,-0.4834485
16182.84,250.0,302.23553,0.0,-0.46889257
16183.04,250.0,302.6339,0.0,-0.48134184
16183.24,250.0,302.4673,0.0,-0.49848318
16183.44,250.0,301.09814,0.0,-0.5032673
16183.64,250.0,304.07718,0.0,-0.48887634
16183.84,250.0,298.33774,0.0,-0.49122524
16184.04,250.0,301.98975,0.0,-0.4356475
16184.24,250.0,301.6155,0.0,-0.4624071
16184.44,250.0,302.28735,0.0,-0.51029444
16184.64,250.0,297.2039,0.0,-0.50568295
16184.84,250.0,297.32394,0.0,-0.53351736
16185.04,250.0,299.72354,0.0,-0.47055864
16185.24,250.0,299.88123,0.0,-0.43535566
16185.44,250.0,300.44772,0.0,-0.4487009
16185.64,250.0,300.53833,0.0,-0.43486786
16185.84,250.0,301.44666,0.0,-0.4273281
16186.04,250.0,298.97452,0.0,-0.44878912
16186.24,250.0,297.77295,0.0,-0.45849466
16186.44,250.0,296.3481,0.0,-0.47950888
16186.64,250.0,299.12256,0.0,-0.40966558
16186.84,250.0,293.27185,0.0,-0.40576887
16187.04,250.0,296.74124,0.0,-0.4259863
16187.24,250.0,290.8178,0.0,-0.41156816
16187.44,250.0,288.16855,0.0,-0.40323114
16187.64,250.0,295.5752,0.0,-0.36581802
16187.84,250.0,292.1868,0.0,-0.37065697
16188.04,250.0,299.75745,0.0,-0.3494463
16188.24,250.0,296.66208,0.0,-0.32087898
16188.44,250.0,295.5954,0.0,-0.35167885
16188.64,250.0,290.09286,0.0,-0.34682226
16188.84,250.0,294.55362,0.0,-0.39076328
16189.04,250.0,286.6087,0.0,-0.39624882
16189.24,250.0,284.8293,0.0,-0.28165483
16189.44,250.0,289.03406,0.0,-0.18179989
16189.64,250.0,290.72,0.0,-0.14484215
16189.84,250.0,285.41025,0.0,-0.17109442
16190.04,250.0,295.07455,0.0,-0.22962141
16190.24,250.0,284.04712,0.0,-0.3914914
16190.44,250.0,286.6495,0.0,-0.19508505
16190.64,250.0,295.57928,0.0,-0.2795925
16190.84,250.0,292.58237,0.0,-0.25075626
16191.04,250.0,293.27426,0.0,-0.28107214
16191.24,250.0,298.8101,0.0,-0.27091217
16191.44,250.0,290.41245,0.0,-0.32760286
16191.64,250.0,290.20285,0.0,-0.3453331
16191.84,250.0,290.8975,0.0,-0.3459115
16192.04,250.0,280.8496,0.0,-0.22218513
16192.24,250.0,291.62247,0.0,-0.15317774
16192.44,250.0,289.42828,0.0,-0.26333237
16192.64,250.0,288.25436,0.0,-0.21208048
16192.84,250.0,292.08252,0.0,-0.25078678
16193.04,250.0,293.13635,0.0,-0.28339624
16193.24,250.0,284.59344,0.0,-0.33666325
16193.44,250.0,289.37012,0.0,-0.23513031
16193.64,250.0,289.9782,0.0,-0.28019142
16193.84,250.0,289.44678,0.0,-0.24246693
16194.04,250.0,292.25253,0.0,-0.16525316
16194.24,250.0,293.66757,0.0,-0.3105545
16194.44,250.0,289.51736,0.0,-0.17515087
16194.64,250.0,286.9898,0.0,-0.29233265
16194.84,250.0,291.37686,0.0,-0.27853918
16195.04,250.0,285.89633,0.0,-0.34178448
16195.24,250.0,293.75882,0.0,-0.2666936
16195.44,250.0,286.51715,0.0,-0.32170248
16195.64,250.0,290.5939,0.0,-0.2660675
16195.84,250.0,291.2124,0.0,-0.3396721
16196.04,250.0,292.62735,0.0,-0.26129675
16196.24,250.0,290.99817,0.0,-0.3170123
16196.44,250.0,291.01443,0.0,-0.27022314
16196.64,250.0,288.80542,0.0,-0.3660674
16196.84,250.0,286.21106,0.0,-0.27044487
16197.04,250.0,291.71704,0.0,-0.32195663
16197.24,250.0,287.1926,0.0,-0.36673307
16197.44,250.0,285.642,0.0,-0.31701756
16197.64,250.0,280.00125,0.0,-0.40356255
16197.84,250.0,289.38824,0.0,-0.31163025
16198.04,250.0,288.54395,0.0,-0.3011775
16198.24,250.0,286.35544,0.0,-0.35093832
16198.44,250.0,292.0518,0.0,-0.22468948
16198.64,250.0,287.8415,0.0,-0.30717087
16198.84,250.0,290.64688,0.0,-0.30307913
16199.04,250.0,286.32465,0.0,-0.37034225
16199.24,250.0,290.60794,0.0,-0.28464127
16199.44,250.0,287.5867,0.0,-0.348516
16199.64,250.0,290.6577,0.0,-0.25532103
16199.84,250.0,288.64896,0.0,-0.28566694
16200.04,250.0,288.24738,0.0,-0.31603003
16200.24,250.0,289.73007,0.0,-0.33063078
16200.44,250.0,291.62854,0.0,-0.26564932
16200.64,250.0,287.72638,0.0,-0.31769562
16200.84,250.0,289.68958,0.0,-0.33599615
16201.04,250.0,280.1099,0.0,-0.36227417
16201.24,250.0,286.4223,0.0,-0.28205776
16201.44,250.0,282.92154,0.0,-0.3509078
16201.64,250.0,285.58557,0.0,-0.33650875
16201.84,250.0,286.9729,0.0,-0.32271242
16202.04,250.0,280.67984,0.0,-0.32903385
16202.24,250.0,286.00623,0.0,-0.32577896
16202.44,250.0,283.60605,0.0,-0.3443761
16202.64,250.0,291.83975,0.0,-0.305583
16202.84,250.0,286.90344,0.0,-0.31839705
16203.04,250.0,286.31735,0.0,-0.3021469
16203.24,250.0,278.13858,0.0,-0.36517572
16203.44,250.0,287.75067,0.0,-0.33381033
16203.64,250.0,285.15106,0.0,-0.29055357
16203.84,250.0,283.4818,0.0,-0.3226757
16204.04,250.0,284.05923,0.0,-0.31228924
16204.24,250.0,283.41876,0.0,-0.3119111
16204.44,250.0,283.53058,0.0,-0.34860992
16204.64,250.0,287.2379,0.0,-0.3255682
16204.84,250.0,284.25684,0.0,-0.3342228
16205.04,250.0,286.89786,0.0,-0.30758142
16205.24,250.0,285.52783,0.0,-0.3227749
16205.44,250.0,279.59286,0.0,-0.3115964
16205.64,250.0,285.48914,0.0,-0.32638454
16205.84,250.0,286.42728,0.0,-0.30101347
16206.04,250.0,283.5883,0.0,-0.30437946
16206.24,250.0,279.91376,0.0,-0.3785839
16206.44,250.0,277.05206,0.0,-0.32320642
16206.64,250.0,281.81363,0.0,-0.32441854
16206.84,250.0,278.86887,0.0,-0.30765295
16207.04,250.0,280.20782,0.0,-0.32104397
16207.24,250.0,284.55673,0.0,-0.29871273
16207.44,250.0,275.04007,0.0,-0.3337741
16207.64,250.0,284.76297,0.0,-0.27988625
16207.84,250.0,283.19992,0.0,-0.3202777
16208.04,250.0,286.09042,0.0,-0.29870415
16208.24,250.0,281.40894,0.0,-0.29599667
16208.44,250.0,286.14484,0.0,-0.31016445
16208.64,250.0,275.34366,0.0,-0.30320835
16208.84,250.0,281.43802,0.0,-0.30051947
16209.04,250.0,279.5785,0.0,-0.27532864
16209.24,250.0,270.16443,0.0,-0.30918646
16209.44,250.0,265.13568,0.0,-0.27392483
16209.64,250.0,279.66284,0.0,-0.27487373
16209.84,250.0,279.7669,0.0,-0.2896824
16210.04,250.0,274.17798,0.0,-0.27643108
16210.24,250.0,280.7386,0.0,-0.27471018
16210.44,250.0,276.78146,0.0,-0.29532814
16210.64,250.0,279.64633,0.0,-0.2930689
16210.84,250.0,281.817,0.0,-0.28514862
16211.04,250.0,273.72818,0.0,-0.29726982
16211.24,250.0,279.25922,0.0,-0.29460287
16211.44,250.0,279.13104,0.0,-0.276752
16211.64,250.0,270.6485,0.0,-0.20778894
16211.84,250.0,275.93335,0.0,-0.3056593
16212.04,250.0,277.82373,0.0,-0.24840069
16212.24,250.0,276.49393,0.0,-0.3255539
16212.44,250.0,272.70703,0.0,-0.2866087
16212.64,250.0,269.80542,0.0,-0.26193428
16212.84,250.0,272.3498,0.0,-0.24816227
16213.04,250.0,269.5639,0.0,-0.27155876
16213.24,250.0,270.5628,0.0,-0.27146482
16213.44,250.0,270.77475,0.0,-0.21643257
16213.64,250.0,273.28113,0.0,-0.2791419
16213.84,250.0,273.06485,0.0,-0.25940275
16214.04,250.0,274.69077,0.0,-0.27125502
16214.24,250.0,264.4346,0.0,-0.23564863
16214.44,250.0,270.47177,0.0,-0.23156261
16214.64,250.0,267.931,0.0,-0.27301693
16214.84,250.0,266.6344,0.0,-0.21218681
16215.04,250.0,267.21893,0.0,-0.27329206
16215.24,250.0,271.64603,0.0,-0.20116091
16215.44,250.0,273.07642,0.0,-0.259583
16215.64,250.0,264.1707,0.0,-0.23903513
16215.84,250.0,266.03336,0.0,-0.22509003
16216.04,250.0,271.01324,0.0,-0.21201086
16216.24,250.0,273.72003,0.0,-0.2375021
16216.44,250.0,260.73956,0.0,-0.27688837
16216.64,250.0,273.01544,0.0,-0.21200562
16216.84,250.0,271.10315,0.0,-0.23978186
16217.04,250.0,267.32022,0.0,-0.20810509
16217.24,250.0,271.20383,0.0,-0.21304464
16217.44,250.0,275.10535,0.0,-0.17112398
16217.64,250.0,271.71014,0.0,-0.22910833
16217.84,250.0,275.12082,0.0,-0.20312977
16218.04,250.0,271.38895,0.0,-0.2283802
16218.24,250.0,268.54333,0.0,-0.20954561
16218.44,250.0,277.76547,0.0,-0.19914198
16218.64,250.0,272.10956,0.0,-0.2643981
16218.84,250.0,276.32968,0.0,-0.19159555
16219.04,250.0,275.63467,0.0,-0.21463442
16219.24,250.0,278.43155,0.0,-0.19295597
16219.44,250.0,275.67145,0.0,-0.1985259
16219.64,250.0,271.70624,0.0,-0.20973301
16219.84,250.0,281.76892,0.0,-0.19047976
16220.04,250.0,272.41367,0.0,-0.21414328
16220.24,250.0,270.6105,0.0,-0.1420002
16220.44,250.0,266.6842,0.0,-0.264071
16220.64,250.0,274.42725,0.0,-0.19535303
16220.84,250.0,280.7736,0.0,-0.19656897
16221.04,250.0,272.1152,0.0,-0.21142483
16221.24,250.0,275.86026,0.0,-0.2322259
16221.44,250.0,275.4647,0.0,-0.22473335
16221.64,250.0,264.5323,0.0,-0.21806765
16221.84,250.0,269.93893,0.0,-0.22031593
16222.04,250.0,282.14725,0.0,-0.19277716
16222.24,250.0,276.34653,0.0,-0.2567954
16222.44,250.0,270.4069,0.0,-0.22828102
16222.64,250.0,271.5401,0.0,-0.17818785
16222.84,250.0,276.1388,0.0,-0.21302271
16223.04,250.0,274.27426,0.0,-0.14457178
16223.24,250.0,271.23,0.0,-0.22017908
16223.44,250.0,273.0063,0.0,-0.115796566
16223.64,250.0,275.99863,0.0,-0.16985846
16223.84,250.0,276.3565,0.0,-0.2219963
16224.04,250.0,270.77612,0.0,-0.19411898
16224.24,250.0,268.17072,0.0,-0.20126629
16224.44,250.0,273.6898,0.0,-0.1587534
16224.64,250.0,266.3714,0.0,-0.15140438
16224.84,250.0,262.88028,0.0,-0.17134857
16225.04,250.0,275.26465,0.0,-0.19791222
16225.24,250.0,263.8922,0.0,-0.17399693
16225.44,250.0,263.09106,0.0,-0.18681335
16225.64,250.0,266.68445,0.0,-0.17250776
16225.84,250.0,271.87958,0.0,-0.17373896
16226.04,250.0,261.69064,0.0,-0.16690063
16226.24,250.0,267.51718,0.0,-0.17277384
16226.44,250.0,277.98322,0.0,-0.18220472
16226.64,250.0,278.34647,0.0,-0.22247934
16226.84,250.0,271.12256,0.0,-0.1481862
16227.04,250.0,271.1427,0.0,-0.16471386
16227.24,250.0,281.54297,0.0,-0.14184618
16227.44,250.0,277.69135,0.0,-0.16588211
16227.64,250.0,268.63388,0.0,-0.19529438
16227.84,250.0,272.44577,0.0,-0.18820286
16228.04,250.0,271.6888,0.0,-0.21080637
16228.24,250.0,270.61465,0.0,-0.13233995
16228.44,250.0,271.06863,0.0,-0.18001652
16228.64,250.0,266.7797,0.0,-0.22538757
16228.84,250.0,269.06604,0.0,-0.17431402
16229.04,250.0,273.21082,0.0,-0.1708746
16229.24,250.0,271.36905,0.0,-0.17858791
16229.44,250.0,270.1988,0.0,-0.20113039
16229.64,250.0,270.42825,0.0,-0.12794209
16229.84,250.0,279.3632,0.0,-0.14199305
16230.04,250.0,272.95428,0.0,-0.14252806
16230.24,250.0,279.2503,0.0,-0.2138052
16230.44,250.0,279.1075,0.0,-0.15503883
16230.64,250.0,262.68784,0.0,-0.21943331
16230.84,250.0,272.41998,0.0,-0.12730312
16231.04,250.0,265.25708,0.0,-0.1394782
16231.24,250.0,260.89322,0.0,-0.1737485
16231.44,250.0,270.02692,0.0,-0.16374302
16231.64,250.0,268.9372,0.0,-0.08805561
16231.84,250.0,270.65756,0.0,-0.1850338
16232.04,250.0,270.0782,0.0,-0.20848608
16232.24,250.0,269.70212,0.0,-0.1645279
16232.44,250.0,269.76132,0.0,-0.223073
16232.64,250.0,268.99982,0.0,-0.14367723
16232.84,250.0,275.04062,0.0,-0.17944002
16233.04,250.0,264.8289,0.0,-0.13314772
16233.24,250.0,264.11627,0.0,-0.12194967
16233.44,250.0,265.88083,0.0,-0.15479851
16233.64,250.0,266.53885,0.0,-0.11465597
16233.84,250.0,268.13287,0.0,-0.18000507
16234.04,250.0,270.1129,0.0,-0.10019636
16234.24,250.0,262.6668,0.0,-0.14875269
16234.44,250.0,265.11755,0.0,-0.08338785
16234.64,250.0,267.0459,0.0,-0.15956545
16234.84,250.0,264.69205,0.0,-0.188622
16235.04,250.0,276.51303,0.0,-0.13951159
16235.24,250.0,271.6527,0.0,-0.14644957
16235.44,250.0,266.15936,0.0,-0.17881012
16235.64,250.0,267.91904,0.0,-0.11347771
16235.84,250.0,254.07266,0.0,-0.10466385
16236.04,250.0,264.847,0.0,-0.123456
16236.24,250.0,275.14008,0.0,-0.14639235
16236.44,250.0,269.4383,0.0,-0.13729715
16236.64,250.0,264.90488,0.0,-0.20481205
16236.84,250.0,275.0082,0.0,-0.088760376
16237.04,250.0,264.37845,0.0,-0.13768339
16237.24,250.0,260.89325,0.0,-0.17252493
16237.44,250.0,258.59372,0.0,-0.07858276
16237.64,250.0,265.6972,0.0,-0.11935997
16237.84,250.0,264.6806,0.0,-0.10985279
16238.04,250.0,265.33356,0.0,-0.1395216
16238.24,250.0,261.52255,0.0,-0.09251928
16238.44,250.0,258.5789,0.0,-0.17278242
16238.64,250.0,259.20413,0.0,-0.044008493
16238.84,250.0,257.0332,0.0,-0.11581135
16239.04,250.0,262.91827,0.0,-0.21314764
16239.24,250.0,252.87823,0.0,-0.1533246
16239.44,250.0,239.42078,0.0,-0.20873594
16239.64,250.0,260.1481,0.0,-0.12563276
16239.84,250.0,250.21658,0.0,-0.053188086
16240.04,250.0,248.67163,0.0,-0.11594534
16240.24,250.0,269.09363,0.0,-0.10144377
16240.44,250.0,270.11298,0.0,-0.10933733
16240.64,250.0,264.906,0.0,-0.17589617
16240.84,250.0,254.492,0.0,-0.07982874
16241.04,250.0,260.9209,0.0,-0.057147503
16241.24,250.0,247.58212,0.0,0.013384581
16241.44,250.0,239.86926,0.0,0.005403042
16241.64,250.0,247.59201,0.0,-0.02055502
16241.84,250.0,243.44385,0.0,-0.06829071
16242.04,250.0,251.71078,0.0,-0.030408144
16242.24,250.0,249.38013,0.0,-0.07534504
16242.44,250.0,249.81339,0.0,-0.021259785
16242.64,250.0,248.87122,0.0,-0.02772832
16242.84,250.0,251.00394,0.0,-0.07371235
16243.04,250.0,243.04837,0.0,-0.14584017
16243.24,250.0,253.8472,0.0,-0.12376022
16243.44,250.0,250.34381,0.0,0.0042130947
16243.64,250.0,250.15543,0.0,-0.08373451
16243.84,250.0,225.21353,0.0,0.04437542
16244.04,250.0,210.57843,0.0,0.1424849
16244.24,250.0,234.2074,0.0,0.0076596737
16244.44,250.0,190.12006,0.0,0.017062426
16244.64,250.0,226.15125,0.0,0.017977
16244.84,250.0,235.29834,0.0,-0.059078455
16245.04,250.0,237.47,0.0,-0.071855545
16245.24,250.0,232.6944,0.0,0.1556418
16245.44,250.0,210.26334,0.0,0.011002779
16245.64,250.0,223.7667,0.0,0.02319765
16245.84,250.0,211.18472,0.0,0.12774348
16246.04,250.0,145.60336,0.0,0.07693386
16246.24,250.0,176.42564,0.0,-0.020282745
16246.44,250.0,173.43735,0.0,0.071860075
16246.64,250.0,162.42805,0.0,-0.10706043
16246.84,250.0,202.0364,0.0,0.19665313
16247.04,250.0,206.8612,0.0,-0.012808323
16247.24,250.0,179.45941,0.0,0.10303092
16247.44,250.0,210.90466,0.0,0.12495899
16247.64,250.0,158.8079,0.0,-0.012388945
16247.84,250.0,190.58594,0.0,-0.0044243336
16248.04,250.0,186.54628,0.0,-0.14564323
16248.24,250.0,228.17136,0.0,0.0663569
16248.44,250.0,203.57071,0.0,-0.120604515
16248.64,250.0,219.51941,0.0,-0.10686779
16248.84,250.0,230.15277,0.0,-0.12516356
16249.04,250.0,184.71965,0.0,-0.04374218
16249.24,250.0,88.251,0.0,-0.122636795
16249.44,250.0,223.27527,0.0,-0.14837456
16249.64,250.0,229.44003,0.0,-0.20815086
16249.84,250.0,196.10617,0.0,-0.038939476
16250.04,250.0,215.37366,0.0,-0.15139675
16250.24,250.0,214.03427,0.0,-0.13060045
16250.44,250.0,225.3599,0.0,-0.16683054
16250.64,250.0,193.20526,0.0,-0.26382208
16250.84,250.0,232.56955,0.0,-0.21066618
16251.04,250.0,195.87082,0.0,-0.16247892
16251.24,250.0,211.58139,0.0,-0.22058678
16251.44,250.0,204.01239,0.0,-0.28855324
16251.64,250.0,231.22855,0.0,-0.11677885
16251.84,250.0,227.33356,0.0,-0.3287115
16252.04,250.0,219.67404,0.0,-0.18268871
16252.24,250.0,227.23346,0.0,-0.118085384
16252.44,250.0,235.0462,0.0,-0.14127779
16252.64,250.0,212.8685,0.0,-0.23548365
16252.84,250.0,219.28476,0.0,-0.18008137
16253.04,250.0,232.81387,0.0,-0.24604797
16253.24,250.0,228.0874,0.0,-0.34105873
16253.44,250.0,208.38202,0.0,-0.22525501
16253.64,250.0,223.33307,0.0,-0.22857428
16253.84,250.0,220.50165,0.0,-0.3345232
16254.04,250.0,218.11594,0.0,-0.19128466
16254.24,250.0,218.31659,0.0,-0.11317778
16254.44,250.0,223.19574,0.0,-0.30531025
16254.64,250.0,208.03836,0.0,-0.281075
16254.84,250.0,214.08255,0.0,-0.35918093
16255.04,250.0,216.8211,0.0,-0.047738314
16255.24,250.0,213.07513,0.0,-0.157444
16255.44,250.0,216.29819,0.0,0.024334908
16255.64,250.0,205.42804,0.0,0.17126584
16255.84,250.0,225.78513,0.0,-0.3229022
16256.04,276.67,210.59882,0.0,-0.18066645
16256.24,276.67,213.4072,0.0,-0.19797897
16256.44,276.67,214.57037,0.0,-0.23296595
16256.64,276.67,208.64352,0.0,0.0099749565
16256.84,276.67,212.83582,0.0,0.20129418
16257.04,276.67,204.29749,0.0,-0.36066294
16257.24,276.67,215.32587,0.0,-0.24769068
16257.44,276.67,192.88516,0.0,-0.3153696
16257.64,276.67,193.91362,0.0,-0.30054283
16257.84,276.67,195.11945,0.0,-0.16658783
16258.04,276.67,209.74344,0.0,0.3064325
16258.24,276.67,225.07669,0.0,0.20464969
16258.44,276.67,207.733,0.0,-0.4392128
16258.64,276.67,197.89343,0.0,-0.43906927
16258.84,276.67,201.79718,0.0,-0.14380884
16259.04,276.67,202.6525,0.0,0.33953357
16259.24,276.67,189.97443,0.0,0.022758722
16259.44,276.67,209.64056,0.0,0.28620076
16259.64,276.67,206.13235,0.0,0.085267305
16259.84,276.67,197.34302,0.0,0.19339275
16260.04,276.67,196.36862,0.0,-0.119047165
16260.24,276.67,199.58783,0.0,0.10432744
16260.44,276.67,200.06046,0.0,0.49446392
16260.64,276.67,204.24438,0.0,0.041399002
16260.84,276.67,194.15787,0.0,0.2547469
16261.04,276.67,212.87994,0.0,-0.08731842
16261.24,276.67,204.04074,0.0,0.23150992
16261.44,276.67,205.7222,0.0,-0.029757738
16261.64,276.67,192.52142,0.0,-0.2558012
16261.84,276.67,191.5557,0.0,0.026227236
16262.04,276.67,193.35938,0.0,0.23636055
16262.24,276.67,214.40811,0.0,-0.058564425
16262.44,276.67,200.39465,0.0,0.24611855
16262.64,276.67,215.27756,0.0,-0.041178465
16262.84,276.67,209.6373,0.0,-0.22953272
16263.04,276.67,198.72595,0.0,0.14012432
16263.24,276.67,185.13289,0.0,0.8929062
16263.44,276.67,202.78998,0.0,0.09991336
16263.64,276.67,197.83185,0.0,0.14494872
16263.84,276.67,192.83438,0.0,0.28229618
16264.04,276.67,186.24133,0.0,0.8254876
16264.24,276.67,196.48996,0.0,0.25173616
16264.44,276.67,192.45885,0.0,0.32867837
16264.64,276.67,191.48538,0.0,0.925586
16264.84,276.67,202.13681,0.0,0.38703203
16265.04,276.67,190.17947,0.0,0.27827477
16265.24,276.67,201.75845,0.0,0.61966634
16265.44,276.67,195.06534,0.0,0.63840485
16265.64,276.67,195.2319,0.0,0.6719732
16265.84,276.67,204.8891,0.0,0.32306933
16266.04,276.67,205.8576,0.0,0.17834187
16266.24,276.67,194.34003,0.0,0.6119878
16266.44,276.67,194.34361,0.0,0.4162054
16266.64,276.67,197.90076,0.0,0.11281443
16266.84,276.67,194.9281,0.0,0.018928766
16267.04,276.67,195.00769,0.0,-0.055686474
16267.24,276.67,200.13496,0.0,-0.15620708
16267.44,276.67,190.79532,0.0,0.44280434
16267.64,276.67,201.27127,0.0,-0.103307724
16267.84,276.67,186.54706,0.0,0.13414764
16268.04,276.67,198.86496,0.0,0.70158696
16268.24,276.67,202.79553,0.0,0.13574862
16268.44,276.67,193.61917,0.0,0.87504554
16268.64,276.67,204.83905,0.0,0.40768147
16268.84,276.67,196.37958,0.0,0.412359
16269.04,276.67,192.98044,0.0,0.6632917
16269.24,276.67,194.2586,0.0,0.5038676
16269.44,276.67,185.32724,0.0,0.8556423
16269.64,276.67,188.85571,0.0,0.6560521
16269.84,276.67,191.14473,0.0,0.28537583
16270.04,276.67,200.6633,0.0,0.07889128
16270.24,276.67,189.15039,0.0,0.84500885
16270.44,276.67,191.36343,0.0,0.87455106
16270.64,276.67,193.07153,0.0,0.6133218
16270.84,276.67,203.00226,0.0,0.09007192
16271.04,276.67,196.44708,0.0,0.44688606
16271.24,276.67,195.26248,0.0,0.40112472
16271.44,276.67,200.3978,0.0,0.8405409
16271.64,276.67,196.85132,0.0,0.9085684
16271.84,276.67,195.68542,0.0,0.9301348
16272.04,276.67,200.30136,0.0,0.5558431
16272.24,276.67,211.38467,0.0,0.14118433
16272.44,276.67,204.92117,0.0,0.22486448
16272.64,276.67,203.27643,0.0,0.54279685
16272.84,276.67,195.66466,0.0,1.1565993
16273.04,276.67,214.70587,0.0,0.47501922
16273.24,276.67,198.87527,0.0,0.62059426
16273.44,276.67,209.37143,0.0,0.12973475
16273.64,276.67,199.57098,0.0,0.033007145
16273.84,276.67,207.82184,0.0,0.813411
16274.04,276.67,206.36041,0.0,0.57115245
16274.24,276.67,204.70248,0.0,0.5570102
16274.44,276.67,203.93347,0.0,1.0144329
16274.64,276.67,200.53156,0.0,1.6288104
16274.84,276.67,208.67526,0.0,0.82340837
16275.04,276.67,211.32614,0.0,0.5051985
16275.24,276.67,197.18036,0.0,0.5431571
16275.44,276.67,207.30023,0.0,1.0083807
16275.64,276.67,211.84164,0.0,0.7695422
16275.84,276.67,213.22299,0.0,0.68955827
16276.04,276.67,212.03778,0.0,0.9567878
16276.24,276.67,220.30179,0.0,0.39011264
16276.44,276.67,214.67337,0.0,1.1013772
16276.64,276.67,212.57376,0.0,1.4957666
16276.84,276.67,215.80966,0.0,1.6628537
16277.04,276.67,225.22467,0.0,1.0201147
16277.24,276.67,228.95029,0.0,0.51728106
16277.44,276.67,225.97943,0.0,0.8053038
16277.64,276.67,233.67148,0.0,0.31551266
16277.84,276.67,229.54666,0.0,0.5921354
16278.04,276.67,233.71646,0.0,0.52573156
16278.24,276.67,235.46362,0.0,0.27849317
16278.44,276.67,235.27826,0.0,0.30407643
16278.64,276.67,237.64963,0.0,0.026010752
16278.84,276.67,234.9678,0.0,0.13586617
16279.04,276.67,238.38412,0.0,0.34256053
16279.24,276.67,241.64786,0.0,0.42729998
16279.44,276.67,239.41516,0.0,0.60805416
16279.64,276.67,244.82062,0.0,0.007973194
16279.84,276.67,240.0629,0.0,0.35798216
16280.04,276.67,253.16281,0.0,0.046952724
16280.24,276.67,240.65137,0.0,-0.18924618
16280.44,276.67,244.14899,0.0,-0.20022678
16280.64,276.67,241.80594,0.0,0.43081117
16280.84,276.67,253.58096,0.0,0.20889592
16281.04,276.67,250.96436,0.0,-0.005321026
16281.24,276.67,251.06885,0.0,-0.19617033
16281.44,276.67,244.71664,0.0,0.2385006
16281.64,276.67,253.0177,0.0,0.51762986
16281.84,276.67,250.36526,0.0,0.33159924
16282.04,276.67,250.50452,0.0,0.63307714
16282.24,276.67,241.49963,0.0,0.8183701
16282.44,276.67,244.27103,0.0,0.46812916
16282.64,276.67,243.08017,0.0,0.49222994
16282.84,276.67,241.39142,0.0,1.0861108
16283.04,276.67,252.57758,0.0,0.71699476
16283.24,276.67,257.67014,0.0,0.042699814
16283.44,276.67,256.3325,0.0,0.05660963
16283.64,276.67,261.22452,0.0,-0.044457436
16283.84,276.67,258.1769,0.0,0.13520193
16284.04,276.67,257.1791,0.0,0.14620686
16284.24,276.67,256.31143,0.0,-0.08228588
16284.44,276.67,250.31183,0.0,0.3055985
16284.64,276.67,259.13748,0.0,0.1147697
16284.84,276.67,261.35825,0.0,-0.23257494
16285.04,276.67,258.8896,0.0,0.08892608
16285.24,276.67,262.30997,0.0,0.015588999
16285.44,276.67,254.35455,0.0,0.08156395
16285.64,276.67,259.3367,0.0,0.041985273
16285.84,276.67,256.13065,0.0,0.06682849
16286.04,276.67,255.23273,0.0,0.037420034
16286.24,276.67,256.74554,0.0,0.12835717
16286.44,276.67,253.92303,0.0,-0.15915108
16286.64,276.67,254.86755,0.0,0.2404244
16286.84,276.67,249.13617,0.0,0.58799124
16287.04,276.67,255.78848,0.0,0.114694595
16287.24,276.67,249.4867,0.0,0.46994615
16287.44,276.67,260.74417,0.0,0.06054592
16287.64,276.67,263.69263,0.0,-0.19076395
16287.84,276.67,260.17264,0.0,-0.28241682
16288.04,276.67,255.96289,0.0,0.15314054
16288.24,276.67,261.6097,0.0,-0.10643673
16288.44,276.67,260.03452,0.0,-0.17840195
16288.64,276.67,256.78745,0.0,-0.040561676
16288.84,276.67,259.1309,0.0,0.093086004
16289.04,276.67,262.1362,0.0,-0.3474393
16289.24,276.67,254.89929,0.0,-0.1123333
16289.44,276.67,257.91977,0.0,0.16285992
16289.64,276.67,255.9484,0.0,0.63142014
16289.84,276.67,259.31805,0.0,-0.286592
16290.04,276.67,252.81909,0.0,-0.31186867
16290.24,276.67,257.49008,0.0,0.050822735
16290.44,276.67,265.05087,0.0,-0.001950264
16290.64,276.67,253.1318,0.0,-0.23324537
16290.84,276.67,253.2023,0.0,-0.3220811
16291.04,276.67,255.08676,0.0,0.0031063557
16291.24,276.67,253.6912,0.0,-0.049711943
16291.44,276.67,255.00143,0.0,0.23095989
16291.64,276.67,255.87296,0.0,-0.08172703
16291.84,276.67,250.50528,0.0,0.22747755
16292.04,276.67,256.9034,0.0,0.17192483
16292.24,276.67,259.17776,0.0,-0.28748465
16292.44,276.67,259.17404,0.0,-0.14808655
16292.64,276.67,256.5949,0.0,0.17112517
16292.84,276.67,254.34985,0.0,0.40019083
16293.04,276.67,251.46341,0.0,0.7137096
16293.24,276.67,259.3604,0.0,0.05854082
16293.44,276.67,254.9549,0.0,0.02498889
16293.64,276.67,245.48279,0.0,0.46927953
16293.84,276.67,261.46683,0.0,-0.03059864
16294.04,276.67,257.8453,0.0,-0.08098078
16294.24,276.67,257.03543,0.0,0.09497571
16294.44,276.67,252.77945,0.0,0.13857532
16294.64,276.67,258.1433,0.0,0.047912598
16294.84,276.67,258.05246,0.0,0.17356563
16295.04,276.67,257.69928,0.0,0.042908907
16295.24,276.67,256.52863,0.0,0.12406778
16295.44,276.67,258.72607,0.0,0.29234362
16295.64,276.67,259.85712,0.0,-0.03612852
16295.84,276.67,256.4574,0.0,0.1815579
16296.04,276.67,252.46713,0.0,0.10903907
16296.24,276.67,257.8975,0.0,0.063531876
16296.44,276.67,260.07812,0.0,-0.0507679
16296.64,276.67,258.1862,0.0,-0.1422329
16296.84,276.67,255.307,0.0,-0.08244896
16297.04,276.67,259.83072,0.0,-0.06608105
16297.24,276.67,252.35556,0.0,0.34955978
16297.44,276.67,259.60202,0.0,-0.09711504
16297.64,276.67,249.62949,0.0,-0.09529781
16297.84,276.67,258.2939,0.0,-0.18390322
16298.04,276.67,255.59274,0.0,-0.0718317
16298.24,276.67,255.91553,0.0,0.029946089
16298.44,276.67,259.1978,0.0,0.2063694
16298.64,276.67,259.0476,0.0,-0.09151888
16298.84,276.67,256.15018,0.0,-0.15363169
16299.04,276.67,254.5636,0.0,-0.06625128
16299.24,276.67,257.68863,0.0,-0.10911322
16299.44,276.67,256.1536,0.0,0.075751305
16299.64,276.67,257.4039,0.0,-0.10723734
16299.84,276.67,253.03226,0.0,0.27814698
16300.04,276.67,250.60086,0.0,0.22754025
16300.24,276.67,258.2701,0.0,-0.08059454
16300.44,276.67,253.9188,0.0,-0.20485544
16300.64,276.67,253.34116,0.0,0.17256331
16300.84,276.67,255.14001,0.0,0.10117459
16301.04,276.67,255.6705,0.0,0.06481576
16301.24,276.67,255.75125,0.0,-0.047124863
16301.44,276.67,252.56842,0.0,0.16694069
16301.64,276.67,252.42865,0.0,0.27837086
16301.84,276.67,249.78098,0.0,0.3985989
16302.04,276.67,253.2803,0.0,0.14823627
16302.24,276.67,250.63913,0.0,0.19501638
16302.44,276.67,259.00082,0.0,0.10731745
16302.64,276.67,255.89536,0.0,-0.011860609
16302.84,276.67,256.1048,0.0,0.027926922
16303.04,276.67,261.1009,0.0,-0.09940481
16303.24,276.67,252.68137,0.0,0.0033900738
16303.44,276.67,255.26147,0.0,0.23063922
16303.64,276.67,258.29172,0.0,0.0059263706
16303.84,276.67,253.12418,0.0,0.003984213
16304.04,276.67,258.19482,0.0,-0.08573437
16304.24,276.67,255.73456,0.0,-0.13915968
16304.44,276.67,259.4424,0.0,-0.048856974
16304.64,276.67,256.12814,0.0,-0.024487972
16304.84,276.67,254.25684,0.0,-0.11016703
16305.04,276.67,255.8927,0.0,-0.11787844
16305.24,276.67,252.66583,0.0,0.2355814
16305.44,276.67,253.86423,0.0,-0.12474966
16305.64,276.67,255.81104,0.0,-0.08823109
16305.84,276.67,257.80795,0.0,-0.23482132
16306.04,276.67,251.7706,0.0,0.064676285
16306.24,276.67,252.695,0.0,0.10689664
16306.44,276.67,255.38635,0.0,0.047888994
16306.64,276.67,256.7924,0.0,-0.11168623
16306.84,276.67,255.15158,0.0,-0.09656286
16307.04,276.67,257.2368,0.0,0.06295371
16307.24,276.67,253.01114,0.0,0.1782639
16307.44,276.67,257.0543,0.0,0.03442216
16307.64,276.67,253.37595,0.0,-0.15351057
16307.84,276.67,250.4031,0.0,-0.022740364
16308.04,276.67,255.45004,0.0,-0.19237423
16308.24,276.67,253.108,0.0,0.055681944
16308.44,276.67,256.0101,0.0,-0.25893164
16308.64,276.67,250.16818,0.0,-0.28189707
16308.84,276.67,253.44647,0.0,-0.043750286
16309.04,276.67,259.73648,0.0,-0.044544935
16309.24,276.67,249.00974,0.0,0.0070216656
16309.44,276.67,257.3609,0.0,0.045082092
16309.64,276.67,247.88507,0.0,0.030251503
16309.84,276.67,252.93246,0.0,0.094419956
16310.04,276.67,252.05557,0.0,0.14060903
16310.24,276.67,251.05005,0.0,0.051389933
16310.44,276.67,246.20639,0.0,0.5705638
16310.64,276.67,258.4102,0.0,0.120393276
16310.84,276.67,252.88489,0.0,0.2523222
16311.04,276.67,257.6714,0.0,-0.1700859
16311.24,276.67,245.57324,0.0,0.03691268
16311.44,276.67,253.13498,0.0,0.008308649
16311.64,276.67,251.56934,0.0,-0.13174725
16311.84,276.67,248.56326,0.0,-0.2264638
16312.04,276.67,253.27039,0.0,-0.18297052
16312.24,276.67,246.30582,0.0,-0.30255032
16312.44,276.67,236.47476,0.0,-0.21607971
16312.64,276.67,255.07654,0.0,-0.23945713
16312.84,276.67,242.43005,0.0,-0.27419662
16313.04,276.67,251.41528,0.0,-0.1167202
16313.24,276.67,251.41827,0.0,-0.045260906
16313.44,276.67,258.16232,0.0,-0.18679047
16313.64,276.67,249.70148,0.0,-0.28349686
16313.84,276.67,250.3565,0.0,-0.2796526
16314.04,276.67,245.95474,0.0,-0.25699377
16314.24,276.67,247.22443,0.0,-0.09492588
16314.44,276.67,259.9346,0.0,-0.056525707
16314.64,276.67,248.4046,0.0,-0.00049448013
16314.84,276.67,242.5073,0.0,-0.22901106
16315.04,276.67,241.7492,0.0,-0.23999405
16315.24,276.67,255.09863,0.0,-0.17596102
16315.44,276.67,252.90195,0.0,-0.25233936
16315.64,276.67,248.96707,0.0,-0.25764704
16315.84,276.67,248.73169,0.0,-0.21136665
16316.04,276.67,252.82947,0.0,-0.006403208
16316.24,276.67,249.57376,0.0,-0.2479577
16316.44,276.67,248.86105,0.0,-0.27725983
16316.64,276.67,242.62134,0.0,-0.27890778
16316.84,276.67,249.8895,0.0,-0.033373594
16317.04,276.67,254.6311,0.0,-0.08726168
16317.24,276.67,249.46924,0.0,-0.14049196
16317.44,276.67,249.45816,0.0,-0.05089426
16317.64,276.67,252.93481,0.0,-0.10436678
16317.84,276.67,250.43643,0.0,-0.29586172
16318.04,276.67,251.53622,0.0,-0.17679644
16318.24,276.67,250.2583,0.0,-0.2868967
16318.44,276.67,244.05417,0.0,-0.26304722
16318.64,276.67,249.00827,0.0,-0.28405142
16318.84,276.67,246.73962,0.0,-0.27130365
16319.04,276.67,251.86627,0.0,-0.10348606
16319.24,276.67,253.07849,0.0,-0.29486656
16319.44,276.67,250.5809,0.0,-0.14134407
16319.64,276.67,252.389,0.0,-0.26960468
16319.84,276.67,250.67859,0.0,-0.16927624
16320.04,276.67,246.08698,0.0,-0.26924515
16320.24,276.67,251.86804,0.0,-0.25635052
16320.44,276.67,249.34418,0.0,-0.24899769
16320.64,276.67,244.88626,0.0,-0.21007204
16320.84,276.67,249.64279,0.0,-0.27977562
16321.04,276.67,247.05823,0.0,-0.31291008
16321.24,276.67,244.82025,0.0,-0.2942562
16321.44,276.67,248.28119,0.0,-0.29346704
16321.64,276.67,255.08118,0.0,-0.12116337
16321.84,276.67,253.22049,0.0,-0.24575615
16322.04,276.67,247.04968,0.0,0.07970095
16322.24,276.67,255.30035,0.0,-0.26098824
16322.44,276.67,240.18149,0.0,-0.22672367
16322.64,276.67,255.43762,0.0,-0.25344563
16322.84,276.67,249.71213,0.0,-0.1967864
16323.04,276.67,256.36014,0.0,-0.27959585
16323.24,276.67,252.67303,0.0,-0.1999526
16323.44,276.67,252.00974,0.0,-0.2636261
16323.64,276.67,252.16214,0.0,-0.20409298
16323.84,276.67,252.47424,0.0,-0.054050207
16324.04,276.67,252.77176,0.0,-0.048915625
16324.24,276.67,255.37277,0.0,0.011744499
16324.44,276.67,248.86172,0.0,0.0099003315
16324.64,276.67,259.33118,0.0,-0.121032715
16324.84,276.67,252.06534,0.0,0.16372085
16325.04,276.67,253.08228,0.0,0.13260746
16325.24,276.67,254.38312,0.0,-0.15500069
16325.44,276.67,250.52158,0.0,0.120070696
16325.64,276.67,252.31595,0.0,-0.20252132
16325.84,276.67,246.03525,0.0,0.0061485767
16326.04,276.67,262.5323,0.0,-0.083319664
16326.24,276.67,255.82956,0.0,-0.096931934
16326.44,276.67,253.06732,0.0,-0.14490795
16326.64,276.67,253.53711,0.0,-0.19926548
16326.84,276.67,248.79483,0.0,-0.24647045
16327.04,276.67,247.71661,0.0,-0.16464996
16327.24,276.67,254.89838,0.0,-0.17710543
16327.44,276.67,247.31595,0.0,0.0009768009
16327.64,276.67,252.5296,0.0,-0.13463402
16327.84,276.67,249.0285,0.0,-0.2491293
16328.04,276.67,245.54117,0.0,-0.2539673
16328.24,276.67,240.18912,0.0,-0.27630806
16328.44,276.67,251.86588,0.0,-0.1473217
16328.64,276.67,255.8374,0.0,-0.17141247
16328.84,276.67,242.08316,0.0,-0.2699561
16329.04,276.67,251.2272,0.0,-0.1196866
16329.24,276.67,251.56906,0.0,-0.16062546
16329.44,276.67,245.81165,0.0,-0.13309813
16329.64,276.67,257.18542,0.0,-0.10201597
16329.84,276.67,256.98868,0.0,-0.023000717
16330.04,276.67,252.41534,0.0,-0.05461216
16330.24,276.67,254.0892,0.0,-0.2077384
16330.44,276.67,248.8451,0.0,-0.25085258
16330.64,276.67,248.78506,0.0,0.01443553
16330.84,276.67,251.32257,0.0,-0.16705036
16331.04,276.67,249.32883,0.0,-0.22652626
16331.24,276.67,251.16666,0.0,-0.06622672
16331.44,276.67,248.15936,0.0,-0.17323542
16331.64,276.67,245.59479,0.0,-0.08673239
16331.84,276.67,251.31207,0.0,-0.20455456
16332.04,276.67,248.78036,0.0,-0.26118183
16332.24,276.67,250.60034,0.0,-0.0769186
16332.44,276.67,249.24399,0.0,-0.047078133
16332.64,276.67,251.74347,0.0,0.06978655
16332.84,276.67,244.79727,0.0,0.23155713
16333.04,276.67,248.2149,0.0,0.3565662
16333.24,276.67,253.38403,0.0,-0.17134571
16333.44,276.67,250.67499,0.0,-0.23339415
16333.64,276.67,249.55905,0.0,-0.061172247
16333.84,276.67,254.70724,0.0,-0.14242172
16334.04,276.67,248.09564,0.0,-0.1770916
16334.24,276.67,252.19556,0.0,-0.2495861
16334.44,276.67,246.65768,0.0,-0.26537848
16334.64,276.67,251.61377,0.0,-0.12947655
16334.84,276.67,246.49109,0.0,-0.040231466
16335.04,276.67,249.41574,0.0,-0.26190376
16335.24,276.67,249.13998,0.0,-0.21841955
16335.44,276.67,248.22571,0.0,-0.13616562
16335.64,276.67,254.8498,0.0,-0.11811733
16335.84,276.67,253.4111,0.0,-0.20020151
16336.04,276.67,248.94107,0.0,-0.2185216
16336.24,276.67,246.69681,0.0,-0.16347075
16336.44,276.67,245.73923,0.0,-0.08817816
16336.64,276.67,252.61896,0.0,-0.21702194
16336.84,276.67,249.63641,0.0,-0.1930685
16337.04,276.67,252.64761,0.0,-0.24470425
16337.24,276.67,246.54721,0.0,-0.29828262
16337.44,276.67,249.13141,0.0,-0.23082542
16337.64,276.67,244.22833,0.0,-0.26833677
16337.84,276.67,247.82056,0.0,-0.1516366
16338.04,276.67,246.28403,0.0,-0.15577269
16338.24,276.67,248.96991,0.0,-0.12631893
16338.44,276.67,250.08444,0.0,0.0393579
16338.64,276.67,251.12787,0.0,0.032510996
16338.84,276.67,253.98398,0.0,-0.29744768
16339.04,276.67,245.57187,0.0,-0.21567488
16339.24,276.67,249.65048,0.0,-0.13011694
16339.44,276.67,249.42053,0.0,-0.27669334
16339.64,276.67,247.43652,0.0,-0.25815058
16339.84,276.67,247.47543,0.0,-0.23862648
16340.04,276.67,246.2146,0.0,-0.2490468
16340.24,276.67,247.29996,0.0,-0.2891431
16340.44,276.67,245.4324,0.0,-0.3011279
16340.64,276.67,245.8352,0.0,-0.30111885
16340.84,276.67,246.97485,0.0,-0.205235
16341.04,276.67,246.17291,0.0,-0.18880463
16341.24,276.67,252.7099,0.0,-0.22081566
16341.44,276.67,242.45758,0.0,-0.2890272
16341.64,276.67,242.8057,0.0,-0.22278929
16341.84,276.67,251.62628,0.0,-0.2167902
16342.04,0.0,245.56213,0.0,-0.21460676
16342.24,0.0,252.7623,0.0,-0.29125595
16342.44,0.0,246.61758,0.0,-0.27532434
16342.64,0.0,247.09619,0.0,-0.25812578
16342.84,0.0,245.0322,0.0,-0.21153212
16343.04,0.0,249.43597,0.0,-0.27484703
16343.24,0.0,244.54391,0.0,-0.32408094
16343.44,0.0,243.57443,0.0,-0.15987206
16343.64,0.0,249.01587,0.0,-0.21825218
16343.84,0.0,247.36017,0.0,-0.30617666
16344.04,0.0,246.67218,0.0,-0.29823303
16344.24,0.0,248.79181,0.0,-0.30699396
16344.44,0.0,243.77972,0.0,-0.26631403
16344.64,0.0,243.14047,0.0,-0.1982894
16344.84,0.0,249.28546,0.0,-0.24449587
16345.04,0.0,243.91248,0.0,-0.14583158
16345.24,0.0,252.46378,0.0,-0.043117046
16345.44,0.0,245.03662,0.0,0.018867731
16345.64,0.0,248.84921,0.0,-0.20705605
16345.84,0.0,238.15686,0.0,-0.16452074
16346.04,0.0,249.12198,0.0,-0.33520508
16346.24,0.0,242.29037,0.0,-0.2189517
16346.44,0.0,249.59192,0.0,-0.06910157
16346.64,0.0,249.3107,0.0,-0.20856762
16346.84,0.0,244.59143,0.0,-0.23817492
16347.04,0.0,246.38559,0.0,-0.2620759
16347.24,0.0,247.10236,0.0,-0.16547203
16347.44,0.0,244.54025,0.0,-0.3005967
16347.64,0.0,240.62512,0.0,-0.33608055
16347.84,0.0,241.69351,0.0,-0.3100381
16348.04,0.0,245.34555,0.0,-0.24498463
16348.24,0.0,240.51129,0.0,-0.28248882
16348.44,0.0,241.40442,0.0,-0.18951607
16348.64,0.0,238.48184,0.0,0.026691198
16348.84,0.0,249.11514,0.0,-0.18996525
16349.04,0.0,246.71838,0.0,-0.25055122
16349.24,0.0,242.4006,0.0,-0.30457878
16349.44,0.0,244.47952,0.0,-0.22341299
16349.64,0.0,248.32892,0.0,-0.1042099
16349.84,0.0,244.95877,0.0,-0.033575773
16350.04,0.0,244.07431,0.0,-0.10623884
16350.24,0.0,248.06607,0.0,-0.14116383
16350.44,0.0,244.74252,0.0,-0.23804665
16350.64,0.0,245.52911,0.0,-0.23154545
16350.84,0.0,244.65045,0.0,-0.25064993
16351.04,0.0,242.74875,0.0,-0.2834382
16351.24,0.0,242.2626,0.0,-0.2583599
16351.44,0.0,245.10452,0.0,-0.23643637
16351.64,0.0,240.33505,0.0,-0.27456427
16351.84,0.0,244.07742,0.0,-0.25093699
16352.04,0.0,247.52057,0.0,-0.26400137
16352.24,0.0,243.05508,0.0,-0.16512299
16352.44,0.0,248.51065,0.0,-0.20147657
16352.64,0.0,241.19836,0.0,-0.024286985
16352.84,0.0,248.39056,0.0,-0.12896919
16353.04,0.0,242.36862,0.0,-0.08882332
16353.24,0.0,241.17154,0.0,-0.22977495
16353.44,0.0,246.41153,0.0,-0.23123169
16353.64,0.0,251.00177,0.0,-0.19803047
16353.84,0.0,246.74655,0.0,-0.30505085
16354.04,0.0,239.23257,0.0,-0.25328922
16354.24,0.0,245.70563,0.0,-0.24098682
16354.44,0.0,247.44861,0.0,-0.24595594
16354.64,0.0,242.60364,0.0,-0.25474262
16354.84,0.0,242.65167,0.0,-0.22914028
16355.04,0.0,242.47626,0.0,-0.29313087
16355.24,0.0,241.1022,0.0,-0.27029562
16355.44,0.0,245.1175,0.0,-0.27290964
16355.64,0.0,242.76675,0.0,-0.18669844
16355.84,0.0,242.05685,0.0,-0.25975847
16356.04,0.0,237.32153,0.0,-0.28067732
16356.24,0.0,231.75067,0.0,-0.27828217
16356.44,0.0,230.4396,0.0,-0.29653645
16356.64,0.0,219.7633,0.0,-0.17045498
16356.84,0.0,208.59085,0.0,-0.2186203
16357.04,0.0,198.92499,0.0,-0.2955122
16357.24,0.0,179.30688,0.0,0.015168428
16357.44,0.0,173.48837,0.0,0.05551195
16357.64,0.0,162.54288,0.0,0.11722851
16357.84,0.0,132.49652,0.0,0.25163198
16358.04,0.0,92.81387,0.0,0.29100418
16358.24,0.0,96.461716,0.0,0.28383398
16358.44,0.0,78.37304,0.0,0.30415416
16358.64,0.0,59.667526,0.0,0.28890777
16358.84,0.0,59.13893,0.0,0.22330832
16359.04,0.0,37.281643,0.0,0.26039886
16359.24,0.0,34.213783,0.0,0.24278188
16359.44,0.0,33.19909,0.0,0.23004532
16359.64,0.0,27.725887,0.0,0.21527767
16359.84,0.0,25.69952,0.0,0.20620322
16360.04,0.0,25.824856,0.0,0.20874786
16360.24,0.0,21.4015,0.0,0.18098164
16360.44,0.0,23.49102,0.0,0.1764543
16360.64,0.0,16.731674,0.0,0.14357519
16360.84,0.0,15.558739,0.0,0.11303043
16361.04,0.0,13.315521,0.0,0.106390715
16361.24,0.0,19.195602,0.0,0.13946486
16361.44,0.0,15.717846,0.0,0.14123774
16361.64,0.0,21.76234,0.0,0.16788173
16361.84,0.0,14.242794,0.0,0.11095977
16362.04,0.0,15.950943,0.0,0.13418198
16362.24,0.0,14.033604,0.0,0.14713573
16362.44,0.0,14.9548,0.0,0.09645367
16362.64,0.0,10.061687,0.0,0.11233759
16362.84,0.0,11.401691,0.0,0.090219975
16363.04,0.0,14.454197,0.0,0.14050221
16363.24,0.0,13.31855,0.0,0.13878131
16363.44,0.0,13.169151,0.0,0.120396376
16363.64,0.0,13.944462,0.0,0.13369966
16363.84,0.0,11.264252,0.0,0.1349175
16364.04,0.0,14.1438675,0.0,0.119641304
16364.24,0.0,11.414299,0.0,0.11459017
16364.44,0.0,10.425392,0.0,0.11767912
16364.64,0.0,11.962147,0.0,0.11332679
16364.84,0.0,13.62191,0.0,0.12065625
16365.04,0.0,10.393703,0.0,0.110453606
16365.24,0.0,12.736744,0.0,0.10923433
16365.44,0.0,11.918571,0.0,0.0991807
16365.64,0.0,10.809734,0.0,0.09287453
16365.84,0.0,9.285278,0.0,0.12164378
16366.04,0.0,9.80489,0.0,0.095858574
16366.24,0.0,9.738407,0.0,0.11802101
16366.44,0.0,9.062744,0.0,0.13458085
16366.64,0.0,7.931175,0.0,0.12699437
16366.84,0.0,10.643917,0.0,0.10544562
16367.04,0.0,9.157555,0.0,0.111221075
16367.24,0.0,9.529293,0.0,0.118522406
16367.44,0.0,8.668251,0.0,0.13265443
16367.64,0.0,8.610283,0.0,0.09973931
16367.84,0.0,8.509384,0.0,0.10506892
16368.04,0.0,10.878971,0.0,0.121659994
16368.24,0.0,8.623421,0.0,0.10276675
16368.44,0.0,9.513359,0.0,0.10340309
16368.64,0.0,8.830818,0.0,0.124620914
16368.84,0.0,9.073044,0.0,0.115112066
16369.04,0.0,9.077194,0.0,0.11764312
16369.24,0.0,8.614166,0.0,0.12804031
16369.44,0.0,9.054039,0.0,0.12461972
16369.64,0.0,7.7339096,0.0,0.14112687
16369.84,0.0,8.011276,0.0,0.12253213
16370.04,0.0,8.037994,0.0,0.112029314
16370.24,0.0,8.330948,0.0,0.14747596
16370.44,0.0,7.507881,0.0,0.13195205
16370.64,0.0,8.4338455,0.0,0.099544525
16370.84,0.0,8.057495,0.0,0.10253453
16371.04,0.0,8.452087,0.0,0.11437583
16371.24,0.0,8.007759,0.0,0.12695312
16371.44,0.0,7.013283,0.0,0.11178112
16371.64,0.0,7.4995728,0.0,0.10261488
16371.84,0.0,7.6127625,0.0,0.10976601
16372.04,0.0,6.713875,0.0,0.10823846
16372.24,0.0,8.242851,0.0,0.12039995
16372.44,0.0,7.29644,0.0,0.12840152
16372.64,0.0,7.076454,0.0,0.122326374
16372.84,0.0,6.838394,0.0,0.12204194
16373.04,0.0,7.48687,0.0,0.118579626
16373.24,0.0,6.3089066,0.0,0.10739851
16373.44,0.0,7.488678,0.0,0.119226694
16373.64,0.0,5.7734222,0.0,0.13271022
16373.84,0.0,6.5972366,0.0,0.12156892
16374.04,0.0,7.4287567,0.0,0.11360359
16374.24,0.0,7.2585907,0.0,0.109972954
16374.44,0.0,6.2049255,0.0,0.11354351
16374.64,0.0,7.029831,0.0,0.116648436
16374.84,0.0,6.6359634,0.0,0.11345315
16375.04,0.0,5.6512146,0.0,0.10401106
16375.24,0.0,7.00383,0.0,0.12092471
16375.44,0.0,6.36158,0.0,0.11446357
16375.64,0.0,5.543152,0.0,0.10167146
16375.84,0.0,6.5816956,0.0,0.11590743
16376.04,0.0,5.845543,0.0,0.11069775
16376.24,0.0,5.8285522,0.0,0.090960264
16376.44,0.0,6.225647,0.0,0.106696606
16376.64,0.0,5.8214035,0.0,0.10252094
16376.84,0.0,4.786003,0.0,0.10425687
16377.04,0.0,6.925789,0.0,0.09967041
16377.24,0.0,7.58815,0.0,0.10727954
16377.44,0.0,4.8236465,0.0,0.10539532
16377.64,0.0,4.6124115,0.0,0.10502434
16377.84,0.0,4.8741226,0.0,0.09390926
16378.04,0.0,5.219528,0.0,0.09435606
16378.24,0.0,5.711563,0.0,0.08788252
16378.44,0.0,5.624359,0.0,0.10844946
16378.64,0.0,6.4851227,0.0,0.0941236
16378.84,0.0,5.12764,0.0,0.10825539
16379.04,0.0,5.0808716,0.0,0.09349847
16379.24,0.0,5.054062,0.0,0.10365462
16379.44,0.0,4.552208,0.0,0.095227
16379.64,0.0,4.765114,0.0,0.09246588
16379.84,0.0,5.159401,0.0,0.08093214
16380.04,0.0,5.8769073,0.0,0.11531186
16380.24,0.0,4.6674423,0.0,0.0992682
16380.44,0.0,4.8460693,0.0,0.078281164
16380.64,0.0,4.4421387,0.0,0.08320141
16380.84,0.0,5.54364,0.0,0.09844947
16381.04,0.0,4.3542404,0.0,0.09841204
16381.24,0.0,4.1102753,0.0,0.083884
16381.44,0.0,5.242447,0.0,0.09706092
16381.64,0.0,4.726433,0.0,0.07654309
16381.84,0.0,6.3126755,0.0,0.09791064
16382.04,0.0,4.3191757,0.0,0.07686663
16382.24,0.0,4.934517,0.0,0.08033109
16382.44,0.0,4.5398407,0.0,0.09222007
16382.64,0.0,5.6860886,0.0,0.07368231
16382.84,0.0,5.625412,0.0,0.08697629
16383.04,0.0,3.7545166,0.0,0.079625845
16383.24,0.0,3.733017,0.0,0.07438421
16383.44,0.0,4.364868,0.0,0.068081856
16383.64,0.0,5.7205124,0.0,0.09070253
16383.84,0.0,3.7950897,0.0,0.086782455
16384.04,0.0,4.937256,0.0,0.083308935
16384.24,0.0,4.3514023,0.0,0.086384535
16384.44,0.0,3.7903748,0.0,0.07259464
16384.64,0.0,3.7970352,0.0,0.088664055
16384.84,0.0,4.363434,0.0,0.07272887
16385.04,0.0,4.2501755,0.0,0.074903965
16385.24,0.0,4.411476,0.0,0.0723443
16385.44,0.0,3.7707825,0.0,0.07108259
16385.64,0.0,4.733673,0.0,0.06418896
16385.84,0.0,4.614914,0.0,0.0769341
16386.04,0.0,3.5973969,0.0,0.06122327
16386.24,0.0,4.006027,0.0,0.070940256
16386.44,0.0,3.865036,0.0,0.075918674
16386.64,0.0,3.413391,0.0,0.07870126
16386.84,0.0,3.4922104,0.0,0.05436492
16387.04,0.0,3.4275131,0.0,0.07071042
16387.24,0.0,3.6458588,0.0,0.07692456
16387.44,0.0,3.0592117,0.0,0.05897975
16387.64,0.0,3.7744446,0.0,0.07077861
16387.84,0.0,3.5673065,0.0,0.0675714
16388.04,0.0,3.6273117,0.0,0.054527998
16388.24,0.0,3.3299866,0.0,0.061192513
16388.44,0.0,3.518921,0.0,0.050683975
16388.64,0.0,3.76828,0.0,0.0539124
16388.84,0.0,3.847084,0.0,0.06924081
16389.04,0.0,3.763649,0.0,0.067994595
16389.24,0.0,3.608223,0.0,0.040042877
16389.44,0.0,3.9374924,0.0,0.04636717
16389.64,0.0,3.4790955,0.0,0.0475626
16389.84,0.0,3.2094421,0.0,0.062767506
16390.04,0.0,3.6631622,0.0,0.051564932
16390.24,0.0,3.495613,0.0,0.039168358
16390.44,0.0,3.6715088,0.0,0.032630205
16390.64,0.0,3.6439285,0.0,0.03474784
16390.84,0.0,4.4236526,0.0,0.04839611
16391.04,0.0,4.0607376,0.0,0.06060767
16391.24,0.0,4.491234,0.0,0.054181576
16391.44,0.0,4.1486053,0.0,0.04476428
16391.64,0.0,2.945877,0.0,0.055470705
16391.84,0.0,3.0140152,0.0,0.03768301
16392.04,0.0,3.2070084,0.0,0.031960964
16392.24,0.0,4.7178345,0.0,0.041635275
16392.44,0.0,4.4245834,0.0,0.042671204
16392.64,0.0,3.1593323,0.0,0.03002572
16392.84,0.0,3.9954453,0.0,0.009862661
16393.04,0.0,3.7781677,0.0,0.036955833
16393.24,0.0,4.1242905,0.0,0.037061453
16393.44,0.0,3.0194702,0.0,0.030271053
16393.64,0.0,4.095337,0.0,0.027658224
16393.84,0.0,4.7815094,0.0,0.038766146
16394.04,0.0,2.955162,0.0,0.04104781
16394.24,0.0,3.177887,0.0,0.01919341
16394.44,0.0,3.117157,0.0,0.03175831
16394.64,0.0,3.081955,0.0,0.037056923
16394.84,0.0,3.1762161,0.0,0.030064106
16395.04,0.0,2.9795837,0.0,0.027606487
16395.24,0.0,4.0032425,0.0,0.026309967
16395.44,0.0,3.1266708,0.0,0.027385235
16395.64,0.0,2.9423294,0.0,0.025934935
16395.84,0.0,3.3825226,0.0,0.023550034
16396.04,0.0,2.6348572,0.0,0.018031359
16396.24,0.0,4.0220337,0.0,0.0142662525
16396.44,0.0,3.7257843,0.0,0.025552273
16396.64,0.0,2.9631195,0.0,0.01016593
16396.84,0.0,3.9663773,0.0,0.031085014
16397.04,0.0,3.399025,0.0,0.016120672
16397.24,0.0,3.0819626,0.0,0.0057427883
16397.44,0.0,4.712715,0.0,0.017079115
16397.64,0.0,5.450943,0.0,0.0426867
16397.84,0.0,3.8098755,0.0,0.028790236
16398.04,0.0,4.4086685,0.0,0.03129387
16398.24,0.0,3.8110886,0.0,0.010429859
16398.44,0.0,3.5591812,0.0,0.018224716
16398.64,0.0,3.8717422,0.0,0.008327246
16398.84,0.0,3.7386856,0.0,-0.0062429905
16399.04,0.0,3.7938843,0.0,0.007237196
16399.24,0.0,3.8247452,0.0,0.021805048
16399.44,0.0,3.232582,0.0,0.008090019
16399.64,0.0,3.8164215,0.0,0.011563778
16399.84,0.0,3.7400436,0.0,0.011945963
16400.04,0.0,3.7559433,0.0,0.011356354
16400.24,0.0,4.0616455,0.0,0.035368204
16400.44,0.0,3.799652,0.0,0.005322933
16400.64,0.0,4.0470276,0.0,5.340576e-05
16400.84,0.0,5.2846146,0.0,0.023546219
16401.04,0.0,3.3775787,0.0,0.020925045
16401.24,0.0,2.9271011,0.0,-0.005934
16401.44,0.0,4.0492554,0.0,0.0028791428
16401.64,0.0,4.1742325,0.0,0.012224197
16401.84,0.0,2.6166153,0.0,-0.020643234
16402.04,0.0,3.1527786,0.0,-0.0008058548
16402.24,0.0,4.5470734,0.0,0.008897543
16402.44,0.0,5.987709,0.0,0.03382182
16402.64,0.0,3.63694,0.0,-0.0029776096
16402.84,0.0,4.7248306,0.0,-0.0010859966
16403.04,0.0,5.686653,0.0,0.028480768
16403.24,0.0,4.611702,0.0,-0.01665306
16403.44,0.0,4.77314,0.0,0.013952732
16403.64,0.0,4.4139175,0.0,0.019051552
16403.84,0.0,4.424698,0.0,0.020329237
16404.04,0.0,3.7621994,0.0,-0.018360853
16404.24,0.0,3.7648773,0.0,0.0030798912
16404.44,0.0,3.9943314,0.0,-0.0041792393
16404.64,0.0,3.7395554,0.0,0.0086147785
16404.84,0.0,3.400055,0.0,-0.025255442
16405.04,0.0,4.3740463,0.0,0.010790825
16405.24,0.0,3.7603836,0.0,-0.007901192
16405.44,0.0,3.7546997,0.0,-0.02924037
16405.64,0.0,3.525406,0.0,0.007999659
16405.84,0.0,3.9131699,0.0,-0.009919643
16406.04,0.0,3.3654938,0.0,-0.03146696
16406.24,0.0,3.894661,0.0,-0.013776779
16406.44,0.0,3.2342987,0.0,-0.0054428577
16406.64,0.0,3.8685532,0.0,-0.010730267
16406.84,0.0,4.6531067,0.0,0.036231995
16407.04,0.0,3.0768967,0.0,-0.023266554
16407.24,0.0,3.766632,0.0,-0.028906584
16407.44,0.0,4.0697403,0.0,0.0010068417
16407.64,0.0,3.1846542,0.0,-0.008337259
16407.84,0.0,2.7766724,0.0,-0.018633842
16408.04,0.0,4.8667984,0.0,0.02074337
16408.24,0.0,5.0820236,0.0,0.024243355
16408.44,0.0,4.6714783,0.0,0.0041849613
16408.64,0.0,5.998802,0.0,0.02196145
16408.84,0.0,4.982086,0.0,0.00845623
16409.04,0.0,4.1109467,0.0,-0.0059621334
16409.24,0.0,4.5396805,0.0,-0.01228714
16409.44,0.0,6.0532227,0.0,0.015151501
16409.64,0.0,6.581093,0.0,0.030886412
16409.84,0.0,4.6275024,0.0,-0.0032439232
16410.04,0.0,4.7948685,0.0,0.0032155514
16410.24,0.0,5.928406,0.0,0.024145603
16410.44,0.0,5.0167236,0.0,-0.0028879642
16410.64,0.0,3.5582047,0.0,0.0022258759
16410.84,0.0,5.042694,0.0,3.671646e-05
16411.04,0.0,5.7662964,0.0,0.01150465
16411.24,0.0,4.9555817,0.0,-0.00021529198
16411.44,0.0,5.002472,0.0,-0.020334005
16411.64,0.0,4.5173035,0.0,-0.0040314198
16411.84,0.0,5.6232758,0.0,0.014455318
16412.04,0.0,3.6108704,0.0,-0.03670311
16412.24,0.0,4.138443,0.0,-0.02304697
16412.44,0.0,6.4524307,0.0,0.009333134
16412.64,0.0,4.662422,0.0,-0.014349937
16412.84,0.0,4.5686264,0.0,-0.013964891
16413.04,0.0,6.516884,0.0,0.025875092
16413.24,0.0,6.148056,0.0,0.010999918
16413.44,0.0,5.0526657,0.0,-0.007354498
16413.64,0.0,5.063736,0.0,-0.019156456
16413.84,0.0,5.0111923,0.0,-0.020940065
16414.04,0.0,5.408745,0.0,0.0057115555
16414.24,0.0,4.7897263,0.0,-0.026935577
16414.44,0.0,5.3338013,0.0,-0.029631376
16414.64,0.0,5.384323,0.0,-0.021296501
16414.84,0.0,4.4784164,0.0,0.002359867
16415.04,0.0,4.306183,0.0,-0.042841196
16415.24,0.0,4.0197678,0.0,-0.048959732
16415.44,0.0,5.5926743,0.0,-0.019849777
16415.64,0.0,6.521759,0.0,-0.003434658
16415.84,0.0,6.7401047,0.0,0.014982462
16416.04,0.0,7.1354446,0.0,0.020484447
16416.24,0.0,6.0858994,0.0,0.017783165
16416.44,0.0,5.476799,0.0,-0.005765438
16416.64,0.0,4.3336334,0.0,-0.032862663
16416.84,0.0,5.496765,0.0,-0.048006058
16417.04,0.0,4.857422,0.0,-0.020633698
16417.24,0.0,4.6285095,0.0,-0.00043296814
16417.44,0.0,7.1117477,0.0,0.03719282
16417.64,0.0,6.4522934,0.0,0.018240213
16417.84,0.0,5.091652,0.0,-0.008194685
16418.04,0.0,5.408333,0.0,-0.015220642
16418.24,0.0,4.790085,0.0,-0.03771615
16418.44,0.0,4.944557,0.0,-0.036964893
16418.64,0.0,4.985306,0.0,-0.034359455
16418.84,0.0,6.229622,0.0,-0.0053408146
16419.04,0.0,5.404846,0.0,-0.010699272
16419.24,0.0,5.142685,0.0,-0.017563343
16419.44,0.0,4.5175323,0.0,-0.017405033
16419.64,0.0,6.5575256,0.0,-0.019491673
16419.84,0.0,5.260086,0.0,-0.052488565
16420.04,0.0,7.799431,0.0,0.0036833286
16420.24,0.0,9.731541,0.0,0.06414795
16420.44,0.0,6.389656,0.0,0.0024039745
16420.64,0.0,6.7387543,0.0,0.0066144466
16420.84,0.0,6.0486374,0.0,-0.0212996
16421.04,0.0,5.5175858,0.0,-0.048950672
16421.24,0.0,8.243805,0.0,-0.011465073
16421.44,0.0,7.3548584,0.0,0.015175104
16421.64,0.0,7.963257,0.0,-0.004843235
16421.84,0.0,8.819473,0.0,0.0329628
16422.04,0.0,9.961292,0.0,0.05454278
16422.24,0.0,6.325035,0.0,0.0028238297
16422.44,0.0,6.907242,0.0,-0.026371717
16422.64,0.0,9.205692,0.0,0.042707443
16422.84,0.0,7.3317413,0.0,0.010331869
16423.04,0.0,6.8231964,0.0,0.000849247
16423.24,0.0,6.549286,0.0,-0.023160696
16423.44,0.0,7.3637466,0.0,-0.0034997463
16423.64,0.0,8.456238,0.0,0.03625703
16423.84,0.0,7.7321167,0.0,0.021740913
16424.04,90.0,7.962532,0.0,-0.035437107
16424.24,90.0,7.5218124,0.0,-0.016678333
16424.44,90.0,6.4807053,0.0,-0.029880285
16424.64,90.0,8.35907,0.0,-0.00084733963
16424.84,90.0,8.85202,0.0,0.024496794
16425.04,90.0,9.076477,0.0,0.020011187
16425.24,90.0,8.809563,0.0,0.023902416
16425.44,90.0,8.056473,0.0,-0.004817009
16425.64,90.0,7.3854446,0.0,-0.054109573
16425.84,90.0,7.646324,0.0,-0.021839142
16426.04,90.0,8.78862,0.0,0.017410755
16426.24,90.0,7.1674576,0.0,-0.03965521
16426.44,90.0,8.548241,0.0,0.0019500256
16426.64,90.0,9.535839,0.0,0.034034014
16426.84,90.0,7.7783203,0.0,-0.034044504
16427.04,90.0,8.123238,0.0,-0.028100252
16427.24,90.0,7.789421,0.0,-0.040470123
16427.44,90.0,8.345924,0.0,0.003922701
16427.64,90.0,8.985046,0.0,0.02001071
16427.84,90.0,11.413101,0.0,0.039989233
16428.04,90.0,11.426868,0.0,0.028889894
16428.24,90.0,8.583511,0.0,-0.011048317
16428.44,90.0,8.932999,0.0,-0.0057122707
16428.64,90.0,9.479107,0.0,-0.0034396648
16428.84,90.0,8.724052,0.0,-0.05177331
16429.04,90.0,10.014225,0.0,0.04300785
16429.24,90.0,13.159817,0.0,0.074736595
16429.44,90.0,15.386459,0.0,0.062012196
16429.64,90.0,11.528725,0.0,0.02034378
16429.84,90.0,7.9395447,0.0,-0.016345263
16430.04,90.0,9.725624,0.0,0.025253296
16430.24,90.0,13.037827,0.0,0.04253149
16430.44,90.0,13.337734,0.0,0.048212767
16430.64,90.0,14.353611,0.0,0.05028367
16430.84,90.0,14.736259,0.0,0.04718733
16431.04,90.0,13.351376,0.0,0.0043332577
16431.24,90.0,11.762848,0.0,0.012149811
16431.44,90.0,12.760242,0.0,0.010088682
16431.64,90.0,15.01762,0.0,0.06173992
16431.84,90.0,16.207874,0.0,0.046853542
16432.04,90.0,15.37645,0.0,0.0884974
16432.24,90.0,12.963699,0.0,0.056254864
16432.44,90.0,16.961609,0.0,0.07819891
16432.64,90.0,20.646946,0.0,0.10403919
16432.84,90.0,18.485573,0.0,0.09251404
16433.04,90.0,22.343044,0.0,0.15658522
16433.24,90.0,14.08617,0.0,0.06378436
16433.44,90.0,17.901318,0.0,0.11694932
16433.64,90.0,26.367779,0.0,0.17661405
16433.84,90.0,18.907722,0.0,0.055553675
16434.04,90.0,16.678127,0.0,0.02835536
16434.24,90.0,14.652061,0.0,0.029434443
16434.44,90.0,14.517124,0.0,0.034791946
16434.64,90.0,19.379868,0.0,0.09616709
16434.84,90.0,21.250168,0.0,0.13999057
16435.04,90.0,19.612885,0.0,0.10291195
16435.24,90.0,23.56382,0.0,0.11067653
16435.44,90.0,23.68219,0.0,0.13166595
16435.64,90.0,22.502548,0.0,0.16183949
16435.84,90.0,19.126968,0.0,0.1315248
16436.04,90.0,19.772518,0.0,0.112849236
16436.24,90.0,26.071709,0.0,0.18240428
16436.44,90.0,24.166904,0.0,0.14161682
16436.64,90.0,17.686768,0.0,0.1139245
16436.84,90.0,25.264523,0.0,0.11584997
16437.04,90.0,30.673473,0.0,0.18344402
16437.24,90.0,35.667313,0.0,0.18895698
16437.44,90.0,39.066555,0.0,0.23270941
16437.64,90.0,48.519714,0.0,0.2945118
16437.84,90.0,73.13443,0.0,0.37280464
16438.04,90.0,94.404175,0.0,0.41744137
16438.24,90.0,99.057686,0.0,0.50273037
16438.44,90.0,109.71003,0.0,0.542979
16438.64,90.0,135.19638,0.0,0.5411155
16438.84,90.0,134.49924,0.0,0.6117778
16439.04,90.0,155.04097,0.0,0.54073787
16439.24,90.0,143.83444,0.0,0.5987041
16439.44,90.0,140.88641,0.0,0.8384023
16439.64,90.0,153.74017,0.0,1.0542169
16439.84,90.0,144.83035,0.0,0.92204833
16440.04,90.0,152.85696,0.0,0.66675305
16440.24,90.0,154.85158,0.0,0.7643156
16440.44,90.0,152.87723,0.0,0.92835546
16440.64,90.0,158.13852,0.0,0.6839864
16440.84,90.0,155.98517,0.0,0.69357705
16441.04,90.0,153.17316,0.0,0.6315379
16441.24,90.0,147.47789,0.0,0.7990637
16441.44,90.0,157.20389,0.0,0.5742829
16441.64,90.0,146.71591,0.0,0.7938347
16441.84,90.0,153.58661,0.0,0.9131527
16442.04,90.0,152.13254,0.0,1.03246
16442.24,90.0,149.362,0.0,0.90788436
16442.44,90.0,161.34479,0.0,0.78820896
16442.64,90.0,131.92381,0.0,1.41505
16442.84,90.0,123.8889,0.0,1.1786854
16443.04,90.0,143.10641,0.0,1.12765
16443.24,90.0,121.85067,0.0,1.567539
16443.44,90.0,122.36354,0.0,1.441113
16443.64,90.0,126.67488,0.0,1.6858692
16443.84,90.0,111.382095,0.0,1.6392183
16444.04,90.0,111.99859,0.0,1.4659784
16444.24,90.0,110.91623,0.0,1.8854699
16444.44,90.0,104.12751,0.0,2.347022
16444.64,90.0,109.769104,0.0,2.0261626
16444.84,90.0,106.87879,0.0,2.2583146
16445.04,90.0,108.38846,0.0,2.065752
16445.24,90.0,110.83247,0.0,2.5549624
16445.44,90.0,110.27402,0.0,1.9157703
16445.64,90.0,114.244095,0.0,2.6557274
16445.84,90.0,107.77812,0.0,2.454185
16446.04,90.0,96.806305,0.0,2.6673007
16446.24,90.0,106.905235,0.0,2.2048216
16446.44,90.0,97.92485,0.0,2.6815581
16446.64,90.0,98.650055,0.0,2.265291
16446.84,90.0,104.96379,0.0,2.5450883
16447.04,90.0,96.960014,0.0,2.6451473
16447.24,90.0,93.152626,0.0,2.4714499
16447.44,90.0,97.64992,0.0,2.4296227
16447.64,90.0,94.71019,0.0,2.6255615
16447.84,90.0,97.03167,0.0,2.58714
16448.04,90.0,101.89498,0.0,2.110866
16448.24,90.0,91.20369,0.0,2.9103994
16448.44,90.0,91.91095,0.0,2.102696
16448.64,90.0,95.2634,0.0,2.5305746
16448.84,90.0,92.974174,0.0,2.4383702
16449.04,90.0,94.18003,0.0,2.9316237
16449.24,90.0,94.61205,0.0,2.7927928
16449.44,90.0,86.0572,0.0,3.172595
16449.64,90.0,90.80934,0.0,2.810803
16449.84,90.0,95.84204,0.0,2.3628685
16450.04,90.0,97.3547,0.0,2.5585876
16450.24,90.0,97.94459,0.0,2.9104764
16450.44,90.0,93.40457,0.0,2.738762
16450.64,90.0,93.8383,0.0,2.841487
16450.84,90.0,91.84658,0.0,2.6607096
16451.04,90.0,92.42266,0.0,3.1849856
16451.24,90.0,91.59685,0.0,2.740004
16451.44,90.0,96.36077,0.0,2.8373265
16451.64,90.0,89.762215,0.0,2.8879027
16451.84,90.0,88.04153,0.0,3.2895133
16452.04,90.0,86.99486,0.0,2.7610269
16452.24,90.0,84.04803,0.0,3.262001
16452.44,90.0,86.82565,0.0,3.3802676
16452.64,90.0,86.32451,0.0,3.358008
16452.84,90.0,97.10423,0.0,2.8231301
16453.04,90.0,97.57007,0.0,2.786635
16453.24,90.0,92.312645,0.0,2.9951901
16453.44,90.0,99.05793,0.0,2.572109
16453.64,90.0,93.251595,0.0,2.8783643
16453.84,90.0,89.49931,0.0,3.2062936
16454.04,90.0,88.780876,0.0,3.003167
16454.24,90.0,91.772766,0.0,3.15797
16454.44,90.0,96.02371,0.0,2.9890237
16454.64,90.0,92.86988,0.0,3.5613103
16454.84,90.0,89.64103,0.0,3.3618717
16455.04,90.0,95.33782,0.0,2.8690472
16455.24,90.0,92.329315,0.0,3.2932377
16455.44,90.0,101.11505,0.0,3.0066252
16455.64,90.0,99.220825,0.0,2.7211897
16455.84,90.0,85.6383,0.0,3.5164587
16456.04,90.0,89.00751,0.0,2.9821477
16456.24,90.0,84.45341,0.0,3.5054083
16456.44,90.0,83.92511,0.0,3.6153157
16456.64,90.0,91.464615,0.0,3.4067433
16456.84,90.0,91.828674,0.0,3.5826008
16457.04,90.0,91.48149,0.0,3.166895
16457.24,90.0,89.0728,0.0,3.2504003
16457.44,90.0,83.51857,0.0,3.3167737
16457.64,90.0,81.260216,0.0,2.999788
16457.84,90.0,85.75411,0.0,3.6733408
16458.04,90.0,87.77685,0.0,3.5671213
16458.24,90.0,85.86434,0.0,4.0293536
16458.44,90.0,84.17946,0.0,3.668906
16458.64,90.0,93.54256,0.0,3.322129
16458.84,90.0,89.803535,0.0,3.219769
16459.04,90.0,85.1144,0.0,3.6947746
16459.24,90.0,85.34322,0.0,2.7819095
16459.44,90.0,87.5815,0.0,3.2457144
16459.64,90.0,85.411896,0.0,3.2937207
16459.84,90.0,84.87935,0.0,3.3744884
16460.04,90.0,88.1299,0.0,2.8167152
16460.24,90.0,86.60626,0.0,3.4922323
16460.44,90.0,82.77505,0.0,3.3350413
16460.64,90.0,88.14231,0.0,2.8737173
16460.84,90.0,83.615715,0.0,3.0724103
16461.04,90.0,81.29469,0.0,4.053763
16461.24,90.0,80.91307,0.0,2.9930573
16461.44,90.0,81.4113,0.0,4.2785287
16461.64,90.0,82.03899,0.0,3.6952887
16461.84,90.0,74.97648,0.0,4.010373
16462.04,90.0,78.470825,0.0,3.062488
16462.24,90.0,82.31395,0.0,3.1063566
16462.44,90.0,89.01082,0.0,2.643292
16462.64,90.0,88.49789,0.0,2.8742692
16462.84,90.0,87.79043,0.0,2.8794997
16463.04,90.0,86.36389,0.0,2.9801078
16463.24,90.0,83.29845,0.0,3.1454737
16463.44,90.0,87.66487,0.0,3.093531
16463.64,90.0,85.68248,0.0,2.9826744
16463.84,90.0,84.03633,0.0,2.8613675
16464.04,90.0,84.656334,0.0,3.197143
16464.24,90.0,85.34169,0.0,3.0258837
16464.44,90.0,84.43913,0.0,3.1251776
16464.64,90.0,81.068184,0.0,2.8829348
16464.84,90.0,82.38919,0.0,3.2631855
16465.04,90.0,85.23537,0.0,2.580719
16465.24,90.0,76.29563,0.0,3.0425615
16465.44,90.0,86.61601,0.0,3.0168576
16465.64,90.0,86.808266,0.0,2.729519
16465.84,90.0,79.51665,0.0,3.0232508
16466.04,90.0,86.80249,0.0,2.819042
16466.24,90.0,80.576225,0.0,2.9960089
16466.44,90.0,75.282486,0.0,3.7431972
16466.64,90.0,82.050285,0.0,4.0367036
16466.84,90.0,82.778564,0.0,4.175178
16467.04,90.0,81.35093,0.0,3.9538593
16467.24,90.0,86.14486,0.0,2.843688
16467.44,90.0,79.65759,0.0,3.308933
16467.64,90.0,76.94425,0.0,3.5047119
16467.84,90.0,76.802444,0.0,3.0928507
16468.04,90.0,77.64148,0.0,3.3571477
16468.24,90.0,83.6826,0.0,2.744749
16468.44,90.0,82.055,0.0,3.1165218
16468.64,90.0,81.57456,0.0,2.2881622
16468.84,90.0,81.4281,0.0,2.534513
16469.04,90.0,81.31818,0.0,2.5912585
16469.24,90.0,84.80487,0.0,2.1708055
16469.44,90.0,79.99907,0.0,2.838469
16469.64,90.0,83.98604,0.0,3.1593602
16469.84,90.0,78.98998,0.0,2.8472972
16470.04,90.0,79.41045,0.0,3.557267
16470.24,90.0,80.73279,0.0,3.1492736
16470.44,90.0,77.505066,0.0,2.32004
16470.64,90.0,77.75843,0.0,2.8220625
16470.84,90.0,81.597466,0.0,2.5962787
16471.04,90.0,78.908066,0.0,3.3472137
16471.24,90.0,75.869255,0.0,3.0624824
16471.44,90.0,79.20732,0.0,2.5020528
16471.64,90.0,74.23423,0.0,3.1223154
16471.84,90.0,75.64496,0.0,3.0351944
16472.04,90.0,78.66091,0.0,2.5015647
16472.24,90.0,82.05258,0.0,2.189468
16472.44,90.0,83.12768,0.0,1.939066
16472.64,90.0,81.669975,0.0,3.2037191
16472.84,90.0,75.823784,0.0,2.513735
16473.04,90.0,71.98115,0.0,3.8092878
16473.24,90.0,81.498375,0.0,3.0663235
16473.44,90.0,78.999176,0.0,2.4988546
16473.64,90.0,78.99869,0.0,2.4069042
16473.84,90.0,83.90763,0.0,2.6369805
16474.04,90.0,80.018074,0.0,2.8521829
16474.24,90.0,77.34099,0.0,2.9729486
16474.44,90.0,74.305275,0.0,3.0651143
16474.64,90.0,75.48659,0.0,2.8282132
16474.84,90.0,82.54909,0.0,2.5913615
16475.04,90.0,76.731064,0.0,2.693728
16475.24,90.0,77.11481,0.0,2.687948
16475.44,90.0,79.65491,0.0,2.2574408
16475.64,90.0,81.5247,0.0,2.3227797
16475.84,90.0,71.22677,0.0,3.6033072
16476.04,90.0,73.55743,0.0,2.780273
16476.24,90.0,77.848305,0.0,2.620233
16476.44,90.0,74.59701,0.0,2.4857373
16476.64,90.0,85.36735,0.0,2.334002
16476.84,90.0,83.50493,0.0,2.1935942
16477.04,90.0,78.50348,0.0,2.1054096
16477.24,90.0,72.92775,0.0,2.7859952
16477.44,90.0,80.459915,0.0,2.6420426
16477.64,90.0,78.43082,0.0,2.772183
16477.84,90.0,77.43596,0.0,1.905416
16478.04,90.0,86.94293,0.0,1.7325265
16478.24,90.0,77.20309,0.0,2.5180054
16478.44,90.0,84.800545,0.0,2.104972
16478.64,90.0,74.39532,0.0,1.7560465
16478.84,90.0,80.17599,0.0,2.1694598
16479.04,90.0,75.4823,0.0,2.1475782
16479.24,90.0,74.80668,0.0,2.3215442
16479.44,90.0,85.45993,0.0,1.6658273
16479.64,90.0,79.190544,0.0,2.1627302
16479.84,90.0,85.87744,0.0,1.7878764
16480.04,90.0,87.97327,0.0,1.1042819
16480.24,90.0,87.396454,0.0,1.2266903
16480.44,90.0,77.99001,0.0,1.591207
16480.64,90.0,90.26772,0.0,1.2533972
16480.84,90.0,80.03239,0.0,1.2181101
16481.04,90.0,85.91098,0.0,1.7194211
16481.24,90.0,79.425095,0.0,1.9820645
16481.44,90.0,86.983345,0.0,1.2210634
16481.64,90.0,85.20913,0.0,1.1307225
16481.84,90.0,82.752426,0.0,1.7118826
16482.04,90.0,83.36272,0.0,2.396895
16482.24,90.0,85.35662,0.0,1.8057818
16482.44,90.0,84.78538,0.0,1.2331016
16482.64,90.0,78.599396,0.0,2.518862
16482.84,90.0,83.88344,0.0,1.4299562
16483.04,90.0,78.65567,0.0,1.5641017
16483.24,90.0,82.293686,0.0,1.0921478
16483.44,90.0,78.79239,0.0,1.6007102
16483.64,90.0,84.61595,0.0,1.8250413
16483.84,90.0,87.87106,0.0,1.3262532
16484.04,90.0,86.4229,0.0,0.5570545
16484.24,90.0,86.75397,0.0,1.3623619
16484.44,90.0,88.272,0.0,0.60594344
16484.64,90.0,86.885796,0.0,0.56291246
16484.84,90.0,88.69707,0.0,0.69470406
16485.04,90.0,86.57533,0.0,0.712271
16485.24,90.0,81.81198,0.0,1.2103674
16485.44,90.0,85.54492,0.0,1.0695024
16485.64,90.0,83.853355,0.0,0.5788293
16485.84,90.0,82.006584,0.0,0.83424354
16486.04,90.0,85.76543,0.0,1.0855968
16486.24,90.0,83.62154,0.0,0.87802577
16486.44,90.0,90.53392,0.0,0.77703476
16486.64,90.0,87.71887,0.0,0.8440907
16486.84,90.0,81.47818,0.0,1.2503538
16487.04,90.0,89.264694,0.0,0.33315134
16487.24,90.0,87.43819,0.0,0.601079
16487.44,90.0,83.42197,0.0,0.5351927
16487.64,90.0,87.932755,0.0,0.76269054
16487.84,90.0,93.41374,0.0,0.47480774
16488.04,90.0,85.63289,0.0,0.5656333
16488.24,90.0,88.812965,0.0,0.8479378
16488.44,90.0,91.26617,0.0,0.39689755
16488.64,90.0,88.05488,0.0,0.14599156
16488.84,90.0,88.449104,0.0,0.20482707
16489.04,90.0,86.06076,0.0,0.46698904
16489.24,90.0,87.92035,0.0,0.39146543
16489.44,90.0,89.376175,0.0,0.38810015
16489.64,90.0,82.838715,0.0,0.5176525
16489.84,90.0,86.469025,0.0,0.39812493
16490.04,90.0,87.731735,0.0,0.2229259
16490.24,90.0,86.15749,0.0,0.22568059
16490.44,90.0,82.526535,0.0,0.19872665
16490.64,90.0,91.25002,0.0,0.21648383
16490.84,90.0,84.6058,0.0,0.13497186
16491.04,90.0,91.07375,0.0,0.34626603
16491.24,90.0,90.14279,0.0,0.13740635
16491.44,90.0,87.05858,0.0,0.17330551
16491.64,90.0,91.86557,0.0,0.2043724
16491.84,90.0,87.386795,0.0,0.07745147
16492.04,90.0,92.68855,0.0,0.2310512
16492.24,90.0,90.784904,0.0,0.1617446
16492.44,90.0,89.4917,0.0,0.10726786
16492.64,90.0,85.840126,0.0,0.40302062
16492.84,90.0,88.84361,0.0,0.1800971
16493.04,90.0,84.62103,0.0,0.26038718
16493.24,90.0,88.49966,0.0,0.37153006
16493.44,90.0,85.37445,0.0,0.30212665
16493.64,90.0,89.22782,0.0,0.20700598
16493.84,90.0,85.835464,0.0,0.3483007
16494.04,90.0,89.62152,0.0,0.22841883
16494.24,90.0,86.52037,0.0,0.028440952
16494.44,90.0,94.207924,0.0,0.28207064
16494.64,90.0,85.40178,0.0,-0.00737834
16494.84,90.0,91.89212,0.0,0.22784829
16495.04,90.0,93.001205,0.0,0.08725977
16495.24,90.0,88.31718,0.0,0.027757406
16495.44,90.0,80.085,0.0,0.07966757
16495.64,90.0,87.24237,0.0,0.09384346
16495.84,90.0,86.35349,0.0,0.115121126
16496.04,90.0,91.22313,0.0,0.12975311
16496.24,90.0,92.28563,0.0,0.115454674
16496.44,90.0,91.50955,0.0,0.1472497
16496.64,90.0,93.96083,0.0,0.12570906
16496.84,90.0,93.23136,0.0,0.076440334
16497.04,90.0,95.25598,0.0,0.2245748
16497.24,90.0,86.261475,0.0,0.015785933
16497.44,90.0,86.73125,0.0,0.06882882
16497.64,90.0,90.52185,0.0,0.12606454
16497.84,90.0,92.51433,0.0,0.12151146
16498.04,90.0,88.49916,0.0,0.0624094
16498.24,90.0,91.248085,0.0,0.14303708
16498.44,90.0,89.58222,0.0,-0.02900815
16498.64,90.0,90.71221,0.0,-0.031950474
16498.84,90.0,90.033646,0.0,-0.012452602
16499.04,90.0,83.75628,0.0,0.15431666
16499.24,90.0,88.90188,0.0,0.24930191
16499.44,90.0,91.41656,0.0,0.050709486
16499.64,90.0,90.1001,0.0,-0.0021128654
16499.84,90.0,86.58601,0.0,0.047442436
16500.04,90.0,89.86038,0.0,-0.07662058
16500.24,90.0,87.936356,0.0,-0.026393652
16500.44,90.0,85.7781,0.0,-0.020518541
16500.64,90.0,90.101685,0.0,0.1945486
16500.84,90.0,86.99047,0.0,-0.14829636
16501.04,90.0,91.83378,0.0,0.03080821
16501.24,90.0,88.362755,0.0,-0.12975216
16501.44,90.0,91.7284,0.0,0.060949326
16501.64,90.0,87.868164,0.0,-0.06570363
16501.84,90.0,88.49358,0.0,0.113823175
16502.04,90.0,85.91287,0.0,-0.102443695
16502.24,90.0,88.36382,0.0,0.0948267
16502.44,90.0,86.408005,0.0,-0.16243315
16502.64,90.0,91.09713,0.0,0.0069830418
16502.84,90.0,84.54045,0.0,-0.27795172
16503.04,90.0,89.583496,0.0,-0.0050196648
16503.24,90.0,92.62536,0.0,-0.08343315
16503.44,90.0,87.893135,0.0,-0.1102705
16503.64,90.0,87.76683,0.0,-0.12843847
16503.84,90.0,92.49916,0.0,-0.021059513
16504.04,90.0,80.947296,0.0,-0.32225513
16504.24,90.0,88.6666,0.0,-0.05654025
16504.44,90.0,91.42077,0.0,-0.09495878
16504.64,90.0,87.104515,0.0,-0.21366262
16504.84,90.0,87.15644,0.0,-0.20667839
16505.04,90.0,86.68631,0.0,-0.05262232
16505.24,90.0,88.72822,0.0,-0.16513872
16505.44,90.0,78.5654,0.0,-0.3378024
16505.64,90.0,81.07413,0.0,0.05613494
16505.84,90.0,85.63071,0.0,-0.21647501
16506.04,90.0,91.859726,0.0,-0.095513344
16506.24,90.0,82.634766,0.0,-0.28739405
16506.44,90.0,84.807076,0.0,0.14651656
16506.64,90.0,87.17303,0.0,-0.16391563
16506.84,90.0,87.1425,0.0,-0.12753677
16507.04,90.0,86.16901,0.0,-0.17261839
16507.24,90.0,81.332085,0.0,-0.31220388
16507.44,90.0,91.175255,0.0,-0.19722462
16507.64,90.0,80.08573,0.0,-0.31603146
16507.84,90.0,79.54102,0.0,-0.28311777
16508.04,90.0,87.09055,0.0,-0.2162056
16508.24,90.0,87.27251,0.0,-0.27231884
16508.44,90.0,77.809044,0.0,-0.39042854
16508.64,90.0,85.353134,0.0,-0.24752808
16508.84,90.0,84.84972,0.0,-0.37712193
16509.04,90.0,79.043495,0.0,-0.46720886
16509.24,90.0,80.82797,0.0,-0.24426079
16509.44,90.0,84.620926,0.0,-0.28382015
16509.64,90.0,84.44273,0.0,-0.24302912
16509.84,90.0,80.30005,0.0,-0.3453684
16510.04,90.0,82.45216,0.0,-0.4088211
16510.24,90.0,84.10703,0.0,-0.3825879
16510.44,90.0,82.22832,0.0,-0.38564825
16510.64,90.0,78.030266,0.0,-0.5069041
16510.84,90.0,78.523155,0.0,-0.49246883
16511.04,90.0,83.28942,0.0,-0.37332153
16511.24,90.0,76.27513,0.0,-0.48618603
16511.44,90.0,75.14106,0.0,-0.4682908
16511.64,90.0,80.86498,0.0,-0.42279005
16511.84,90.0,83.56419,0.0,-0.3509369
16512.04,90.0,82.48686,0.0,-0.34554672
16512.24,90.0,82.94714,0.0,-0.43506622
16512.44,90.0,78.26922,0.0,-0.45886135
16512.64,90.0,76.181595,0.0,-0.5530362
16512.84,90.0,81.66483,0.0,-0.39813423
16513.04,90.0,73.052864,0.0,-0.59468603
16513.24,90.0,78.74874,0.0,-0.32421255
16513.44,90.0,73.33444,0.0,-0.5349393
16513.64,90.0,74.173454,0.0,-0.6064811
16513.84,90.0,80.370445,0.0,-0.3710475
16514.04,90.0,79.059074,0.0,-0.48976517
16514.24,90.0,76.61296,0.0,-0.5235863
16514.44,90.0,76.86259,0.0,-0.5470066
16514.64,90.0,79.738304,0.0,-0.4289255
16514.84,90.0,76.70351,0.0,-0.5594983
16515.04,90.0,75.98574,0.0,-0.5244584
16515.24,90.0,73.1007,0.0,-0.6211324
16515.44,90.0,76.34373,0.0,-0.57732344
16515.64,90.0,72.84253,0.0,-0.4460225
16515.84,90.0,75.65866,0.0,-0.5877886
16516.04,90.0,75.57114,0.0,-0.44436455
16516.24,90.0,75.09123,0.0,-0.5536647
16516.44,90.0,76.28688,0.0,-0.49368572
16516.64,90.0,71.00225,0.0,-0.5986781
16516.84,90.0,72.28587,0.0,-0.57436514
16517.04,90.0,73.57283,0.0,-0.6669483
16517.24,90.0,76.2306,0.0,-0.5084462
16517.44,90.0,71.49096,0.0,-0.5423441
16517.64,90.0,70.00413,0.0,-0.5843506
16517.84,90.0,69.01583,0.0,-0.6617789
16518.04,90.0,77.09455,0.0,-0.46411943
16518.24,90.0,58.501343,0.0,-0.54270506
16518.44,90.0,69.55579,0.0,-0.5365796
16518.64,90.0,76.52841,0.0,-0.48417902
16518.84,90.0,68.70434,0.0,-0.5821042
16519.04,90.0,72.76941,0.0,-0.44448805
16519.24,90.0,69.070694,0.0,-0.6400237
16519.44,90.0,63.786877,0.0,-0.58076143
16519.64,90.0,76.89258,0.0,-0.5272007
16519.84,90.0,72.05939,0.0,-0.5232725
16520.04,90.0,58.728737,0.0,-0.6570897
16520.24,90.0,67.470085,0.0,-0.6402168
16520.44,90.0,66.51675,0.0,-0.7191515
16520.64,90.0,62.785454,0.0,-0.7152052
16520.84,90.0,71.82346,0.0,-0.5577159
16521.04,90.0,71.11125,0.0,-0.63994503
16521.24,90.0,72.648094,0.0,-0.4513998
16521.44,90.0,63.33012,0.0,-0.55339575
16521.64,90.0,63.93627,0.0,-0.616333
16521.84,90.0,57.18071,0.0,-0.6243653
16522.04,90.0,59.46143,0.0,-0.6257391
16522.24,90.0,62.543724,0.0,-0.61520433
16522.44,90.0,60.479485,0.0,-0.5788226
16522.64,90.0,67.48814,0.0,-0.58374596
16522.84,90.0,57.470078,0.0,-0.6062679
16523.04,90.0,56.999344,0.0,-0.6558533
16523.24,90.0,59.441425,0.0,-0.7036176
16523.44,90.0,49.602127,0.0,-0.69164085
16523.64,90.0,58.643448,0.0,-0.6425619
16523.84,90.0,54.54855,0.0,-0.5640092
16524.04,90.0,52.019234,0.0,-0.5356622
16524.24,90.0,60.533203,0.0,-0.70956993
16524.44,90.0,59.566162,0.0,-0.5534477
16524.64,90.0,51.33295,0.0,-0.6292534
16524.84,90.0,54.8487,0.0,-0.59778214
16525.04,90.0,62.596962,0.0,-0.7181945
16525.24,90.0,57.242424,0.0,-0.49852467
16525.44,90.0,48.850006,0.0,-0.48535776
16525.64,90.0,62.155113,0.0,-0.6315937
16525.84,90.0,51.437454,0.0,-0.768322
16526.04,90.0,54.096024,0.0,-0.66891956
16526.24,90.0,53.541496,0.0,-0.76601887
16526.44,90.0,49.502144,0.0,-0.7025385
16526.64,90.0,46.762554,0.0,-0.56921196
16526.84,90.0,53.340107,0.0,-0.6866956
16527.04,90.0,45.993935,0.0,-0.56352663
16527.24,90.0,51.318558,0.0,-0.59959507
16527.44,90.0,50.8548,0.0,-0.65444756
16527.64,90.0,51.689014,0.0,-0.7912216
16527.84,90.0,47.15038,0.0,-0.5235734
16528.04,90.0,53.57331,0.0,-0.71962595
16528.24,90.0,40.676086,0.0,-0.55087805
16528.44,90.0,48.432228,0.0,-0.65667486
16528.64,90.0,49.938988,0.0,-0.628479
16528.84,90.0,46.602875,0.0,-0.72265816
16529.04,90.0,54.14972,0.0,-0.5338192
16529.24,90.0,50.457565,0.0,-0.5892348
16529.44,90.0,47.98628,0.0,-0.6893244
16529.64,90.0,41.97267,0.0,-0.32266998
16529.84,90.0,52.23701,0.0,-0.5465932
16530.04,90.0,47.187584,0.0,-0.60964584
16530.24,90.0,47.427128,0.0,-0.60782766
16530.44,90.0,47.743988,0.0,-0.36766577
16530.64,90.0,59.34154,0.0,-0.5444145
16530.84,90.0,53.462288,0.0,-0.57413197
16531.04,90.0,52.86862,0.0,-0.5919008
16531.24,90.0,34.43778,0.0,-0.5684819
16531.44,90.0,55.39739,0.0,-0.65187645
16531.64,90.0,59.16643,0.0,-0.67038727
16531.84,90.0,47.54004,0.0,-0.69787645
16532.04,90.0,49.077446,0.0,-0.6693969
16532.24,90.0,50.250526,0.0,-0.66539955
16532.44,90.0,63.54402,0.0,-0.51350546
16532.64,90.0,53.30898,0.0,-0.52408314
16532.84,90.0,45.479744,0.0,-0.5485697
16533.04,90.0,54.611504,0.0,-0.70690155
16533.24,90.0,52.195744,0.0,-0.7899971
16533.44,90.0,50.103977,0.0,-0.5211053
16533.64,90.0,49.985683,0.0,-0.5897689
16533.84,90.0,50.221615,0.0,-0.5219097
16534.04,90.0,53.91126,0.0,-0.72686434
16534.24,90.0,58.064972,0.0,-0.5214677
16534.44,90.0,50.611267,0.0,-0.6444721
16534.64,90.0,51.862663,0.0,-0.7298012
16534.84,90.0,60.486103,0.0,-0.61637735
16535.04,90.0,51.216064,0.0,-0.5456109
16535.24,90.0,54.619354,0.0,-0.48005342
16535.44,90.0,52.514996,0.0,-0.6074734
16535.64,90.0,63.704517,0.0,-0.653986
16535.84,90.0,52.374973,0.0,-0.52261305
16536.04,90.0,55.622993,0.0,-0.48087454
16536.24,90.0,50.077156,0.0,-0.5569916
16536.44,90.0,55.93754,0.0,-0.6831274
16536.64,90.0,57.349678,0.0,-0.61633825
16536.84,90.0,55.138416,0.0,-0.659132
16537.04,90.0,49.588703,0.0,-0.540153
16537.24,90.0,56.60829,0.0,-0.733891
16537.44,90.0,57.49788,0.0,-0.60005665
16537.64,90.0,57.14639,0.0,-0.55345535
16537.84,90.0,51.110733,0.0,-0.5240817
16538.04,90.0,58.128628,0.0,-0.59305954
16538.24,90.0,55.349545,0.0,-0.6201606
16538.44,90.0,52.380283,0.0,-0.6316185
16538.64,90.0,65.1799,0.0,-0.5740957
16538.84,90.0,57.081314,0.0,-0.7145343
16539.04,90.0,59.514755,0.0,-0.5850663
16539.24,90.0,55.54359,0.0,-0.5669193
16539.44,90.0,65.06057,0.0,-0.5331607
16539.64,90.0,52.57479,0.0,-0.5439563
16539.84,90.0,64.58351,0.0,-0.55631876
16540.04,90.0,54.254578,0.0,-0.6949234
16540.24,90.0,64.99026,0.0,-0.5536847
16540.44,90.0,59.7946,0.0,-0.46070957
16540.64,90.0,68.1776,0.0,-0.5137353
16540.84,90.0,60.263252,0.0,-0.625679
16541.04,90.0,60.66086,0.0,-0.7130513
16541.24,90.0,56.05788,0.0,-0.5686407
16541.44,90.0,63.78208,0.0,-0.60042286
16541.64,90.0,64.24871,0.0,-0.5924349
16541.84,90.0,66.490555,0.0,-0.65823317
16542.04,0.0,63.634914,0.0,-0.42177105
16542.24,0.0,58.675583,0.0,-0.6361141
16542.44,0.0,62.498497,0.0,-0.57840157
16542.64,0.0,63.31286,0.0,-0.54366016
16542.84,0.0,59.038155,0.0,-0.59406185
16543.04,0.0,56.52282,0.0,-0.635345
16543.24,0.0,60.39995,0.0,-0.59443235
16543.44,0.0,65.331245,0.0,-0.6463566
16543.64,0.0,73.11563,0.0,-0.62631226
16543.84,0.0,58.46574,0.0,-0.55506516
16544.04,0.0,67.9997,0.0,-0.62050533
16544.24,0.0,68.54291,0.0,-0.5184393
16544.44,0.0,61.14655,0.0,-0.6352105
16544.64,0.0,62.42295,0.0,-0.64149904
16544.84,0.0,65.85821,0.0,-0.5897031
16545.04,0.0,59.473484,0.0,-0.64552927
16545.24,0.0,65.63267,0.0,-0.7210574
16545.44,0.0,64.48295,0.0,-0.6668234
16545.64,0.0,56.820076,0.0,-0.6517277
16545.84,0.0,62.48892,0.0,-0.43140984
16546.04,0.0,60.919956,0.0,-0.7148218
16546.24,0.0,64.81491,0.0,-0.69778824
16546.44,0.0,66.05989,0.0,-0.6561823
16546.64,0.0,71.495926,0.0,-0.5793104
16546.84,0.0,58.728226,0.0,-0.7037835
16547.04,0.0,74.04441,0.0,-0.5628972
16547.24,0.0,62.3531,0.0,-0.650259
16547.44,0.0,68.297104,0.0,-0.6864562
16547.64,0.0,68.05884,0.0,-0.48351002
16547.84,0.0,71.1596,0.0,-0.48311806
16548.04,0.0,57.80136,0.0,-0.62833357
16548.24,0.0,75.131516,0.0,-0.48801517
16548.44,0.0,68.81915,0.0,-0.6233754
16548.64,0.0,65.29247,0.0,-0.47600746
16548.84,0.0,74.94875,0.0,-0.5116234
16549.04,0.0,68.20539,0.0,-0.6154914
16549.24,0.0,63.575676,0.0,-0.57689476
16549.44,0.0,72.33236,0.0,-0.5827179
16549.64,0.0,71.95415,0.0,-0.4978404
16549.84,0.0,67.77682,0.0,-0.54046917
16550.04,0.0,71.444756,0.0,-0.5452552
16550.24,0.0,71.00879,0.0,-0.5907645
16550.44,0.0,68.3288,0.0,-0.6830363
16550.64,0.0,69.57903,0.0,-0.5958333
16550.84,0.0,71.81551,0.0,-0.3488183
16551.04,0.0,72.1448,0.0,-0.50714064
16551.24,0.0,70.114174,0.0,-0.46449232
16551.44,0.0,63.813057,0.0,-0.5854788
16551.64,0.0,68.34132,0.0,-0.5933895
16551.84,0.0,71.85793,0.0,-0.5939188
16552.04,0.0,65.96065,0.0,-0.4889469
16552.24,0.0,69.014366,0.0,-0.56141376
16552.44,0.0,63.906147,0.0,-0.40405655
16552.64,0.0,64.26332,0.0,-0.53866434
16552.84,0.0,71.34227,0.0,-0.61062765
16553.04,0.0,64.67186,0.0,-0.50642586
16553.24,0.0,71.3216,0.0,-0.68436193
16553.44,0.0,74.95402,0.0,-0.56960726
16553.64,0.0,74.76729,0.0,-0.5165949
16553.84,0.0,70.23031,0.0,-0.4469247
16554.04,0.0,73.4092,0.0,-0.5762167
16554.24,0.0,64.64953,0.0,-0.53360844
16554.44,0.0,72.333824,0.0,-0.58520365
16554.64,0.0,68.542816,0.0,-0.5692382
16554.84,0.0,68.563805,0.0,-0.60998535
16555.04,0.0,75.447174,0.0,-0.58723116
16555.24,0.0,71.03973,0.0,-0.5922723
16555.44,0.0,75.92703,0.0,-0.50977707
16555.64,0.0,69.18728,0.0,-0.629858
16555.84,0.0,63.72755,0.0,-0.67334986
16556.04,0.0,66.19551,0.0,-0.53367615
16556.24,0.0,70.73894,0.0,-0.51877546
16556.44,0.0,64.12053,0.0,-0.6795378
16556.64,0.0,63.68754,0.0,-0.62935877
16556.84,0.0,59.13389,0.0,-0.6416831
16557.04,0.0,53.81871,0.0,-0.53124523
16557.24,0.0,57.218758,0.0,-0.6272187
16557.44,0.0,51.220688,0.0,-0.57269907
16557.64,0.0,44.932014,0.0,-0.49684334
16557.84,0.0,52.037254,0.0,-0.58593607
16558.04,0.0,48.28401,0.0,-0.548543
16558.24,0.0,36.854073,0.0,-0.50773335
16558.44,0.0,33.30672,0.0,-0.42179775
16558.64,0.0,32.035778,0.0,-0.2916546
16558.84,0.0,41.832573,0.0,-0.36192894
16559.04,0.0,37.180286,0.0,-0.40571308
16559.24,0.0,33.332676,0.0,-0.237741
16559.44,0.0,33.044674,0.0,-0.33109426
16559.64,0.0,27.510223,0.0,-0.3102417
16559.84,0.0,26.952965,0.0,-0.2518611
16560.04,0.0,27.302055,0.0,-0.31590414
16560.24,0.0,25.515816,0.0,-0.22710657
16560.44,0.0,28.772957,0.0,-0.26745844
16560.64,0.0,23.120613,0.0,-0.2413106
16560.84,0.0,17.323826,0.0,-0.21730614
16561.04,0.0,21.348003,0.0,-0.20293713
16561.24,0.0,16.08892,0.0,-0.13490915
16561.44,0.0,18.84465,0.0,-0.1605177
16561.64,0.0,14.224903,0.0,-0.10894394
16561.84,0.0,16.9645,0.0,-0.14920235
16562.04,0.0,16.473888,0.0,-0.10240412
16562.24,0.0,13.960354,0.0,-0.1750617
16562.44,0.0,14.84306,0.0,-0.102599144
16562.64,0.0,13.329857,0.0,-0.13655758
16562.84,0.0,13.420353,0.0,-0.11402941
16563.04,0.0,13.338886,0.0,-0.10491943
16563.24,0.0,13.378414,0.0,-0.13446903
16563.44,0.0,13.715359,0.0,-0.100412846
16563.64,0.0,11.426735,0.0,-0.09880161
16563.84,0.0,10.896652,0.0,-0.087427616
16564.04,0.0,10.373741,0.0,-0.09368706
16564.24,0.0,10.631771,0.0,-0.10064697
16564.44,0.0,8.3806305,0.0,-0.044412374
16564.64,0.0,11.110138,0.0,-0.07657528
16564.84,0.0,9.196007,0.0,-0.06941366
16565.04,0.0,8.642624,0.0,-0.02138257
16565.24,0.0,7.3889465,0.0,-0.039286375
16565.44,0.0,9.256874,0.0,-0.07688427
16565.64,0.0,9.578293,0.0,-0.05897355
16565.84,0.0,7.237152,0.0,-0.045301676
16566.04,0.0,8.599167,0.0,-0.0698328
16566.24,0.0,8.102997,0.0,-0.064409494
16566.44,0.0,7.929611,0.0,-0.024094105
16566.64,0.0,7.2798996,0.0,-0.03284979
16566.84,0.0,8.538261,0.0,-0.037557602
16567.04,0.0,7.3439636,0.0,-0.019963503
16567.24,0.0,6.045418,0.0,-0.021954775
16567.44,0.0,8.577873,0.0,-0.06838012
16567.64,0.0,7.020851,0.0,-0.011398792
16567.84,0.0,5.937172,0.0,-0.012858868
16568.04,0.0,8.554916,0.0,-0.035845757
16568.24,0.0,6.453781,0.0,-0.022614002
16568.44,0.0,5.7701416,0.0,-0.0036005974
16568.64,0.0,5.565613,0.0,0.0016109943
16568.84,0.0,5.619919,0.0,-0.0012893677
16569.04,0.0,6.128998,0.0,-0.03619218
16569.24,0.0,5.641655,0.0,-0.015435696
16569.44,0.0,5.6608276,0.0,0.0049743652
16569.64,0.0,5.3059998,0.0,-0.018604994
16569.84,0.0,7.2964935,0.0,-0.036272526
16570.04,0.0,7.3128586,0.0,-0.022285938
16570.24,0.0,5.521179,0.0,0.0036644936
16570.44,0.0,5.57399,0.0,-0.013507843
16570.64,0.0,5.778015,0.0,-0.01775837
16570.84,0.0,4.5775604,0.0,0.032375813
16571.04,0.0,5.164612,0.0,-0.0050570965
16571.24,0.0,4.7754517,0.0,0.0149309635
16571.44,0.0,5.0324783,0.0,-0.01678133
16571.64,0.0,4.5043945,0.0,0.016919613
16571.84,0.0,5.0275955,0.0,0.007534981
16572.04,0.0,6.1103363,0.0,-0.013526201
16572.24,0.0,4.114876,0.0,0.038014174
16572.44,0.0,4.3292007,0.0,-0.0067191124
16572.64,0.0,4.5625534,0.0,-0.0053362846
16572.84,0.0,4.5913773,0.0,0.0072922707
16573.04,0.0,3.7984924,0.0,0.0186553
16573.24,0.0,5.2607117,0.0,-0.014496803
16573.44,0.0,4.3695984,0.0,-0.0055081844
16573.64,0.0,6.076851,0.0,-0.018576145
16573.84,0.0,4.764015,0.0,-0.011500835
16574.04,0.0,4.123497,0.0,0.01814866
16574.24,0.0,4.252922,0.0,0.03171301
16574.44,0.0,3.782463,0.0,0.0019800663
16574.64,0.0,3.9449387,0.0,0.008687496
16574.84,0.0,3.660431,0.0,0.021010399
16575.04,0.0,3.6114807,0.0,0.03303361
16575.24,0.0,3.4943924,0.0,0.03195548
16575.44,0.0,3.5487213,0.0,0.01473999
16575.64,0.0,4.8820496,0.0,-0.0034706593
16575.84,0.0,4.8220367,0.0,-0.017960787
16576.04,0.0,3.3030853,0.0,0.006249666
16576.24,0.0,3.8110962,0.0,0.005911827
16576.44,0.0,3.4212952,0.0,-0.008648634
16576.64,0.0,4.407585,0.0,-0.00053215027
16576.84,0.0,3.9938889,0.0,-0.017115593
16577.04,0.0,4.61483,0.0,-0.029106855
16577.24,0.0,4.0200577,0.0,-0.0101828575
16577.44,0.0,3.1032333,0.0,0.017207623
16577.64,0.0,3.506279,0.0,-0.010737181
16577.84,0.0,3.9848404,0.0,-0.025229216
16578.04,0.0,4.105049,0.0,0.0050456524
16578.24,0.0,2.9368896,0.0,-0.0012373924
16578.44,0.0,3.411499,0.0,-0.00973773
16578.64,0.0,4.095299,0.0,-0.02123642
16578.84,0.0,3.710785,0.0,0.0021169186
16579.04,0.0,3.4706879,0.0,0.012615681
16579.24,0.0,3.6248932,0.0,-0.00439167
16579.44,0.0,2.8059158,0.0,0.028898716
16579.64,0.0,2.5130615,0.0,0.014802933
16579.84,0.0,2.8275528,0.0,0.012193203
16580.04,0.0,2.4752426,0.0,0.008281946
16580.24,0.0,3.2750015,0.0,0.017692804
16580.44,0.0,2.224533,0.0,0.0022044182
16580.64,0.0,3.0282135,0.0,0.04887581
16580.84,0.0,2.3596802,0.0,0.0066771507
16581.04,0.0,2.5987244,0.0,0.010303736
16581.24,0.0,2.5176773,0.0,-0.0015611649
16581.44,0.0,2.8083496,0.0,-0.00571537
16581.64,0.0,2.487381,0.0,0.008626461
16581.84,0.0,2.330658,0.0,0.03333664
16582.04,0.0,2.0429153,0.0,0.024358034
16582.24,0.0,2.161049,0.0,0.026180506
16582.44,0.0,2.120491,0.0,0.025844812
16582.64,0.0,2.232666,0.0,0.0025177002
16582.84,0.0,2.5706177,0.0,-0.011363506
16583.04,0.0,2.2991562,0.0,-0.012204409
16583.24,0.0,3.3921127,0.0,-0.0123951435
16583.44,0.0,1.8640823,0.0,0.02373457
16583.64,0.0,2.502777,0.0,0.023564816
16583.84,0.0,1.601265,0.0,0.017033339
16584.04,0.0,2.3956757,0.0,-0.013181686
16584.24,0.0,1.9861145,0.0,0.0030181408
16584.44,0.0,2.3863602,0.0,-0.0115458965
16584.64,0.0,1.3396912,0.0,0.058668613
16584.84,0.0,1.8532867,0.0,-0.0064332485
16585.04,0.0,1.5531158,0.0,0.043605804
16585.24,0.0,1.9052582,0.0,0.0009353161
16585.44,0.0,1.4295273,0.0,0.008754969
16585.64,0.0,2.3984451,0.0,-0.014571905
16585.84,0.0,1.29953,0.0,0.022585154
16586.04,0.0,1.8555145,0.0,0.005030155
16586.24,0.0,1.7715225,0.0,-0.0009171963
16586.44,0.0,1.5943375,0.0,-0.0047307014
16586.64,0.0,1.820488,0.0,0.0041024685
16586.84,0.0,1.7607193,0.0,-0.021222591
16587.04,0.0,2.3570251,0.0,-0.021316767
16587.24,0.0,1.8441238,0.0,-0.020885944
16587.44,0.0,1.6134872,0.0,0.04567218
16587.64,0.0,0.95645905,0.0,-0.00071263313
16587.84,0.0,2.0103683,0.0,-0.03635311
16588.04,0.0,1.2562943,0.0,0.008918285
16588.24,0.0,1.6756821,0.0,-0.033816338
16588.44,0.0,2.0359802,0.0,-0.025108576
16588.64,0.0,1.4738312,0.0,-0.008708477
16588.84,0.0,1.5953674,0.0,0.0038836002
16589.04,0.0,1.7148056,0.0,-0.043030262
16589.24,0.0,2.7172012,0.0,-0.039856672
16589.44,0.0,2.3366013,0.0,-0.029376268
16589.64,0.0,1.4351959,0.0,-0.009233236
16589.84,0.0,2.576149,0.0,-0.02638197
16590.04,0.0,2.7864456,0.0,-0.02163434
16590.24,0.0,1.5536041,0.0,-0.03041172
16590.44,0.0,1.5216064,0.0,-0.0021185875
16590.64,0.0,2.361168,0.0,-0.04593277
16590.84,0.0,2.5841904,0.0,-0.015139103
16591.04,0.0,0.7694626,0.0,0.00814867
16591.24,0.0,2.517784,0.0,-0.034506083
16591.44,0.0,1.7353821,0.0,-0.037779093
16591.64,0.0,2.05085,0.0,-0.021832705
16591.84,0.0,1.1982422,0.0,-0.0056738853
16592.04,0.0,2.1916199,0.0,-0.03872466
16592.24,0.0,1.9745636,0.0,-0.026873112
16592.44,0.0,1.4975433,0.0,-0.019846916
16592.64,0.0,1.850975,0.0,-0.00081944466
16592.84,0.0,1.4413071,0.0,-0.019200325
16593.04,0.0,1.9270782,0.0,-0.023576021
16593.24,0.0,1.6786728,0.0,-0.027701616
16593.44,0.0,2.1140747,0.0,-0.032809258
16593.64,0.0,1.839714,0.0,-0.03467369
16593.84,0.0,1.1080017,0.0,-0.026062727
16594.04,0.0,1.6010971,0.0,-0.0370512
16594.24,0.0,2.5770798,0.0,-0.054674864
16594.44,0.0,1.5612869,0.0,-0.037220955
16594.64,0.0,1.7106476,0.0,-0.043649435
16594.84,0.0,1.1503296,0.0,-0.03699541
16595.04,0.0,2.2087784,0.0,-0.04960084
16595.24,0.0,1.8984528,0.0,-0.048098326
16595.44,0.0,1.9429398,0.0,-0.042336226
16595.64,0.0,1.7005386,0.0,-0.06787038
16595.84,0.0,2.504387,0.0,-0.039713144
16596.04,0.0,2.0205383,0.0,-0.05026722
16596.24,0.0,2.5326843,0.0,-0.032302856
16596.44,0.0,1.9812622,0.0,-0.033284187
16596.64,0.0,3.4174118,0.0,-0.011747837
16596.84,0.0,1.7282791,0.0,-0.032234907
16597.04,0.0,2.6380234,0.0,-0.08271074
16597.24,0.0,2.7395782,0.0,-0.036985397
16597.44,0.0,1.7750778,0.0,-0.045060158
16597.64,0.0,1.8606339,0.0,-0.056128263
16597.84,0.0,1.858635,0.0,-0.052735806
16598.04,0.0,2.07621,0.0,-0.04744482
16598.24,0.0,1.3018951,0.0,-0.06712127
16598.44,0.0,2.4160461,0.0,-0.03723502
16598.64,0.0,1.8175278,0.0,-0.07517767
16598.84,0.0,1.8755035,0.0,-0.045628786
16599.04,0.0,1.3139496,0.0,-0.056648493
16599.24,0.0,1.6629791,0.0,-0.056414366
16599.44,0.0,1.329979,0.0,-0.06366706
16599.64,0.0,2.4021835,0.0,-0.09099531
16599.84,0.0,1.8866272,0.0,-0.050867796
16600.04,0.0,1.7403564,0.0,-0.036410093
16600.24,0.0,1.1004181,0.0,-0.043369055
16600.44,0.0,2.6475449,0.0,-0.03802967
16600.64,0.0,2.169159,0.0,-0.04589176
16600.84,0.0,1.4782791,0.0,-0.027926207
16601.04,0.0,0.7659073,0.0,-0.03677869
16601.24,0.0,1.9433441,0.0,-0.07077551
16601.44,0.0,2.3263092,0.0,-0.080877304
16601.64,0.0,2.9231262,0.0,-0.04972315
16601.84,0.0,2.3864136,0.0,-0.017180681
16602.04,0.0,1.3615952,0.0,-0.046480417
16602.24,0.0,1.8839874,0.0,-0.051552057
16602.44,0.0,1.965622,0.0,-0.06969929
16602.64,0.0,1.7343521,0.0,-0.07329559
16602.84,0.0,1.8957291,0.0,-0.058270693
16603.04,0.0,2.1214828,0.0,-0.06742501
16603.24,0.0,2.3113022,0.0,-0.053348303
16603.44,0.0,2.1148224,0.0,-0.04641366
16603.64,0.0,1.9246902,0.0,-0.041153908
16603.84,0.0,1.633812,0.0,-0.07830286
16604.04,0.0,2.3467255,0.0,-0.069357395
16604.24,0.0,1.5361176,0.0,-0.07597494
16604.44,0.0,1.6559601,0.0,-0.061080933
16604.64,0.0,1.6349564,0.0,-0.06845355
16604.84,0.0,1.5541611,0.0,-0.07426739
16605.04,0.0,2.0932312,0.0,-0.080198765
16605.24,0.0,1.1194077,0.0,-0.065621614
16605.44,0.0,2.0346146,0.0,-0.08874369
16605.64,0.0,1.5930557,0.0,-0.07183313
16605.84,0.0,2.0511093,0.0,-0.06873417
16606.04,0.0,0.98532104,0.0,-0.05213332
16606.24,0.0,1.2713699,0.0,-0.08376646
16606.44,0.0,2.3577728,0.0,-0.09904289
16606.64,0.0,1.4745255,0.0,-0.09229374
16606.84,0.0,1.7031097,0.0,-0.0691216
16607.04,0.0,1.6147919,0.0,-0.053058863
16607.24,0.0,1.5106735,0.0,-0.08545637
16607.44,0.0,1.3102417,0.0,-0.07077503
16607.64,0.0,1.0019302,0.0,-0.085606575
16607.84,0.0,2.2141418,0.0,-0.076461315
16608.04,0.0,1.9292145,0.0,-0.0994153
16608.24,0.0,1.4103165,0.0,-0.06182909
16608.44,0.0,1.4674606,0.0,-0.06378651
16608.64,0.0,2.4876099,0.0,-0.09638834
16608.84,0.0,1.3665085,0.0,-0.06602764
16609.04,0.0,1.1340332,0.0,-0.054024458
16609.24,0.0,1.7412491,0.0,-0.08534527
16609.44,0.0,0.9742508,0.0,-0.062256098
16609.64,0.0,1.8961563,0.0,-0.06833935
16609.84,0.0,2.6754456,0.0,-0.07349253
16610.04,0.0,1.2113876,0.0,-0.07680416
16610.24,0.0,1.3667603,0.0,-0.07572317
16610.44,0.0,2.2995377,0.0,-0.086799145
16610.64,0.0,2.5043716,0.0,-0.0823369
16610.84,0.0,1.8073654,0.0,-0.09152031
16611.04,0.0,1.888237,0.0,-0.09184551
16611.24,0.0,2.603569,0.0,-0.09662533
16611.44,0.0,2.4592743,0.0,-0.0746603
16611.64,0.0,1.7979279,0.0,-0.0594275
16611.84,0.0,1.8694153,0.0,-0.07557535
16612.04,0.0,2.52137,0.0,-0.06436062
16612.24,0.0,2.6280365,0.0,-0.055849552
16612.44,0.0,2.095955,0.0,-0.08760548
16612.64,0.0,1.1938324,0.0,-0.11704731
16612.84,0.0,1.6805801,0.0,-0.08053064
16613.04,0.0,2.3715744,0.0,-0.08096981
16613.24,0.0,1.6256866,0.0,-0.10951519
16613.44,0.0,2.69664,0.0,-0.08757353
16613.64,0.0,2.154686,0.0,-0.10390425
16613.84,0.0,2.0743942,0.0,-0.08728218
16614.04,0.0,2.5484161,0.0,-0.07287645
16614.24,0.0,3.0097275,0.0,-0.045985222
16614.44,0.0,2.4829025,0.0,-0.05568981
16614.64,0.0,2.0957413,0.0,-0.08208561
16614.84,0.0,2.9082718,0.0,-0.06245637
16615.04,0.0,1.9918137,0.0,-0.055646896
16615.24,0.0,1.8296814,0.0,-0.12483549
16615.44,0.0,1.1442032,0.0,-0.0854063
16615.64,0.0,2.2905884,0.0,-0.080785275
16615.84,0.0,2.2630997,0.0,-0.08730507
16616.04,0.0,2.0156403,0.0,-0.09354305
16616.24,0.0,0.86306,0.0,-0.087495804
16616.44,0.0,1.4956131,0.0,-0.10462952
16616.64,0.0,1.5946045,0.0,-0.0870018
16616.84,0.0,1.6226807,0.0,-0.1127367
16617.04,0.0,1.421814,0.0,-0.09069395
16617.24,0.0,2.2534027,0.0,-0.07710171
16617.44,0.0,2.1864471,0.0,-0.08714676
16617.64,0.0,1.4792099,0.0,-0.09303665
16617.84,0.0,1.5781403,0.0,-0.10975599
16618.04,0.0,1.6996384,0.0,-0.11598873
16618.24,0.0,2.2483597,0.0,-0.05722308
16618.44,0.0,1.7352524,0.0,-0.11737776
16618.64,0.0,1.8120193,0.0,-0.10863018
16618.84,0.0,1.5475922,0.0,-0.123236656
16619.04,0.0,1.7982635,0.0,-0.12561417
16619.24,0.0,1.897255,0.0,-0.13446188
16619.44,0.0,2.3208237,0.0,-0.10153055
16619.64,0.0,1.9990082,0.0,-0.11814022
16619.84,0.0,2.1356049,0.0,-0.12178326
16620.04,0.0,1.0333328,0.0,-0.08629799
16620.24,0.0,2.7137375,0.0,-0.10056305
16620.44,0.0,1.7380905,0.0,-0.1016407
16620.64,0.0,2.2394943,0.0,-0.113084316
16620.84,0.0,1.6953659,0.0,-0.11567402
16621.04,0.0,1.9068146,0.0,-0.15835714
16621.24,0.0,1.8296585,0.0,-0.10315132
16621.44,0.0,1.5126572,0.0,-0.109154224
16621.64,0.0,2.638565,0.0,-0.061436653
16621.84,0.0,3.0460815,0.0,-0.091653824
16622.04,0.0,2.068863,0.0,-0.100167274
16622.24,0.0,2.6945038,0.0,-0.14318657
16622.44,0.0,3.0913086,0.0,-0.09974241
16622.64,0.0,2.4863052,0.0,-0.107834816
16622.84,0.0,2.9461823,0.0,-0.08448744
16623.04,0.0,4.4112473,0.0,-0.043584347
16623.24,0.0,2.253502,0.0,-0.09656906
16623.44,0.0,2.892105,0.0,-0.09988499
16623.64,0.0,2.543068,0.0,-0.12351179
16623.84,0.0,2.1030045,0.0,-0.10614443
16624.04,0.0,3.109558,0.0,-0.09270668
16624.24,0.0,4.2547073,0.0,-0.017914772
16624.44,0.0,4.188217,0.0,-0.079277515
16624.64,0.0,3.4146576,0.0,-0.104474545
16624.84,0.0,3.2150955,0.0,-0.12210894
16625.04,0.0,2.7723083,0.0,-0.13908195
16625.24,0.0,2.6058655,0.0,-0.09168625
16625.44,0.0,2.7620773,0.0,-0.059871674
16625.64,0.0,2.867752,0.0,-0.08577585
16625.84,0.0,3.5307083,0.0,-0.0736475
16626.04,0.0,2.3277206,0.0,-0.12176466
16626.24,0.0,3.4485626,0.0,-0.10269308
16626.44,0.0,3.663887,0.0,-0.017185926
16626.64,0.0,3.9159775,0.0,-0.006401539
16626.84,0.0,4.159004,0.0,-0.03424549
16627.04,0.0,3.8375778,0.0,-0.054885864
16627.24,0.0,3.108841,0.0,-0.09378624
16627.44,0.0,3.5984116,0.0,-0.1113615
16627.64,0.0,2.6715317,0.0,-0.0994997
16627.84,0.0,2.8740463,0.0,-0.1343875
16628.04,0.0,2.8089447,0.0,-0.13550186
16628.24,0.0,3.055893,0.0,-0.16111803
16628.44,0.0,3.4098358,0.0,-0.1280551
16628.64,0.0,4.066414,0.0,-0.06076598
16628.84,0.0,4.0366364,0.0,-0.09065485
16629.04,0.0,3.2548752,0.0,-0.10481167
16629.24,0.0,2.7066803,0.0,-0.14424276
16629.44,0.0,2.7123566,0.0,-0.17031288
16629.64,0.0,2.6422806,0.0,-0.10315609
16629.84,0.0,4.0643997,0.0,-0.07860851
16630.04,0.0,4.6954803,0.0,-0.095452785
16630.24,0.0,2.9376678,0.0,-0.12553883
16630.44,0.0,3.0042114,0.0,-0.09806824
16630.64,0.0,3.4937286,0.0,-0.08548164
16630.84,0.0,5.7255707,0.0,-0.044160128
16631.04,0.0,4.6172714,0.0,-0.06989956
16631.24,0.0,3.4595947,0.0,-0.11937475
16631.44,0.0,2.8469925,0.0,-0.15155411
16631.64,0.0,2.6886444,0.0,-0.12614012
16631.84,0.0,3.2900925,0.0,-0.17972708
16632.04,0.0,3.2376175,0.0,-0.115941525
16632.24,0.0,1.7495651,0.0,-0.15082645
16632.44,0.0,3.8665466,0.0,-0.107943535
16632.64,0.0,2.407257,0.0,-0.18350983
16632.84,0.0,2.4100113,0.0,-0.15089989
16633.04,0.0,5.6378784,0.0,-0.098335266
16633.24,0.0,3.9634476,0.0,-0.10658932
16633.44,0.0,5.3484497,0.0,-0.060308933
16633.64,0.0,3.4271011,0.0,-0.14644623
16633.84,0.0,4.2761,0.0,-0.0763402
16634.04,0.0,4.583229,0.0,-0.11203718
16634.24,0.0,4.095604,0.0,-0.106603146
16634.44,0.0,8.10186,0.0,-0.0059435368
16634.64,0.0,5.689926,0.0,-0.01838398
16634.84,0.0,4.8095016,0.0,-0.066591024
16635.04,0.0,6.409561,0.0,-0.06666708
16635.24,0.0,9.99374,0.0,0.016741514
16635.44,0.0,7.592552,0.0,0.036182165
16635.64,0.0,8.946953,0.0,-0.0029878616
16635.84,0.0,8.937706,0.0,-0.014933586
16636.04,0.0,5.8426285,0.0,-0.033541203
16636.24,0.0,7.648964,0.0,0.015946388
16636.44,0.0,7.780548,0.0,-0.0040225983
16636.64,0.0,4.131668,0.0,-0.04452586
16636.84,0.0,6.69915,0.0,0.010119915
16637.04,0.0,9.678913,0.0,0.05921054
16637.24,0.0,4.9757385,0.0,-0.07391548
16637.44,0.0,5.17749,0.0,-0.095700264
16637.64,0.0,5.6047363,0.0,-0.058210135
16637.84,0.0,6.6180267,0.0,-0.00820899
16638.04,0.0,5.120842,0.0,-0.06886077
16638.24,0.0,3.665596,0.0,-0.13175678
16638.44,0.0,8.683601,0.0,-0.030209303
16638.64,0.0,4.7228775,0.0,-0.065822124
16638.84,0.0,6.262459,0.0,-0.09102869
16639.04,0.0,5.9394913,0.0,-0.08365965
16639.24,0.0,5.2451935,0.0,-0.10861397
16639.44,0.0,6.659401,0.0,-0.062038183
16639.64,0.0,5.4503937,0.0,-0.15029001
16639.84,0.0,6.614258,0.0,-0.08272934
16640.04,0.0,9.425632,0.0,0.021443367
16640.24,0.0,5.4168015,0.0,-0.07807922
16640.44,0.0,6.443329,0.0,-0.06304693
16640.64,0.0,15.0107,0.0,0.070123434
16640.84,0.0,9.778484,0.0,0.0003490448
16641.04,0.0,5.85849,0.0,-0.07099962
16641.24,0.0,8.2911,0.0,-0.076845646
16641.44,0.0,18.20438,0.0,0.14249396
16641.64,0.0,13.79607,0.0,0.08876252
16641.84,0.0,7.416275,0.0,-0.034605026
16642.04,0.0,11.327652,0.0,0.040419817
16642.24,0.0,11.8139,0.0,0.027998447
16642.44,0.0,11.070129,0.0,-0.044075966
16642.64,0.0,7.306793,0.0,-0.11330843
16642.84,0.0,10.801155,0.0,0.031490564
16643.04,0.0,11.007637,0.0,0.05439186
16643.24,0.0,7.7657776,0.0,-0.032588482
16643.44,0.0,5.6938477,0.0,-0.13122225
16643.64,0.0,7.278137,0.0,-0.046339273
16643.84,0.0,9.7210655,0.0,-0.0105865
16644.04,0.0,8.587326,0.0,0.014775038
16644.24,0.0,6.8816605,0.0,-0.043269157
16644.44,0.0,7.3454056,0.0,-0.059351444
16644.64,0.0,7.6231766,0.0,0.0014967918
16644.84,0.0,3.9003143,0.0,-0.21040773
16645.04,0.0,6.6618347,0.0,-0.06066823
16645.24,0.0,6.515915,0.0,-0.1241622
16645.44,0.0,6.1177826,0.0,-0.03783059
16645.64,0.0,5.8772354,0.0,-0.10243702
16645.84,0.0,12.206455,0.0,-0.0048434734
16646.04,0.0,8.520119,0.0,-0.067077875
16646.24,0.0,8.403015,0.0,-0.10847616
16646.44,0.0,9.999474,0.0,-0.03659582
16646.64,0.0,7.541786,0.0,-0.18924427
16646.84,0.0,7.3581467,0.0,-0.03469944
16647.04,0.0,10.016331,0.0,-0.073937416
16647.24,0.0,11.098732,0.0,0.043354034
16647.44,0.0,14.228157,0.0,0.025543451
16647.64,0.0,11.677277,0.0,-0.10813713
16647.84,0.0,7.1186295,0.0,-0.105858326
16648.04,0.0,8.534134,0.0,-0.0553329
16648.24,0.0,13.567558,0.0,0.014521837
16648.44,0.0,7.0715866,0.0,-0.18511868
16648.64,0.0,6.7470016,0.0,-0.067929745
16648.84,0.0,4.784889,0.0,-0.2158618
16649.04,0.0,7.0177155,0.0,-0.1443162
16649.24,0.0,13.498291,0.0,0.004657984
16649.44,0.0,9.68721,0.0,-0.00491786
16649.64,0.0,10.747555,0.0,0.04738474
16649.84,0.0,10.246235,0.0,0.002821684
16650.04,0.0,18.526905,0.0,0.17247224
16650.24,0.0,8.792946,0.0,-0.07576847
16650.44,0.0,7.7676163,0.0,-0.013274193
16650.64,0.0,10.130806,0.0,-0.086268425
16650.84,0.0,8.079826,0.0,-0.037931442
16651.04,0.0,13.1203575,0.0,0.09076071
16651.24,0.0,12.110611,0.0,0.011880398
16651.44,0.0,7.5987015,0.0,-0.14239216
16651.64,0.0,7.3481445,0.0,-0.18081951
16651.84,0.0,7.97554,0.0,-0.12211323
16652.04,0.0,10.552429,0.0,-0.004549265
16652.24,0.0,15.044838,0.0,0.105125666
16652.44,0.0,7.7196198,0.0,-0.039394855
16652.64,0.0,4.9089203,0.0,-0.121189594
16652.84,0.0,10.324886,0.0,0.012034893
16653.04,0.0,6.407196,0.0,-0.13273096
16653.24,0.0,6.534645,0.0,-0.1116004
16653.44,0.0,17.078503,0.0,0.11993885
16653.64,0.0,8.602249,0.0,-0.065915346
16653.84,0.0,9.643742,0.0,0.035447598
16654.04,0.0,6.510254,0.0,-0.08607674
16654.24,0.0,6.974243,0.0,-0.061292887
16654.44,0.0,11.026558,0.0,0.03602767
16654.64,0.0,7.4263077,0.0,-0.10367298
16654.84,0.0,6.8321457,0.0,-0.1430707
16655.04,0.0,9.792557,0.0,0.016688585
16655.24,0.0,12.022732,0.0,-0.010676861
16655.44,0.0,8.743835,0.0,-0.08004284
16655.64,0.0,23.205673,0.0,0.21518564
16655.84,0.0,11.839882,0.0,-0.006365061
16656.04,0.0,3.7939987,0.0,-0.15170574
16656.24,0.0,13.968681,0.0,0.1253879
16656.44,0.0,8.654663,0.0,0.02101612
16656.64,0.0,9.365017,0.0,-0.0015864372
16656.84,0.0,8.73835,0.0,-0.010290861
16657.04,0.0,11.764847,0.0,0.06695461
16657.24,0.0,6.0483246,0.0,-0.19064379
16657.44,0.0,10.708206,0.0,-0.03784561
16657.64,0.0,13.535656,0.0,0.012982845
16657.84,0.0,5.9589157,0.0,-0.12590504
16658.04,0.0,8.23275,0.0,-0.019597769
16658.24,0.0,10.136959,0.0,-0.039846897
16658.44,0.0,7.1791534,0.0,-0.16995478
16658.64,0.0,7.8271637,0.0,-0.17978382
16658.84,0.0,21.173767,0.0,0.11068535
16659.04,0.0,8.852341,0.0,-0.05213213
16659.24,0.0,10.715164,0.0,0.08164978
16659.44,0.0,10.910801,0.0,-0.03370762
16659.64,0.0,4.557846,0.0,-0.13953447
16659.84,0.0,6.347145,0.0,-0.17378712
16660.04,0.0,4.420082,0.0,-0.15326881
16660.24,0.0,22.814114,0.0,0.14019966
16660.44,0.0,9.995884,0.0,0.09838867
16660.64,0.0,4.7397995,0.0,-0.16931248
16660.84,0.0,14.322285,0.0,0.09342337
16661.04,286.66998,4.895195,0.0,-0.21724749
16661.24,286.66998,5.4282837,0.0,-0.21647692
16661.44,286.66998,6.0107956,0.0,-0.094385624
16661.64,286.66998,8.331589,0.0,-0.019481182
16661.84,286.66998,12.948795,0.0,0.12577367
16662.04,286.66998,10.3906555,0.0,-0.057764053
16662.24,286.66998,5.054367,0.0,-0.1182971
16662.44,286.66998,5.7659683,0.0,-0.1673994
16662.64,286.66998,9.539482,0.0,0.002163887
16662.84,286.66998,10.202084,0.0,-0.077543736
16663.04,286.66998,5.686592,0.0,-0.09265566
16663.24,286.66998,7.3424606,0.0,-0.07601738
16663.44,286.66998,10.805969,0.0,-0.04057622
16663.64,286.66998,8.310654,0.0,-0.047266006
16663.84,286.66998,5.4534683,0.0,-0.028165817
16664.04,286.66998,25.369587,0.0,0.21394324
16664.24,286.66998,9.302517,0.0,-0.04434514
16664.44,286.66998,14.0215225,0.0,0.15620756
16664.64,286.66998,13.7535515,0.0,0.018271685
16664.84,286.66998,9.833492,0.0,0.052161217
16665.04,286.66998,10.821362,0.0,0.03843999
16665.24,286.66998,6.653763,0.0,-0.07461548
16665.44,286.66998,7.693886,0.0,-0.08356476
16665.64,286.66998,2.6577454,0.0,-0.2586956
16665.84,286.66998,17.596424,0.0,0.112142324
16666.04,286.66998,5.0711823,0.0,-0.15030098
16666.24,286.66998,3.3359222,0.0,-0.1628809
16666.44,286.66998,2.8160172,0.0,-0.27241373
16666.64,286.66998,2.7010345,0.0,-0.207088
16666.84,286.66998,4.9113007,0.0,-0.29269886
16667.04,286.66998,6.9986954,0.0,-0.009457588
16667.24,286.66998,8.09436,0.0,-0.0075633526
16667.44,286.66998,4.9572983,0.0,-0.13709831
16667.64,286.66998,11.489243,0.0,-0.011275291
16667.84,286.66998,28.452526,0.0,0.18563557
16668.04,286.66998,9.524334,0.0,0.0661726
16668.24,286.66998,6.3002167,0.0,-0.050281525
16668.44,286.66998,4.5847626,0.0,-0.08838177
16668.64,286.66998,12.120235,0.0,0.03957677
16668.84,286.66998,12.426445,0.0,0.037754774
16669.04,286.66998,8.769043,0.0,-0.28011322
16669.24,286.66998,14.943306,0.0,0.091097355
16669.44,286.66998,7.4975586,0.0,-0.008006334
16669.64,286.66998,15.649208,0.0,0.076711416
16669.84,286.66998,9.4766655,0.0,-0.062033415
16670.04,286.66998,12.243282,0.0,-0.109742165
16670.24,286.66998,14.266251,0.0,0.05519414
16670.44,286.66998,13.109467,0.0,0.046375036
16670.64,286.66998,12.391117,0.0,0.0684793
16670.84,286.66998,14.788368,0.0,0.13589334
16671.04,286.66998,10.757702,0.0,0.017297983
16671.24,286.66998,13.137321,0.0,0.032958746
16671.44,286.66998,8.074303,0.0,0.0048286915
16671.64,286.66998,15.67646,0.0,0.10750985
16671.84,286.66998,17.75315,0.0,0.15230417
16672.04,286.66998,19.60804,0.0,0.13778639
16672.24,286.66998,22.258362,0.0,0.1996584
16672.44,286.66998,10.4221,0.0,-0.041686535
16672.64,286.66998,14.343891,0.0,0.06824899
16672.84,286.66998,15.152302,0.0,0.13233066
16673.04,286.66998,26.273067,0.0,0.20310044
16673.24,286.66998,32.712357,0.0,0.24678493
16673.44,286.66998,20.071918,0.0,0.10560775
16673.64,286.66998,17.074306,0.0,0.047486305
16673.84,286.66998,32.5221,0.0,0.16029382
16674.04,286.66998,51.6969,0.0,0.12666011
16674.24,286.66998,96.92258,0.0,0.29165626
16674.44,286.66998,102.40393,0.0,0.32115412
16674.64,286.66998,133.00505,0.0,0.2638147
16674.84,286.66998,143.5524,0.0,0.2151742
16675.04,286.66998,151.54205,0.0,0.23312235
16675.24,286.66998,185.27133,0.0,0.09813118
16675.44,286.66998,181.68124,0.0,0.07746959
16675.64,286.66998,175.62901,0.0,0.11572242
16675.84,286.66998,191.16898,0.0,0.07659006
16676.04,286.66998,188.78433,0.0,0.080646515
16676.24,286.66998,182.61057,0.0,0.09164572
16676.44,286.66998,217.83994,0.0,-0.03557992
16676.64,286.66998,205.22696,0.0,0.03322339
16676.84,286.66998,227.52444,0.0,-0.052714348
16677.04,286.66998,231.21597,0.0,-0.06848025
16677.24,286.66998,224.8216,0.0,-0.08953142
16677.44,286.66998,218.55927,0.0,-0.13891363
16677.64,286.66998,226.97525,0.0,-0.14473248
16677.84,286.66998,227.76025,0.0,-0.14196587
16678.04,286.66998,260.62048,0.0,-0.18103361
16678.24,286.66998,264.72754,0.0,-0.08503771
16678.44,286.66998,257.41626,0.0,-0.2095213
16678.64,286.66998,266.69727,0.0,-0.2502041
16678.84,286.66998,276.98218,0.0,-0.2251463
16679.04,286.66998,276.91592,0.0,-0.22356987
16679.24,286.66998,273.46185,0.0,-0.25478268
16679.44,286.66998,280.20245,0.0,-0.29363966
16679.64,286.66998,288.16602,0.0,-0.30026054
16679.84,286.66998,294.80084,0.0,-0.2776394
16680.04,286.66998,291.99854,0.0,-0.29874802
16680.24,286.66998,293.47375,0.0,-0.3026576
16680.44,286.66998,293.21674,0.0,-0.33423996
16680.64,286.66998,293.8717,0.0,-0.33847237
16680.84,286.66998,300.33536,0.0,-0.35006332
16681.04,286.66998,303.51773,0.0,-0.34984112
16681.24,286.66998,305.67645,0.0,-0.33919716
16681.44,286.66998,307.73227,0.0,-0.2876835
16681.64,286.66998,306.9914,0.0,-0.33918142
16681.84,286.66998,305.07233,0.0,-0.3540902
16682.04,286.66998,306.54514,0.0,-0.3011279
16682.24,286.66998,306.95648,0.0,-0.32280397
16682.44,286.66998,307.59717,0.0,-0.36014605
16682.64,286.66998,309.11847,0.0,-0.31605053
16682.84,286.66998,306.47217,0.0,-0.32406616
16683.04,286.66998,308.9486,0.0,-0.34072256
16683.24,286.66998,306.88535,0.0,-0.36429024
16683.44,286.66998,307.76172,0.0,-0.34318113
16683.64,286.66998,312.49567,0.0,-0.30363417
16683.84,286.66998,308.33243,0.0,-0.36208057
16684.04,286.66998,310.50327,0.0,-0.35741663
16684.24,286.66998,308.51685,0.0,-0.3608489
16684.44,286.66998,307.51892,0.0,-0.38557863
16684.64,286.66998,303.13623,0.0,-0.35521793
16684.84,286.66998,306.80182,0.0,-0.38493967
16685.04,286.66998,307.55692,0.0,-0.38684416
16685.24,286.66998,309.87143,0.0,-0.4003315
16685.44,286.66998,309.5638,0.0,-0.4174757
16685.64,286.66998,310.26218,0.0,-0.4154749
16685.84,286.66998,312.23663,0.0,-0.42865658
16686.04,286.66998,307.6487,0.0,-0.4366827
16686.24,286.66998,308.47025,0.0,-0.43274355
16686.44,286.66998,314.60223,0.0,-0.44380522
16686.64,286.66998,314.9411,0.0,-0.42976236
16686.84,286.66998,311.83118,0.0,-0.46396494
16687.04,286.66998,310.93845,0.0,-0.4577217
16687.24,286.66998,315.81567,0.0,-0.45246935
16687.44,286.66998,315.04736,0.0,-0.4631791
16687.64,286.66998,315.3393,0.0,-0.47166252
16687.84,286.66998,313.14807,0.0,-0.48155355
16688.04,286.66998,316.40845,0.0,-0.46339798
16688.24,286.66998,314.14185,0.0,-0.46899652
16688.44,286.66998,316.8022,0.0,-0.4762106
16688.64,286.66998,314.5846,0.0,-0.50239325
16688.84,286.66998,313.0456,0.0,-0.51965237
16689.04,286.66998,313.79416,0.0,-0.5063987
16689.24,286.66998,313.65466,0.0,-0.5119562
16689.44,286.66998,315.96555,0.0,-0.49257708
16689.64,286.66998,314.01697,0.0,-0.518528
16689.84,286.66998,313.8179,0.0,-0.51952744
16690.04,286.66998,311.76965,0.0,-0.5203295
16690.24,286.66998,316.33664,0.0,-0.47643375
16690.44,286.66998,314.70386,0.0,-0.51822615
16690.64,286.66998,314.08633,0.0,-0.5281005
16690.84,286.66998,311.8417,0.0,-0.5290499
16691.04,286.66998,311.76227,0.0,-0.5356221
16691.24,286.66998,315.5315,0.0,-0.5240078
16691.44,286.66998,309.52322,0.0,-0.52980614
16691.64,286.66998,312.87167,0.0,-0.49178696
16691.84,286.66998,313.39865,0.0,-0.48959303
16692.04,286.66998,312.16788,0.0,-0.53391314
16692.24,286.66998,314.49673,0.0,-0.5077925
16692.44,286.66998,312.16733,0.0,-0.532084
16692.64,286.66998,311.76266,0.0,-0.5301776
16692.84,286.66998,310.23535,0.0,-0.5358467
16693.04,286.66998,311.11176,0.0,-0.52479315
16693.24,286.66998,309.8898,0.0,-0.5042577
16693.44,286.66998,312.0116,0.0,-0.5150018
16693.64,286.66998,309.61353,0.0,-0.5350461
16693.84,286.66998,310.70944,0.0,-0.5374222
16694.04,286.66998,310.70172,0.0,-0.53309727
16694.24,286.66998,310.7061,0.0,-0.53577375
16694.44,286.66998,309.14282,0.0,-0.532989
16694.64,286.66998,310.02948,0.0,-0.53446865
16694.84,286.66998,311.13248,0.0,-0.5095916
16695.04,286.66998,308.14163,0.0,-0.4828601
16695.24,286.66998,310.80783,0.0,-0.5410876
16695.44,286.66998,306.11722,0.0,-0.55752087
16695.64,286.66998,308.2865,0.0,-0.5328908
16695.84,286.66998,309.1028,0.0,-0.53076124
16696.04,286.66998,307.0933,0.0,-0.54595184
16696.24,286.66998,307.93457,0.0,-0.45954704
16696.44,286.66998,310.11264,0.0,-0.49227285
16696.64,286.66998,306.6978,0.0,-0.5403781
16696.84,286.66998,307.50577,0.0,-0.52529
16697.04,286.66998,310.99927,0.0,-0.53629255
16697.24,286.66998,307.16623,0.0,-0.52783537
16697.44,286.66998,306.36484,0.0,-0.5326462
16697.64,286.66998,308.14392,0.0,-0.52984095
16697.84,286.66998,307.78897,0.0,-0.54181814
16698.04,286.66998,308.22302,0.0,-0.5171156
16698.24,286.66998,308.75616,0.0,-0.5393262
16698.44,286.66998,307.5856,0.0,-0.55033636
16698.64,286.66998,308.0092,0.0,-0.52703285
16698.84,286.66998,308.94916,0.0,-0.54208374
16699.04,286.66998,305.98343,0.0,-0.52434444
16699.24,286.66998,308.98718,0.0,-0.52893305
16699.44,286.66998,307.92834,0.0,-0.5277257
16699.64,286.66998,307.34912,0.0,-0.52362823
16699.84,286.66998,309.423,0.0,-0.48551607
16700.04,286.66998,307.9781,0.0,-0.5233941
16700.24,286.66998,307.24094,0.0,-0.56300735
16700.44,286.66998,305.4588,0.0,-0.53724575
16700.64,286.66998,304.33435,0.0,-0.53822803
16700.84,286.66998,306.97995,0.0,-0.5070801
16701.04,286.66998,306.38596,0.0,-0.54032326
16701.24,286.66998,307.36328,0.0,-0.51777935
16701.44,286.66998,305.2925,0.0,-0.5095477
16701.64,286.66998,309.61685,0.0,-0.51842356
16701.84,286.66998,307.31305,0.0,-0.5061407
16702.04,286.66998,306.99075,0.0,-0.5254111
16702.24,286.66998,304.5943,0.0,-0.5190482
16702.44,286.66998,307.2917,0.0,-0.5203929
16702.64,286.66998,305.36243,0.0,-0.51809263
16702.84,286.66998,303.37512,0.0,-0.48017025
16703.04,286.66998,307.72705,0.0,-0.5087042
16703.24,286.66998,303.2746,0.0,-0.49548435
16703.44,286.66998,305.48752,0.0,-0.5066829
16703.64,286.66998,301.04523,0.0,-0.48028803
16703.84,286.66998,300.50754,0.0,-0.5060811
16704.04,286.66998,303.9732,0.0,-0.50426054
16704.24,286.66998,305.95596,0.0,-0.49196625
16704.44,286.66998,304.02576,0.0,-0.49703074
16704.64,286.66998,299.50555,0.0,-0.50708103
16704.84,286.66998,299.79025,0.0,-0.49586773
16705.04,286.66998,303.404,0.0,-0.4850664
16705.24,286.66998,299.43842,0.0,-0.4934907
16705.44,286.66998,301.15585,0.0,-0.47324467
16705.64,286.66998,302.23767,0.0,-0.50041246
16705.84,286.66998,303.041,0.0,-0.42859936
16706.04,286.66998,302.68277,0.0,-0.45610857
16706.24,286.66998,301.6826,0.0,-0.42237568
16706.44,286.66998,304.93488,0.0,-0.42352343
16706.64,286.66998,300.12924,0.0,-0.44401026
16706.84,286.66998,299.10666,0.0,-0.46525478
16707.04,286.66998,300.63904,0.0,-0.44003916
16707.24,286.66998,300.14594,0.0,-0.44983768
16707.44,286.66998,302.87213,0.0,-0.40478992
16707.64,286.66998,297.8086,0.0,-0.3231578
16707.84,286.66998,303.46082,0.0,-0.33313036
16708.04,286.66998,300.39868,0.0,-0.3944502
16708.24,286.66998,300.94675,0.0,-0.40678358
16708.44,286.66998,299.00476,0.0,-0.40112734
16708.64,286.66998,300.03583,0.0,-0.32834673
16708.84,286.66998,297.51556,0.0,-0.30016088
16709.04,286.66998,300.56302,0.0,-0.37753487
16709.24,286.66998,295.4037,0.0,-0.3147993
16709.44,286.66998,298.62277,0.0,-0.32007837
16709.64,286.66998,299.33545,0.0,-0.3668313
16709.84,286.66998,297.8831,0.0,-0.3692398
16710.04,286.66998,300.4981,0.0,-0.32780886
16710.24,286.66998,300.08765,0.0,-0.35840607
16710.44,286.66998,298.53976,0.0,-0.37662363
16710.64,286.66998,298.4703,0.0,-0.36646843
16710.84,286.66998,294.21622,0.0,-0.37404156
16711.04,286.66998,295.92194,0.0,-0.29096127
16711.24,286.66998,299.0904,0.0,-0.32198
16711.44,286.66998,298.26843,0.0,-0.32919025
16711.64,286.66998,298.87793,0.0,-0.22633934
16711.84,286.66998,298.4658,0.0,-0.32779408
16712.04,286.66998,293.60535,0.0,-0.31079102
16712.24,286.66998,298.00375,0.0,-0.21329689
16712.44,286.66998,299.4071,0.0,-0.34767532
16712.64,286.66998,296.35602,0.0,-0.37291098
16712.84,286.66998,299.1599,0.0,-0.31406164
16713.04,286.66998,299.2637,0.0,-0.30978537
16713.24,286.66998,295.58377,0.0,-0.32485628
16713.44,286.66998,298.9191,0.0,-0.32037687
16713.64,286.66998,298.5594,0.0,-0.35430717
16713.84,286.66998,300.82504,0.0,-0.35130024
16714.04,286.66998,294.65872,0.0,-0.35808325
16714.24,286.66998,293.35214,0.0,-0.40120602
16714.44,286.66998,298.26276,0.0,-0.36039925
16714.64,286.66998,296.73486,0.0,-0.31447268
16714.84,286.66998,295.94928,0.0,-0.32642603
16715.04,286.66998,297.73993,0.0,-0.33032656
16715.24,286.66998,293.315,0.0,-0.36792994
16715.44,286.66998,297.34763,0.0,-0.35250044
16715.64,286.66998,296.81564,0.0,-0.29943275
16715.84,286.66998,291.05243,0.0,-0.34139824
16716.04,286.66998,292.91403,0.0,-0.3508277
16716.24,286.66998,298.5867,0.0,-0.34215546
16716.44,286.66998,296.4392,0.0,-0.30135727
16716.64,286.66998,292.6662,0.0,-0.34197378
16716.84,286.66998,290.50668,0.0,-0.350801
16717.04,286.66998,295.49344,0.0,-0.35001326
16717.24,286.66998,297.23233,0.0,-0.3179617
16717.44,286.66998,300.2797,0.0,-0.2734909
16717.64,286.66998,293.1316,0.0,-0.3094039
16717.84,286.66998,296.37784,0.0,-0.33895493
16718.04,286.66998,292.4272,0.0,-0.34419823
16718.24,286.66998,290.6019,0.0,-0.35708904
16718.44,286.66998,293.25534,0.0,-0.33559465
16718.64,286.66998,293.94702,0.0,-0.31029558
16718.84,286.66998,286.28674,0.0,-0.36649227
16719.04,286.66998,291.62387,0.0,-0.3132043
16719.24,286.66998,287.1958,0.0,-0.3460927
16719.44,286.66998,290.4468,0.0,-0.34678364
16719.64,286.66998,288.15622,0.0,-0.3199196
16719.84,286.66998,288.64606,0.0,-0.328166
16720.04,286.66998,293.85812,0.0,-0.35202265
16720.24,286.66998,291.09344,0.0,-0.3218012
16720.44,286.66998,293.41644,0.0,-0.36042166
16720.64,286.66998,292.90524,0.0,-0.31105423
16720.84,286.66998,285.26727,0.0,-0.34426546
16721.04,286.66998,291.22278,0.0,-0.34123087
16721.24,286.66998,290.19778,0.0,-0.3108554
16721.44,286.66998,290.01938,0.0,-0.3394804
16721.64,286.66998,290.70065,0.0,-0.3204379
16721.84,286.66998,288.28687,0.0,-0.30539465
16722.04,286.66998,283.55875,0.0,-0.3160162
16722.24,286.66998,290.8361,0.0,-0.33047056
16722.44,286.66998,287.57748,0.0,-0.30534124
16722.64,286.66998,286.34576,0.0,-0.27690887
16722.84,286.66998,288.75458,0.0,-0.33350086
16723.04,286.66998,288.23608,0.0,-0.29938173
16723.24,286.66998,290.0645,0.0,-0.3241701
16723.44,286.66998,292.55856,0.0,-0.32160997
16723.64,286.66998,288.80508,0.0,-0.3179617
16723.84,286.66998,283.53378,0.0,-0.2670164
16724.04,286.66998,289.6274,0.0,-0.32498312
16724.24,286.66998,286.20435,0.0,-0.2737832
16724.44,286.66998,289.38196,0.0,-0.30935287
16724.64,286.66998,287.8856,0.0,-0.31302547
16724.84,286.66998,283.07993,0.0,-0.28290844
16725.04,286.66998,283.03925,0.0,-0.31300354
16725.24,286.66998,287.95468,0.0,-0.29426813
16725.44,286.66998,284.5695,0.0,-0.32167196
16725.64,286.66998,288.19308,0.0,-0.27053738
16725.84,286.66998,292.469,0.0,-0.3247156
16726.04,286.66998,290.0404,0.0,-0.30005217
16726.24,286.66998,288.1857,0.0,-0.314641
16726.44,286.66998,286.3201,0.0,-0.27486706
16726.64,286.66998,290.43323,0.0,-0.30290985
16726.84,286.66998,288.7254,0.0,-0.31911898
16727.04,286.66998,289.1397,0.0,-0.26366138
16727.24,286.66998,288.33014,0.0,-0.31980658
16727.44,286.66998,288.71725,0.0,-0.28415298
16727.64,286.66998,282.69888,0.0,-0.272758
16727.84,286.66998,279.86923,0.0,-0.26466227
16728.04,286.66998,288.78836,0.0,-0.2856202
16728.24,286.66998,285.49234,0.0,-0.2907586
16728.44,286.66998,288.62854,0.0,-0.2943797
16728.64,286.66998,285.40146,0.0,-0.27967405
16728.84,286.66998,287.14383,0.0,-0.2680502
16729.04,286.66998,286.11508,0.0,-0.30893135
16729.24,286.66998,288.8659,0.0,-0.24846506
16729.44,286.66998,284.54358,0.0,-0.27477694
16729.64,286.66998,288.5749,0.0,-0.29251242
16729.84,286.66998,292.56638,0.0,-0.29379416
16730.04,286.66998,287.4623,0.0,-0.26331758
16730.24,286.66998,286.15213,0.0,-0.3142624
16730.44,286.66998,286.1473,0.0,-0.2678933
16730.64,286.66998,286.6194,0.0,-0.24911499
16730.84,286.66998,281.88815,0.0,-0.27790165
16731.04,286.66998,281.68637,0.0,-0.26137304
16731.24,286.66998,289.06497,0.0,-0.2808857
16731.44,286.66998,287.79916,0.0,-0.29802513
16731.64,286.66998,286.33743,0.0,-0.2744789
16731.84,286.66998,281.9948,0.0,-0.24896336
16732.04,286.66998,284.55127,0.0,-0.27252054
16732.24,286.66998,287.58658,0.0,-0.26305866
16732.44,286.66998,282.53543,0.0,-0.2470746
16732.64,286.66998,284.5411,0.0,-0.31401634
16732.84,286.66998,282.15726,0.0,-0.2715974
16733.04,286.66998,275.58087,0.0,-0.26026297
16733.24,286.66998,281.4728,0.0,-0.27065754
16733.44,286.66998,281.40567,0.0,-0.24942207
16733.64,286.66998,283.47714,0.0,-0.257926
16733.84,286.66998,286.01886,0.0,-0.25519753
16734.04,286.66998,279.7992,0.0,-0.23676252
16734.24,286.66998,280.78433,0.0,-0.23347712
16734.44,286.66998,278.73904,0.0,-0.23537588
16734.64,286.66998,283.0581,0.0,-0.27770233
16734.84,286.66998,279.4558,0.0,-0.23418856
16735.04,286.66998,275.1075,0.0,-0.23752546
16735.24,286.66998,279.9837,0.0,-0.25654984
16735.44,286.66998,280.8403,0.0,-0.22018957
16735.64,286.66998,272.05695,0.0,-0.23985577
16735.84,286.66998,276.75415,0.0,-0.2520318
16736.04,286.66998,279.83643,0.0,-0.23276949
16736.24,286.66998,277.99982,0.0,-0.21642542
16736.44,286.66998,277.2015,0.0,-0.26163435
16736.64,286.66998,278.69342,0.0,-0.22398901
16736.84,286.66998,280.31824,0.0,-0.2687316
16737.04,286.66998,280.29993,0.0,-0.20009422
16737.24,286.66998,274.43155,0.0,-0.22992325
16737.44,286.66998,280.663,0.0,-0.22999477
16737.64,286.66998,284.73657,0.0,-0.23442125
16737.84,286.66998,282.38748,0.0,-0.23720932
16738.04,286.66998,282.49075,0.0,-0.17750168
16738.24,286.66998,286.73883,0.0,-0.1986723
16738.44,286.66998,283.37897,0.0,-0.18886137
16738.64,286.66998,278.56573,0.0,-0.20933104
16738.84,286.66998,286.29755,0.0,-0.18597698
16739.04,286.66998,283.12408,0.0,-0.25595045
16739.24,286.66998,285.0938,0.0,-0.22948885
16739.44,286.66998,284.3303,0.0,-0.20934534
16739.64,286.66998,288.0959,0.0,-0.2300458
16739.84,286.66998,287.29956,0.0,-0.20041895
16740.04,286.66998,286.69006,0.0,-0.23519135
16740.24,286.66998,284.24506,0.0,-0.23790264
16740.44,286.66998,288.5481,0.0,-0.23267794
16740.64,286.66998,283.1347,0.0,-0.28775406
16740.84,286.66998,282.9514,0.0,-0.1487956
16741.04,286.66998,283.76553,0.0,-0.27389097
16741.24,286.66998,283.13815,0.0,-0.22798395
16741.44,286.66998,281.1754,0.0,-0.17754269
16741.64,286.66998,283.2723,0.0,-0.16506195
16741.84,286.66998,279.95584,0.0,-0.22098875
16742.04,286.66998,284.77414,0.0,-0.21592522
16742.24,286.66998,282.86734,0.0,-0.23203373
16742.44,286.66998,283.24603,0.0,-0.23792648
16742.64,286.66998,279.06265,0.0,-0.15384865
16742.84,286.66998,287.45023,0.0,-0.26115656
16743.04,286.66998,280.66803,0.0,-0.22782946
16743.24,286.66998,282.07022,0.0,-0.1628623
16743.44,286.66998,280.48773,0.0,-0.22315359
16743.64,286.66998,284.654,0.0,-0.22858763
16743.84,286.66998,281.19427,0.0,-0.2428236
16744.04,286.66998,284.82086,0.0,-0.22267962
16744.24,286.66998,284.56693,0.0,-0.22252893
16744.44,286.66998,281.19193,0.0,-0.20972013
16744.64,286.66998,284.93347,0.0,-0.2354784
16744.84,286.66998,283.69037,0.0,-0.18571806
16745.04,286.66998,279.19278,0.0,-0.20888329
16745.24,286.66998,283.51886,0.0,-0.24786568
16745.44,286.66998,279.22476,0.0,-0.18185139
16745.64,286.66998,278.67365,0.0,-0.23532009
16745.84,286.66998,281.4026,0.0,-0.18705702
16746.04,286.66998,286.6351,0.0,-0.179492
16746.24,286.66998,281.61768,0.0,-0.19983387
16746.44,286.66998,284.7681,0.0,-0.23023224
16746.64,286.66998,280.92593,0.0,-0.22895527
16746.84,286.66998,281.03427,0.0,-0.19661379
16747.04,286.66998,280.37454,0.0,-0.19393635
16747.24,286.66998,277.32663,0.0,-0.19547844
16747.44,286.66998,279.09366,0.0,-0.18375635
16747.64,286.66998,281.3838,0.0,-0.23416328
16747.84,286.66998,278.0821,0.0,-0.26156282
16748.04,286.66998,280.17807,0.0,-0.20253277
16748.24,286.66998,279.32837,0.0,-0.21845913
16748.44,286.66998,279.14822,0.0,-0.202878
16748.64,286.66998,281.7409,0.0,-0.17164183
16748.84,286.66998,276.36673,0.0,-0.18106747
16749.04,286.66998,283.8805,0.0,-0.16809702
16749.24,286.66998,279.7179,0.0,-0.19468927
16749.44,286.66998,283.4751,0.0,-0.2065649
16749.64,286.66998,274.72534,0.0,-0.17179441
16749.84,286.66998,282.67953,0.0,-0.23023891
16750.04,286.66998,282.48135,0.0,-0.22041321
16750.24,286.66998,277.99805,0.0,-0.1847663
16750.44,286.66998,280.9666,0.0,-0.19971418
16750.64,286.66998,277.75024,0.0,-0.20678663
16750.84,286.66998,275.3968,0.0,-0.1751337
16751.04,286.66998,277.7727,0.0,-0.2362771
16751.24,286.66998,279.07214,0.0,-0.17891264
16751.44,286.66998,276.02673,0.0,-0.2045803
16751.64,286.66998,285.87097,0.0,-0.20400476
16751.84,286.66998,283.83765,0.0,-0.16896152
16752.04,286.66998,280.23767,0.0,-0.18886662
16752.24,286.66998,279.88742,0.0,-0.18000889
16752.44,286.66998,283.89462,0.0,-0.19723034
16752.64,286.66998,285.21573,0.0,-0.15616322
16752.84,286.66998,277.80716,0.0,-0.24446106
16753.04,286.66998,282.4092,0.0,-0.16633368
16753.24,286.66998,280.72958,0.0,-0.17815828
16753.44,286.66998,278.4559,0.0,-0.19578552
16753.64,286.66998,277.17496,0.0,-0.1644783
16753.84,286.66998,273.77014,0.0,-0.18009138
16754.04,286.66998,281.39484,0.0,-0.23498726
16754.24,286.66998,279.92914,0.0,-0.18283844
16754.44,286.66998,276.63846,0.0,-0.17632055
16754.64,286.66998,274.4715,0.0,-0.1822567
16754.84,286.66998,270.67166,0.0,-0.14986515
16755.04,286.66998,277.8357,0.0,-0.21265697
16755.24,286.66998,281.93506,0.0,-0.16845322
16755.44,286.66998,281.93228,0.0,-0.16043472
16755.64,286.66998,273.93527,0.0,-0.21676683
16755.84,286.66998,278.44662,0.0,-0.19472837
16756.04,286.66998,268.80212,0.0,-0.09922457
16756.24,286.66998,273.86118,0.0,-0.17971611
16756.44,286.66998,278.06686,0.0,-0.17056513
16756.64,286.66998,277.55936,0.0,-0.1923151
16756.84,286.66998,280.57852,0.0,-0.16566896
16757.04,286.66998,279.01968,0.0,-0.15513134
16757.24,286.66998,263.56714,0.0,-0.21539068
16757.44,286.66998,282.50046,0.0,-0.17212582
16757.64,286.66998,277.74683,0.0,-0.22499561
16757.84,286.66998,275.30756,0.0,-0.14699554
16758.04,286.66998,275.26785,0.0,-0.20582676
16758.24,286.66998,268.43167,0.0,-0.107471466
16758.44,286.66998,265.9448,0.0,-0.119758606
16758.64,286.66998,268.37515,0.0,-0.09908342
16758.84,286.66998,265.51746,0.0,-0.1489048
16759.04,286.66998,262.24045,0.0,-0.15050077
16759.24,286.66998,273.28473,0.0,-0.16788673
16759.44,286.66998,274.3769,0.0,-0.21779203
16759.64,286.66998,272.5141,0.0,-0.08559847
16759.84,286.66998,259.4947,0.0,-0.071437836
16760.04,286.66998,259.0084,0.0,-0.043239594
16760.24,286.66998,268.1465,0.0,-0.14563084
16760.44,286.66998,277.86166,0.0,-0.20227575
16760.64,286.66998,273.1687,0.0,-0.15172005
16760.84,286.66998,268.4839,0.0,-0.09666729
16761.04,286.66998,270.16208,0.0,-0.16259527
16761.24,286.66998,268.96146,0.0,-0.17398167
16761.44,286.66998,266.24878,0.0,-0.15901756
16761.64,286.66998,269.51416,0.0,-0.12535048
16761.84,286.66998,270.21094,0.0,-0.15930653
16762.04,286.66998,265.0507,0.0,-0.13783455
16762.24,286.66998,268.1838,0.0,-0.13734484
16762.44,286.66998,270.5296,0.0,-0.1204257
16762.64,286.66998,259.00998,0.0,-0.12068653
16762.84,286.66998,272.43747,0.0,-0.18409252
16763.04,286.66998,278.02924,0.0,-0.1899929
16763.24,286.66998,267.4483,0.0,-0.10260391
16763.44,286.66998,264.84796,0.0,-0.048285484
16763.64,286.66998,255.52957,0.0,-0.09636021
16763.84,286.66998,254.54376,0.0,0.0045409203
16764.04,286.66998,265.89398,0.0,-0.119773865
16764.24,286.66998,248.59924,0.0,0.012184858
16764.44,286.66998,246.26968,0.0,-0.054813385
16764.64,286.66998,267.52,0.0,-0.05019617
16764.84,286.66998,261.20645,0.0,-0.1222806
16765.04,286.66998,269.94815,0.0,-0.16102076
16765.24,286.66998,273.38022,0.0,-0.14485693
16765.44,286.66998,265.7882,0.0,-0.20527124
16765.64,286.66998,262.8775,0.0,-0.1651063
16765.84,286.66998,257.07306,0.0,-0.10452509
16766.04,286.66998,254.39136,0.0,0.020837307
16766.24,286.66998,249.07126,0.0,-0.0042722225
16766.44,286.66998,253.22012,0.0,0.030908823
16766.64,286.66998,265.13446,0.0,-0.2142663
16766.84,286.66998,266.989,0.0,-0.14984274
16767.04,286.66998,265.86087,0.0,-0.21399832
16767.24,286.66998,269.91376,0.0,-0.2564125
16767.44,286.66998,265.05823,0.0,-0.13873482
16767.64,286.66998,260.78268,0.0,-0.062011242
16767.84,286.66998,254.10715,0.0,-0.13414145
16768.04,286.66998,270.5561,0.0,-0.19748688
16768.24,286.66998,258.23398,0.0,-0.14952183
16768.44,286.66998,268.83862,0.0,-0.24430132
16768.64,286.66998,262.01675,0.0,-0.13243246
16768.84,286.66998,247.83469,0.0,-0.14145851
16769.04,286.66998,251.46982,0.0,-0.10106993
16769.24,286.66998,258.882,0.0,-0.086185455
16769.44,286.66998,241.00668,0.0,-0.048286438
16769.64,286.66998,260.66394,0.0,-0.30400658
16769.84,286.66998,263.51385,0.0,-0.27032614
16770.04,286.66998,265.0797,0.0,-0.2536788
16770.24,286.66998,253.2225,0.0,-0.14742756
16770.44,286.66998,246.81583,0.0,-0.1660161
16770.64,286.66998,236.3905,0.0,-0.32932186
16770.84,286.66998,259.5956,0.0,-0.32131672
16771.04,286.66998,253.08585,0.0,-0.3520856
16771.24,286.66998,254.04007,0.0,-0.34489346
16771.44,286.66998,259.1564,0.0,-0.3348813
16771.64,286.66998,243.13211,0.0,-0.3092785
16771.84,286.66998,255.06485,0.0,-0.3497157
16772.04,286.66998,243.25082,0.0,-0.31520128
16772.24,286.66998,248.60944,0.0,-0.26019
16772.44,286.66998,252.25299,0.0,-0.2231698
16772.64,286.66998,257.3823,0.0,-0.038270235
16772.84,286.66998,257.26923,0.0,-0.35397482
16773.04,286.66998,248.04501,0.0,-0.2727399
16773.24,286.66998,251.52844,0.0,-0.27899218
16773.44,286.66998,247.39459,0.0,-0.3833542
16773.64,286.66998,243.5651,0.0,-0.26368332
16773.84,286.66998,260.40472,0.0,-0.35755396
16774.04,286.66998,242.11435,0.0,-0.44538784
16774.24,286.66998,251.12192,0.0,-0.3749156
16774.44,286.66998,249.58887,0.0,-0.35668802
16774.64,286.66998,242.48969,0.0,-0.4010644
16774.84,286.66998,250.47852,0.0,-0.3558507
16775.04,286.66998,243.6867,0.0,-0.33164597
16775.24,286.66998,252.27051,0.0,-0.16333055
16775.44,286.66998,246.94046,0.0,-0.31561184
16775.64,286.66998,250.84918,0.0,-0.3178048
16775.84,286.66998,233.78238,0.0,-0.33754873
16776.04,286.66998,235.29776,0.0,-0.27346468
16776.24,286.66998,244.32062,0.0,-0.19095516
16776.44,286.66998,246.70432,0.0,-0.45594263
16776.64,286.66998,232.58517,0.0,-0.4252305
16776.84,286.66998,239.79935,0.0,0.03318453
16777.04,286.66998,240.67471,0.0,-0.34593153
16777.24,286.66998,222.81683,0.0,-0.44590092
16777.44,286.66998,237.58551,0.0,-0.37287617
16777.64,286.66998,240.4259,0.0,-0.33715868
16777.84,286.66998,229.94675,0.0,-0.14239454
16778.04,286.66998,239.1406,0.0,-0.148633
16778.24,286.66998,234.24466,0.0,-0.21160507
16778.44,286.66998,241.22763,0.0,-0.30361843
16778.64,286.66998,235.50488,0.0,-0.31655693
16778.84,286.66998,233.0397,0.0,-0.27703428
16779.04,286.66998,238.29813,0.0,-0.32608795
16779.24,286.66998,223.68347,0.0,-0.012243509
16779.44,286.66998,233.66663,0.0,0.23245645
16779.64,286.66998,229.29562,0.0,0.2967217
16779.84,286.66998,242.89459,0.0,-0.30933952
16780.04,286.66998,229.87402,0.0,-0.30711508
16780.24,286.66998,230.9079,0.0,-0.1779027
16780.44,286.66998,233.94885,0.0,-0.5035081
16780.64,286.66998,226.54736,0.0,-0.44599915
16780.84,286.66998,225.2985,0.0,-0.31091738
16781.04,0.0,236.61984,0.0,-0.45563507
16781.24,0.0,224.83957,0.0,-0.39948225
16781.44,0.0,239.36679,0.0,-0.27224684
16781.64,0.0,228.09973,0.0,-0.35057116
16781.84,0.0,231.75769,0.0,-0.2949772
16782.04,0.0,231.43137,0.0,-0.25425243
16782.24,0.0,222.06677,0.0,0.09544039
16782.44,0.0,230.1424,0.0,-0.043028116
16782.64,0.0,227.21094,0.0,-0.14360523
16782.84,0.0,222.80121,0.0,0.07117939
16783.04,0.0,230.11743,0.0,0.04347253
16783.24,0.0,234.47806,0.0,-0.40620518
16783.44,0.0,233.98236,0.0,-0.29749012
16783.64,0.0,230.67514,0.0,-0.36439896
16783.84,0.0,206.39575,0.0,0.14027786
16784.04,0.0,227.57962,0.0,-0.06848979
16784.24,0.0,220.51483,0.0,-0.37376738
16784.44,0.0,222.09845,0.0,-0.3452716
16784.64,0.0,224.64084,0.0,-0.23397398
16784.84,0.0,214.46951,0.0,-0.49175072
16785.04,0.0,221.80212,0.0,-0.5086303
16785.24,0.0,221.50333,0.0,-0.4136095
16785.44,0.0,225.14917,0.0,-0.40293407
16785.64,0.0,224.13556,0.0,-0.39125395
16785.84,0.0,232.71661,0.0,-0.50913
16786.04,0.0,227.77255,0.0,-0.41673613
16786.24,0.0,222.08868,0.0,-0.35828447
16786.44,0.0,225.63751,0.0,-0.40860033
16786.64,0.0,218.35883,0.0,-0.38601446
16786.84,0.0,220.72318,0.0,-0.3724885
16787.04,0.0,227.27228,0.0,-0.051713467
16787.24,0.0,226.95361,0.0,-0.39026976
16787.44,0.0,217.89297,0.0,-0.25327682
16787.64,0.0,230.85101,0.0,-0.36091805
16787.84,0.0,222.75723,0.0,-0.39110708
16788.04,0.0,224.7522,0.0,-0.32734966
16788.24,0.0,225.12122,0.0,-0.36279917
16788.44,0.0,223.43823,0.0,-0.42723513
16788.64,0.0,217.20334,0.0,-0.38200188
16788.84,0.0,220.80698,0.0,-0.25803947
16789.04,0.0,227.5476,0.0,-0.23046207
16789.24,0.0,230.12439,0.0,-0.37620592
16789.44,0.0,233.7695,0.0,-0.41643047
16789.64,0.0,222.31552,0.0,-0.32111502
16789.84,0.0,219.34598,0.0,-0.23530912
16790.04,0.0,227.67407,0.0,-0.114314556
16790.24,0.0,220.80664,0.0,-0.12884998
16790.44,0.0,228.53061,0.0,-0.04810524
16790.64,0.0,221.94522,0.0,0.0038707256
16790.84,0.0,224.26297,0.0,-0.09742737
16791.04,0.0,221.40128,0.0,-0.24212837
16791.24,0.0,218.57791,0.0,-0.3344779
16791.44,0.0,212.07382,0.0,0.12713075
16791.64,0.0,225.20856,0.0,-0.11470938
16791.84,0.0,212.57681,0.0,-0.34182215
16792.04,0.0,221.49893,0.0,-0.1610632
16792.24,0.0,226.79459,0.0,-0.29883862
16792.44,0.0,227.80792,0.0,-0.12245035
16792.64,0.0,227.66013,0.0,-0.17016602
16792.84,0.0,228.85324,0.0,-0.17657852
16793.04,0.0,223.30167,0.0,-0.2849474
16793.24,0.0,210.86844,0.0,-0.04663968
16793.44,0.0,215.55222,0.0,0.3123703
16793.64,0.0,223.39749,0.0,-0.19577646
16793.84,0.0,225.03287,0.0,-0.21675348
16794.04,0.0,220.93805,0.0,0.028049946
16794.24,0.0,223.67603,0.0,-0.116431236
16794.44,0.0,217.42783,0.0,-0.1542468
16794.64,0.0,222.21466,0.0,-0.3796811
16794.84,0.0,212.20877,0.0,-0.27317
16795.04,0.0,214.3154,0.0,-0.21523666
16795.24,0.0,211.14587,0.0,-0.44673586
16795.44,0.0,209.44058,0.0,-0.2107315
16795.64,0.0,202.06827,0.0,0.052804947
16795.84,0.0,196.4397,0.0,-0.2579403
16796.04,0.0,195.75757,0.0,-0.49501324
16796.24,0.0,183.67215,0.0,-0.57373285
16796.44,0.0,176.31714,0.0,-0.50233364
16796.64,0.0,163.95029,0.0,-0.49697828
16796.84,0.0,142.98239,0.0,-0.5169215
16797.04,0.0,114.83885,0.0,-0.3728857
16797.24,0.0,89.16811,0.0,-0.22732115
16797.44,0.0,76.14814,0.0,-0.10601616
16797.64,0.0,56.43746,0.0,0.025130749
16797.84,0.0,31.009083,0.0,0.021387339
16798.04,0.0,33.56001,0.0,-0.05360198
16798.24,0.0,21.890987,0.0,0.08728123
16798.44,0.0,23.95892,0.0,0.12521315
16798.64,0.0,19.012974,0.0,0.14089751
16798.84,0.0,18.74403,0.0,0.08707976
16799.04,0.0,12.221527,0.0,0.14886618
16799.24,0.0,15.713173,0.0,0.12718654
16799.44,0.0,15.655548,0.0,0.16050029
16799.64,0.0,13.661396,0.0,0.11160302
16799.84,0.0,13.679108,0.0,0.13855696
16800.04,0.0,13.059174,0.0,0.10796738
16800.24,0.0,13.312351,0.0,0.1151464
16800.44,0.0,13.270893,0.0,0.12971425
16800.64,0.0,11.732788,0.0,0.13434577
16800.84,0.0,11.531399,0.0,0.13077164
16801.04,0.0,9.022598,0.0,0.15140343
16801.24,0.0,10.9178505,0.0,0.12526226
16801.44,0.0,10.115002,0.0,0.10246873
16801.64,0.0,12.204811,0.0,0.12971926
16801.84,0.0,10.372597,0.0,0.15380526
16802.04,0.0,8.147034,0.0,0.15852284
16802.24,0.0,9.803436,0.0,0.11281061
16802.44,0.0,9.889313,0.0,0.13331676
16802.64,0.0,11.436005,0.0,0.12751555
16802.84,0.0,10.684708,0.0,0.14356947
16803.04,0.0,10.355553,0.0,0.14399219
16803.24,0.0,9.203381,0.0,0.15988708
16803.44,0.0,8.889732,0.0,0.14207411
16803.64,0.0,8.747002,0.0,0.122051954
16803.84,0.0,9.296139,0.0,0.12073374
16804.04,0.0,7.719757,0.0,0.13622737
16804.24,0.0,8.493454,0.0,0.13116932
16804.44,0.0,7.749962,0.0,0.1509862
16804.64,0.0,10.338024,0.0,0.1290226
16804.84,0.0,9.4296,0.0,0.13418794
16805.04,0.0,8.181961,0.0,0.12286687
16805.24,0.0,10.103687,0.0,0.16144872
16805.44,0.0,7.766899,0.0,0.16312528
16805.64,0.0,8.458893,0.0,0.11921024
16805.84,0.0,9.011047,0.0,0.12702847
16806.04,0.0,11.941338,0.0,0.14834857
16806.24,0.0,7.6881943,0.0,0.13408542
16806.44,0.0,7.3922653,0.0,0.1540103
16806.64,0.0,7.6099625,0.0,0.12986779
16806.84,0.0,11.16087,0.0,0.1275003
16807.04,0.0,9.013763,0.0,0.14854813
16807.24,0.0,8.275978,0.0,0.13989878
16807.44,0.0,7.784874,0.0,0.13679004
16807.64,0.0,9.670029,0.0,0.12073827
16807.84,0.0,8.113373,0.0,0.14078665
16808.04,0.0,8.341133,0.0,0.124623775
16808.24,0.0,9.276569,0.0,0.13601589
16808.44,0.0,9.054955,0.0,0.13199711
16808.64,0.0,8.132904,0.0,0.14703798
16808.84,0.0,6.5923386,0.0,0.16146564
16809.04,0.0,7.165268,0.0,0.14633322
16809.24,0.0,8.1039505,0.0,0.14681745
16809.44,0.0,8.078506,0.0,0.13891292
16809.64,0.0,7.8695755,0.0,0.13259149
16809.84,0.0,8.223465,0.0,0.1421206
16810.04,0.0,6.5478897,0.0,0.17450786
16810.24,0.0,7.3829346,0.0,0.14395809
16810.44,0.0,7.6387634,0.0,0.12106848
16810.64,0.0,8.48333,0.0,0.15247416
16810.84,0.0,6.1460724,0.0,0.12337065
16811.04,0.0,6.1390533,0.0,0.11780214
16811.24,0.0,7.5122604,0.0,0.14154768
16811.44,0.0,7.4854965,0.0,0.13011527
16811.64,0.0,6.4703445,0.0,0.151088
16811.84,0.0,7.1743393,0.0,0.13800788
16812.04,0.0,7.0018234,0.0,0.13423395
16812.24,0.0,6.013939,0.0,0.12999654
16812.44,0.0,7.3136444,0.0,0.15662384
16812.64,0.0,6.449913,0.0,0.14942575
16812.84,0.0,6.3828583,0.0,0.14817977
16813.04,0.0,6.364464,0.0,0.1300435
16813.24,0.0,6.890045,0.0,0.11614728
16813.44,0.0,6.892784,0.0,0.13421035
16813.64,0.0,5.8021774,0.0,0.1368928
16813.84,0.0,6.264862,0.0,0.13478279
16814.04,0.0,6.112404,0.0,0.110090494
16814.24,0.0,6.7903748,0.0,0.11312342
16814.44,0.0,6.2842712,0.0,0.14162302
16814.64,0.0,4.991249,0.0,0.13026047
16814.84,0.0,7.05101,0.0,0.11254001
16815.04,0.0,6.2584076,0.0,0.11333108
16815.24,0.0,5.8263245,0.0,0.1199851
16815.44,0.0,6.1707535,0.0,0.13902044
16815.64,0.0,5.2451096,0.0,0.13757658
16815.84,0.0,4.4945602,0.0,0.1509037
16816.04,0.0,5.888817,0.0,0.12097359
16816.24,0.0,6.421097,0.0,0.10835457
16816.44,0.0,6.6632156,0.0,0.08275628
16816.64,0.0,6.7541122,0.0,0.11445856
16816.84,0.0,6.791771,0.0,0.10458493
16817.04,0.0,6.272423,0.0,0.09543061
16817.24,0.0,8.256203,0.0,0.11066842
16817.44,0.0,6.6419907,0.0,0.1039989
16817.64,0.0,5.41304,0.0,0.08982706
16817.84,0.0,6.2225113,0.0,0.11404133
16818.04,0.0,4.782463,0.0,0.1235621
16818.24,0.0,4.5768204,0.0,0.099140406
16818.44,0.0,7.008774,0.0,0.10298133
16818.64,0.0,7.776062,0.0,0.10866642
16818.84,0.0,6.7121735,0.0,0.099975824
16819.04,0.0,5.9279327,0.0,0.10056496
16819.24,0.0,6.595093,0.0,0.10840535
16819.44,0.0,7.855942,0.0,0.09888387
16819.64,0.0,5.9613647,0.0,0.099396944
16819.84,0.0,5.165718,0.0,0.10740805
16820.04,0.0,6.3657837,0.0,0.098445415
16820.24,0.0,5.5350876,0.0,0.112154245
16820.44,0.0,6.3295135,0.0,0.097972155
16820.64,0.0,6.8473206,0.0,0.10317087
16820.84,0.0,4.7905426,0.0,0.087357044
16821.04,0.0,5.3500366,0.0,0.111592054
16821.24,0.0,5.2265778,0.0,0.10611749
16821.44,0.0,3.940567,0.0,0.11632824
16821.64,0.0,5.23732,0.0,0.093832254
16821.84,0.0,4.599304,0.0,0.092075825
16822.04,0.0,4.492836,0.0,0.07180214
16822.24,0.0,4.9418945,0.0,0.08145404
16822.44,0.0,4.6076584,0.0,0.08802414
16822.64,0.0,3.7323914,0.0,0.10583758
16822.84,0.0,4.1416855,0.0,0.06760144
16823.04,0.0,5.1405945,0.0,0.078784466
16823.24,0.0,4.519394,0.0,0.08755422
16823.44,0.0,3.1837234,0.0,0.09438968
16823.64,0.0,4.0528336,0.0,0.07559514
16823.84,0.0,4.0057297,0.0,0.09493923
16824.04,0.0,3.583702,0.0,0.0952878
16824.24,0.0,4.507324,0.0,0.09293389
16824.44,0.0,3.9632874,0.0,0.06998181
16824.64,0.0,4.3896027,0.0,0.073839664
16824.84,0.0,3.7133713,0.0,0.08936119
16825.04,0.0,4.19722,0.0,0.05474806
16825.24,0.0,4.828598,0.0,0.06319475
16825.44,0.0,5.048729,0.0,0.08132315
16825.64,0.0,3.9981232,0.0,0.06539941
16825.84,0.0,3.897583,0.0,0.06286883
16826.04,0.0,4.724434,0.0,0.05390191
16826.24,0.0,4.0459976,0.0,0.055181503
16826.44,0.0,3.8158875,0.0,0.06262398
16826.64,0.0,4.857048,0.0,0.056161404
16826.84,0.0,4.888481,0.0,0.080902815
16827.04,0.0,4.088814,0.0,0.09632683
16827.24,0.0,3.094574,0.0,0.07125187
16827.44,0.0,4.1785355,0.0,0.06494546
16827.64,0.0,3.6549225,0.0,0.043862343
16827.84,0.0,4.6826324,0.0,0.040296316
16828.04,0.0,3.7476501,0.0,0.056069136
16828.24,0.0,4.1646576,0.0,0.057160854
16828.44,0.0,4.034294,0.0,0.06301761
16828.64,0.0,4.4509735,0.0,0.060005426
16828.84,0.0,3.4987335,0.0,0.043142796
16829.04,0.0,4.6145782,0.0,0.033447504
16829.24,0.0,4.5288773,0.0,0.055887222
16829.44,0.0,3.2425156,0.0,0.051336527
16829.64,0.0,4.141144,0.0,0.054011106
16829.84,0.0,4.0980225,0.0,0.040970087
16830.04,0.0,4.331436,0.0,0.052384377
16830.24,0.0,4.884903,0.0,0.046895027
16830.44,0.0,4.7270355,0.0,0.033967495
16830.64,0.0,3.4919205,0.0,0.046317577
16830.84,0.0,4.2676697,0.0,0.035320044
16831.04,0.0,4.7840576,0.0,0.04543686
16831.24,0.0,4.239746,0.0,0.023332834
16831.44,0.0,5.542038,0.0,0.05895686
16831.64,0.0,4.10376,0.0,0.028578758
16831.84,0.0,5.0016174,0.0,0.026450872
16832.04,0.0,3.3920364,0.0,0.023069143
16832.24,0.0,5.3308716,0.0,0.030952692
16832.44,0.0,4.0719147,0.0,0.03943515
16832.64,0.0,3.0556412,0.0,0.037160635
16832.84,0.0,3.5206528,0.0,0.040489435
16833.04,0.0,3.7401428,0.0,0.03340411
16833.24,0.0,3.1053772,0.0,0.018278837
16833.44,0.0,4.050804,0.0,0.014320135
16833.64,0.0,4.186661,0.0,0.03364563
16833.84,0.0,3.724823,0.0,0.014047623
16834.04,0.0,4.671982,0.0,0.03129387
16834.24,0.0,3.6733017,0.0,0.014111757
16834.44,0.0,3.4972687,0.0,0.018611193
16834.64,0.0,5.143059,0.0,0.020994663
16834.84,0.0,4.5046234,0.0,0.017152786
16835.04,0.0,4.201004,0.0,0.010411739
16835.24,0.0,4.449814,0.0,0.02829504
16835.44,0.0,4.060478,0.0,0.03419733
16835.64,0.0,3.5819778,0.0,0.015496016
16835.84,0.0,4.002716,0.0,0.034311295
16836.04,0.0,3.880127,0.0,0.007755518
16836.24,0.0,3.2147217,0.0,0.030881405
16836.44,0.0,3.813919,0.0,0.012986898
16836.64,0.0,3.5050583,0.0,0.011535883
16836.84,0.0,4.204094,0.0,0.014809608
16837.04,0.0,4.861679,0.0,0.025541782
16837.24,0.0,4.210045,0.0,0.001147747
16837.44,0.0,3.612259,0.0,0.0031971931
16837.64,0.0,4.4811172,0.0,0.025861263
16837.84,0.0,3.70253,0.0,-0.010577917
16838.04,0.0,4.952812,0.0,0.01820159
16838.24,0.0,5.300415,0.0,0.020714283
16838.44,0.0,4.6592255,0.0,0.007876873
16838.64,0.0,3.824768,0.0,0.011729717
16838.84,0.0,4.040642,0.0,0.0044777393
16839.04,0.0,3.5118484,0.0,-0.004286766
16839.24,0.0,4.201088,0.0,-0.0054507256
16839.44,0.0,3.9082794,0.0,0.011741638
16839.64,0.0,3.363594,0.0,0.00031208992
16839.84,0.0,3.8999176,0.0,0.007599592
16840.04,0.0,4.064804,0.0,0.006420374
16840.24,0.0,4.803116,0.0,0.021079302
16840.44,0.0,3.3498154,0.0,0.0036103725
16840.64,0.0,3.709488,0.0,0.018783092
16840.84,0.0,3.9118347,0.0,0.020934582
16841.04,0.0,3.5118408,0.0,0.009163141
16841.24,0.0,3.6054535,0.0,-0.010950327
16841.44,0.0,4.438217,0.0,-0.008346319
16841.64,0.0,4.181793,0.0,0.008822918
16841.84,0.0,4.393669,0.0,0.014219999
16842.04,0.0,3.036911,0.0,-0.002216816
16842.24,0.0,3.29599,0.0,0.0065090656
16842.44,0.0,3.8867798,0.0,-0.0051805973
16842.64,0.0,3.4097824,0.0,-0.019469023
16842.84,0.0,3.589943,0.0,-0.0072796345
16843.04,0.0,5.146988,0.0,0.010734558
16843.24,0.0,3.9838104,0.0,-0.0027868748
16843.44,0.0,4.064926,0.0,0.0046994686
16843.64,0.0,4.641815,0.0,0.0073275566
16843.84,0.0,5.059845,0.0,0.018559456
16844.04,0.0,3.7136002,0.0,0.00022816658
16844.24,0.0,4.8634644,0.0,-0.0020484924
16844.44,0.0,4.627487,0.0,-0.0055651665
16844.64,0.0,4.213516,0.0,-0.016076326
16844.84,0.0,4.17881,0.0,-0.011140585
16845.04,0.0,3.460083,0.0,-0.008770943
16845.24,0.0,4.966606,0.0,0.008817434
16845.44,0.0,4.9788666,0.0,0.016064405
16845.64,0.0,4.720413,0.0,-0.0063996315
16845.84,0.0,4.6957703,0.0,0.0037677288
16846.04,0.0,4.6912384,0.0,0.0023610592
16846.24,0.0,4.6892242,0.0,-0.0035476685
16846.44,0.0,5.271614,0.0,-0.006071329
16846.64,0.0,3.6438217,0.0,0.025613785
16846.84,0.0,4.5243607,0.0,0.015686035
16847.04,0.0,4.4518204,0.0,-0.018047333
16847.24,0.0,5.3898163,0.0,-0.03040886
16847.44,0.0,4.2860413,0.0,0.010477066
16847.64,0.0,3.6908493,0.0,-0.006849766
16847.84,0.0,4.210556,0.0,-0.03823471
16848.04,0.0,3.5638504,0.0,-0.025227785
16848.24,0.0,4.337219,0.0,-0.008473873
16848.44,0.0,4.6985855,0.0,-0.007069111
16848.64,0.0,4.3981094,0.0,-0.015262842
16848.84,0.0,4.713066,0.0,-0.012861252
16849.04,0.0,5.43338,0.0,0.010815144
16849.24,0.0,5.2964706,0.0,0.009325743
16849.44,0.0,5.857292,0.0,0.0019655228
16849.64,0.0,6.1492844,0.0,0.01732707
16849.84,0.0,5.0635605,0.0,0.0007123947
16850.04,0.0,4.131256,0.0,-0.032383204
16850.24,0.0,3.8381271,0.0,-0.041108847
16850.44,0.0,4.619911,0.0,-0.021475077
16850.64,0.0,5.0565033,0.0,-0.0074937344
16850.84,0.0,4.199623,0.0,-0.009437799
16851.04,0.0,5.673622,0.0,-0.014066458
16851.24,0.0,5.7048492,0.0,-0.0072317123
16851.44,0.0,4.168976,0.0,-0.028549671
16851.64,0.0,4.5358887,0.0,-0.04515171
16851.84,0.0,4.6267014,0.0,-0.01698947
16852.04,0.0,6.455467,0.0,0.023484468
16852.24,0.0,3.7782593,0.0,-0.037777662
16852.44,0.0,6.61026,0.0,0.0028858185
16852.64,0.0,4.828079,0.0,-0.013108015
16852.84,0.0,3.99189,0.0,-0.047649622
16853.04,0.0,5.6761856,0.0,-0.012144327
16853.24,0.0,5.160095,0.0,-0.02972126
16853.44,0.0,3.4029083,0.0,-0.03451276
16853.64,0.0,5.3795013,0.0,-0.0031077862
16853.84,0.0,4.756668,0.0,-0.006732464
16854.04,0.0,4.663414,0.0,-0.030901194
16854.24,0.0,5.6490784,0.0,-0.020298004
16854.44,0.0,6.7878647,0.0,0.013802528
16854.64,0.0,6.636215,0.0,0.023309946
16854.84,0.0,5.8379364,0.0,-0.018520117
16855.04,0.0,7.31324,0.0,0.006995678
16855.24,0.0,7.4376984,0.0,0.010794878
16855.44,0.0,6.31868,0.0,-0.0047118664
16855.64,0.0,4.7034607,0.0,-0.012658358
16855.84,0.0,5.4433823,0.0,-0.022276163
16856.04,0.0,6.749748,0.0,0.03266549
16856.24,0.0,4.9735413,0.0,-0.023673534
16856.44,0.0,5.6146317,0.0,-0.032653093
16856.64,0.0,6.023018,0.0,0.010789156
16856.84,0.0,6.5854645,0.0,0.0061297417
16857.04,0.0,7.7254333,0.0,0.007528782
16857.24,0.0,5.970001,0.0,0.009864092
16857.44,0.0,9.094864,0.0,0.03381014
16857.64,0.0,6.2847137,0.0,-0.0047523975
16857.84,0.0,4.9801025,0.0,0.0036067963
16858.04,0.0,6.9748306,0.0,-0.0013267994
16858.24,0.0,5.8688583,0.0,-0.018220901
16858.44,0.0,5.4875107,0.0,-0.005617857
16858.64,0.0,5.674164,0.0,-0.039399624
16858.84,0.0,7.1937027,0.0,-0.010699749
16859.04,0.0,5.713669,0.0,-0.018734455
16859.24,0.0,5.2429276,0.0,-0.015029192
16859.44,0.0,6.1319275,0.0,-0.004299879
16859.64,0.0,9.439938,0.0,0.03433609
16859.84,0.0,8.274742,0.0,-0.012684107
16860.04,0.0,6.908943,0.0,-0.03871727
16860.24,0.0,7.9694214,0.0,-0.010837078
16860.44,0.0,7.7127914,0.0,0.008648157
16860.64,0.0,6.568825,0.0,-0.03546858
16860.84,0.0,6.3444824,0.0,-0.0010976791
16861.04,0.0,6.847229,0.0,-0.032447577
16861.24,0.0,5.8741837,0.0,-0.047877073
16861.44,0.0,7.7923965,0.0,0.010658503
16861.64,0.0,6.673935,0.0,-0.037434578
16861.84,0.0,4.725746,0.0,-0.018465996
16862.04,0.0,7.238289,0.0,-0.002854824
16862.24,0.0,8.063873,0.0,0.0012581348
16862.44,0.0,7.3704605,0.0,-0.017090797
16862.64,0.0,11.361561,0.0,0.06509018
16862.84,0.0,8.622498,0.0,-0.013949633
16863.04,0.0,8.020897,0.0,-0.00033855438
16863.24,0.0,7.602379,0.0,0.0055339336
16863.44,0.0,10.130432,0.0,0.026886702
16863.64,0.0,7.2054596,0.0,-0.008378744
16863.84,0.0,8.152443,0.0,-0.017441273
16864.04,0.0,8.846275,0.0,0.008853674
16864.24,0.0,6.313614,0.0,-0.026793003
16864.44,0.0,5.2671967,0.0,-0.03910923
16864.64,0.0,5.178795,0.0,-0.04108858
16864.84,0.0,5.773445,0.0,-0.063260555
16865.04,0.0,9.67149,0.0,0.032360077
16865.24,0.0,6.8945236,0.0,-0.03598571
16865.44,0.0,8.135864,0.0,-0.03786707
16865.64,0.0,9.364098,0.0,0.0036709309
16865.84,0.0,7.903328,0.0,-0.007671356
16866.04,0.0,6.967537,0.0,-0.031769514
16866.24,0.0,7.678604,0.0,-0.043887377
16866.44,0.0,7.738388,0.0,-0.06397009
16866.64,0.0,7.825035,0.0,-0.02818036
16866.84,0.0,10.205116,0.0,-0.001611948
16867.04,0.0,7.682472,0.0,-0.025793552
16867.24,0.0,9.967781,0.0,0.010271311
16867.44,0.0,8.611443,0.0,0.005890131
16867.64,0.0,7.8414917,0.0,-0.051623583
16867.84,0.0,10.458607,0.0,-0.0029230118
16868.04,0.0,8.7150345,0.0,-0.025452375
16868.24,0.0,9.818314,0.0,-0.04737878
16868.44,0.0,11.305466,0.0,0.025823832
16868.64,0.0,10.443562,0.0,0.036631346
16868.84,0.0,10.620544,0.0,0.04581809
16869.04,0.0,10.968586,0.0,0.02286601
16869.24,0.0,11.512306,0.0,0.003676653
16869.44,0.0,14.458527,0.0,0.054273605
16869.64,0.0,13.138111,0.0,0.06606889
16869.84,0.0,10.038624,0.0,-0.010356426
16870.04,0.0,12.5684395,0.0,0.04734969
16870.24,0.0,13.587635,0.0,0.075861216
16870.44,0.0,10.47485,0.0,0.0367949
16870.64,0.0,11.570904,0.0,0.057568073
16870.84,0.0,10.209557,0.0,0.0127158165
16871.04,0.0,9.776215,0.0,0.018495798
16871.24,0.0,11.935886,0.0,0.022500515
16871.44,0.0,8.861092,0.0,-0.04407859
16871.64,0.0,11.66304,0.0,0.012837172
16871.84,0.0,12.922108,0.0,0.03977847
16872.04,0.0,14.319996,0.0,0.051617146
16872.24,0.0,12.051403,0.0,-0.0033233166
16872.44,0.0,9.992249,0.0,-0.06830311
16872.64,0.0,12.064499,0.0,0.03130746
16872.84,0.0,13.51112,0.0,0.036885023
16873.04,0.0,11.603928,0.0,-0.015258312
16873.24,0.0,12.200356,0.0,0.029216528
16873.44,0.0,11.986382,0.0,0.029724836
16873.64,0.0,15.633587,0.0,0.100782394
16873.84,0.0,13.918507,0.0,0.030282259
16874.04,0.0,12.756081,0.0,0.034329653
16874.24,0.0,17.024742,0.0,0.08596945
16874.44,0.0,13.632587,0.0,0.0763464
16874.64,0.0,13.777058,0.0,0.042322636
16874.84,0.0,17.781487,0.0,0.110569715
16875.04,0.0,20.403717,0.0,0.12060404
16875.24,0.0,21.859325,0.0,0.15498662
16875.44,0.0,22.021084,0.0,0.08048916
16875.64,0.0,16.519115,0.0,0.04532671
16875.84,0.0,20.079666,0.0,0.09369898
16876.04,0.0,21.231846,0.0,0.12666464
16876.24,0.0,18.522282,0.0,0.08459449
16876.44,0.0,16.149605,0.0,0.05293274
16876.64,0.0,18.368298,0.0,0.09063268
16876.84,0.0,17.534962,0.0,0.06371474
16877.04,0.0,14.117485,0.0,0.009315729
16877.24,0.0,16.598335,0.0,0.052018404
16877.44,0.0,22.171818,0.0,0.1611731
16877.64,0.0,17.047092,0.0,0.065255165
16877.84,0.0,18.65104,0.0,0.09617901
16878.04,0.0,23.095661,0.0,0.1239233
16878.24,0.0,22.182934,0.0,0.15630579
16878.44,0.0,16.496422,0.0,0.0088784695
16878.64,0.0,19.603092,0.0,0.10268521
16878.84,0.0,20.672455,0.0,0.106012344
16879.04,0.0,15.190716,0.0,0.028027296
16879.24,0.0,14.117214,0.0,0.026949644
16879.44,0.0,15.918785,0.0,0.055277348
16879.64,0.0,20.439388,0.0,0.11738944
16879.84,0.0,18.619389,0.0,0.06465268
16880.04,0.0,19.523499,0.0,0.1084609
16880.24,0.0,20.431515,0.0,0.085145
16880.44,0.0,25.672867,0.0,0.14476347
16880.64,0.0,19.036652,0.0,0.051701546
16880.84,0.0,23.315235,0.0,0.098187685
16881.04,0.0,23.131664,0.0,0.15556216
16881.24,0.0,24.379986,0.0,0.104882
16881.44,0.0,45.82249,0.0,0.21026492
16881.64,0.0,29.121746,0.0,0.12686324
16881.84,0.0,38.42573,0.0,0.20210767
16882.04,0.0,33.282295,0.0,0.19988823
16882.24,0.0,18.657997,0.0,0.08391476
16882.44,0.0,22.943886,0.0,0.09222889
16882.64,0.0,15.690914,0.0,0.048047304
16882.84,0.0,20.691002,0.0,0.016609669
16883.04,0.0,25.682621,0.0,0.120676994
16883.24,0.0,41.04885,0.0,0.22250128
16883.44,0.0,29.769241,0.0,0.21435833
16883.64,0.0,25.054821,0.0,0.12525153
16883.84,0.0,13.858944,0.0,0.059517384
16884.04,0.0,20.439903,0.0,0.05287242
16884.24,0.0,29.771942,0.0,0.08012414
16884.44,0.0,25.506973,0.0,0.03940344
16884.64,0.0,29.961716,0.0,0.12129092
16884.84,0.0,27.06844,0.0,0.07689834
16885.04,0.0,29.253872,0.0,0.14016366
16885.24,0.0,37.226643,0.0,0.17870665
16885.44,0.0,29.056953,0.0,0.13509822
16885.64,0.0,32.175335,0.0,0.18066931
16885.84,0.0,21.49897,0.0,0.051056147
16886.04,0.0,21.081024,0.0,0.056289196
16886.24,0.0,37.508057,0.0,0.22087884
16886.44,0.0,35.92475,0.0,0.18102074
16886.64,0.0,52.958405,0.0,0.40954185
16886.84,0.0,25.446217,0.0,0.106782675
16887.04,100.0,20.038048,0.0,0.031026125
16887.24,100.0,37.062164,0.0,0.23158216
16887.44,100.0,26.240963,0.0,0.15367937
16887.64,100.0,23.733574,0.0,0.052305937
16887.84,100.0,35.838326,0.0,0.23509169
16888.04,100.0,35.04871,0.0,0.2112217
16888.24,100.0,26.29226,0.0,0.11191845
16888.44,100.0,29.537346,0.0,0.14097929
16888.64,100.0,20.503288,0.0,0.10242891
16888.84,100.0,26.48407,0.0,0.0980773
16889.04,100.0,30.453087,0.0,0.11468339
16889.24,100.0,27.263287,0.0,0.14560938
16889.44,100.0,27.565334,0.0,0.1099596
16889.64,100.0,29.69085,0.0,0.112601995
16889.84,100.0,40.750893,0.0,0.24460578
16890.04,100.0,29.885216,0.0,0.11842084
16890.24,100.0,35.864075,0.0,0.17436743
16890.44,100.0,48.538837,0.0,0.2779684
16890.64,100.0,21.538292,0.0,0.052790165
16890.84,100.0,23.41164,0.0,0.038438797
16891.04,100.0,25.850292,0.0,0.08928156
16891.24,100.0,32.575073,0.0,0.14467072
16891.44,100.0,41.854713,0.0,0.21104336
16891.64,100.0,37.766525,0.0,0.2521248
16891.84,100.0,36.950413,0.0,0.2187326
16892.04,100.0,31.514473,0.0,0.15999341
16892.24,100.0,25.536991,0.0,0.10358882
16892.44,100.0,42.524586,0.0,0.2567489
16892.64,100.0,29.074432,0.0,0.118422985
16892.84,100.0,25.910439,0.0,0.10757637
16893.04,100.0,31.9925,0.0,0.14612746
16893.24,100.0,28.880398,0.0,0.12555814
16893.44,100.0,23.886898,0.0,0.10864663
16893.64,100.0,42.810783,0.0,0.23435783
16893.84,100.0,33.716236,0.0,0.17466998
16894.04,100.0,32.211548,0.0,0.16807032
16894.24,100.0,42.605736,0.0,0.27215815
16894.44,100.0,45.410847,0.0,0.24982977
16894.64,100.0,53.143593,0.0,0.2736361
16894.84,100.0,52.344166,0.0,0.25247216
16895.04,100.0,46.081024,0.0,0.22101688
16895.24,100.0,46.70543,0.0,0.26593184
16895.44,100.0,53.269302,0.0,0.3061726
16895.64,100.0,48.734795,0.0,0.29021025
16895.84,100.0,56.679634,0.0,0.35694098
16896.04,100.0,41.97415,0.0,0.22396088
16896.24,100.0,47.810364,0.0,0.23131251
16896.44,100.0,48.70426,0.0,0.2538612
16896.64,100.0,44.69088,0.0,0.21937227
16896.84,100.0,39.214046,0.0,0.15310359
16897.04,100.0,29.0126,0.0,0.11171937
16897.24,100.0,35.801403,0.0,0.17373729
16897.44,100.0,61.97113,0.0,0.34306216
16897.64,100.0,48.959293,0.0,0.27693582
16897.84,100.0,45.38729,0.0,0.22203279
16898.04,100.0,42.003254,0.0,0.1962595
16898.24,100.0,24.444786,0.0,0.10725808
16898.44,100.0,37.200348,0.0,0.25349307
16898.64,100.0,41.997726,0.0,0.26347923
16898.84,100.0,42.952248,0.0,0.22904849
16899.04,100.0,30.372108,0.0,0.15636182
16899.24,100.0,45.952713,0.0,0.24414253
16899.44,100.0,35.92165,0.0,0.13849735
16899.64,100.0,29.273659,0.0,0.008240938
16899.84,100.0,37.57582,0.0,0.18194199
16900.04,100.0,42.966408,0.0,0.20970583
16900.24,100.0,69.57183,0.0,0.39995813
16900.44,100.0,91.68605,0.0,0.43236637
16900.64,100.0,94.56498,0.0,0.42518735
16900.84,100.0,110.26105,0.0,0.50842786
16901.04,100.0,108.668106,0.0,0.5415704
16901.24,100.0,131.72426,0.0,0.50493693
16901.44,100.0,141.67435,0.0,0.46832824
16901.64,100.0,135.07123,0.0,0.7053504
16901.84,100.0,139.94826,0.0,0.5979588
16902.04,100.0,152.29651,0.0,0.54445887
16902.24,100.0,153.24161,0.0,0.6477339
16902.44,100.0,138.90472,0.0,0.8282249
16902.64,100.0,138.96559,0.0,1.2245209
16902.84,100.0,135.3431,0.0,1.0186915
16903.04,100.0,153.14284,0.0,0.6806092
16903.24,100.0,161.05293,0.0,0.9490521
16903.44,100.0,154.75699,0.0,1.0752637
16903.64,100.0,151.68332,0.0,0.8583672
16903.84,100.0,153.87842,0.0,0.6124761
16904.04,100.0,160.81677,0.0,0.5304673
16904.24,100.0,155.84137,0.0,0.72011733
16904.44,100.0,150.56073,0.0,0.86858916
16904.64,100.0,147.18466,0.0,0.60218024
16904.84,100.0,148.61139,0.0,0.6280587
16905.04,100.0,141.14871,0.0,0.9057708
16905.24,100.0,142.459,0.0,0.97433877
16905.44,100.0,138.20534,0.0,0.956532
16905.64,100.0,142.39308,0.0,0.85342026
16905.84,100.0,133.77502,0.0,1.0684714
16906.04,100.0,129.77982,0.0,1.136805
16906.24,100.0,129.70589,0.0,1.1279123
16906.44,100.0,133.29193,0.0,1.0923069
16906.64,100.0,130.04123,0.0,1.0568819
16906.84,100.0,127.48074,0.0,1.0744307
16907.04,100.0,105.262314,0.0,1.5674994
16907.24,100.0,111.96426,0.0,1.2432001
16907.44,100.0,103.82471,0.0,1.7739477
16907.64,100.0,110.18508,0.0,1.3052728
16907.84,100.0,107.36661,0.0,1.5953221
16908.04,100.0,114.89607,0.0,1.208386
16908.24,100.0,104.561554,0.0,1.6313891
16908.44,100.0,118.593796,0.0,1.5785992
16908.64,100.0,106.09814,0.0,1.8091407
16908.84,100.0,109.12059,0.0,1.5558009
16909.04,100.0,111.52132,0.0,1.9330516
16909.24,100.0,99.86995,0.0,1.6706812
16909.44,100.0,106.94704,0.0,1.8514547
16909.64,100.0,119.862076,0.0,1.34605
16909.84,100.0,118.881996,0.0,1.5994558
16910.04,100.0,102.84886,0.0,1.871232
16910.24,100.0,104.01498,0.0,1.6610692
16910.44,100.0,99.09093,0.0,1.7443342
16910.64,100.0,93.500244,0.0,1.8726842
16910.84,100.0,99.65842,0.0,1.5243921
16911.04,100.0,99.05199,0.0,1.6682267
16911.24,100.0,105.81936,0.0,1.3954501
16911.44,100.0,100.12392,0.0,1.5380476
16911.64,100.0,93.744125,0.0,1.4538898
16911.84,100.0,95.92158,0.0,1.7005045
16912.04,100.0,97.96787,0.0,1.7372587
16912.24,100.0,93.490845,0.0,1.7520971
16912.44,100.0,103.68275,0.0,1.5093608
16912.64,100.0,113.96735,0.0,1.386956
16912.84,100.0,103.42164,0.0,1.667098
16913.04,100.0,100.59996,0.0,1.5930417
16913.24,100.0,92.08534,0.0,1.823926
16913.44,100.0,93.54598,0.0,1.7859166
16913.64,100.0,101.01148,0.0,1.55551
16913.84,100.0,113.576866,0.0,1.7259417
16914.04,100.0,109.83404,0.0,1.7508216
16914.24,100.0,105.852264,0.0,1.6788507
16914.44,100.0,109.700676,0.0,1.4919322
16914.64,100.0,99.1947,0.0,1.7814095
16914.84,100.0,88.21069,0.0,2.3966112
16915.04,100.0,103.55772,0.0,1.4301045
16915.24,100.0,108.01279,0.0,1.8127453
16915.44,100.0,90.30009,0.0,2.020448
16915.64,100.0,95.184135,0.0,1.923893
16915.84,100.0,100.46542,0.0,1.8583183
16916.04,100.0,93.69258,0.0,2.0483277
16916.24,100.0,97.18022,0.0,1.9874445
16916.44,100.0,93.77445,0.0,2.061182
16916.64,100.0,92.68927,0.0,1.7246659
16916.84,100.0,98.44823,0.0,1.8618519
16917.04,100.0,92.18121,0.0,1.9712005
16917.24,100.0,106.87737,0.0,1.7517943
16917.44,100.0,100.622635,0.0,1.8170464
16917.64,100.0,89.820274,0.0,2.099991
16917.84,100.0,99.57192,0.0,1.8214309
16918.04,100.0,90.55791,0.0,2.1973557
16918.24,100.0,91.65379,0.0,2.080883
16918.44,100.0,94.657074,0.0,2.4169693
16918.64,100.0,94.15231,0.0,2.0885038
16918.84,100.0,91.33717,0.0,2.151649
16919.04,100.0,94.59511,0.0,1.953011
16919.24,100.0,88.81582,0.0,2.4824824
16919.44,100.0,93.11057,0.0,2.3356233
16919.64,100.0,97.007866,0.0,1.9370788
16919.84,100.0,92.61102,0.0,1.882895
16920.04,100.0,90.42537,0.0,2.1633592
16920.24,100.0,90.98447,0.0,1.9959563
16920.44,100.0,93.74663,0.0,1.9752703
16920.64,100.0,95.93536,0.0,1.6829798
16920.84,100.0,93.264336,0.0,1.723556
16921.04,100.0,90.18841,0.0,1.6587892
16921.24,100.0,107.27463,0.0,1.3922307
16921.44,100.0,83.08128,0.0,2.1050377
16921.64,100.0,85.59813,0.0,2.5099263
16921.84,100.0,85.93437,0.0,1.8625085
16922.04,100.0,85.62738,0.0,2.013689
16922.24,100.0,82.261536,0.0,2.3389907
16922.44,100.0,102.47926,0.0,1.7553148
16922.64,100.0,97.05538,0.0,2.532566
16922.84,100.0,100.425095,0.0,1.46502
16923.04,100.0,101.73217,0.0,1.663831
16923.24,100.0,91.18727,0.0,2.2444825
16923.44,100.0,98.08328,0.0,1.8232064
16923.64,100.0,97.33337,0.0,1.9000671
16923.84,100.0,100.65589,0.0,1.5823903
16924.04,100.0,90.82572,0.0,1.9961509
16924.24,100.0,91.25693,0.0,2.0190592
16924.44,100.0,102.187035,0.0,1.2101085
16924.64,100.0,100.30937,0.0,1.3318772
16924.84,100.0,97.26228,0.0,1.499136
16925.04,100.0,92.88837,0.0,1.280093
16925.24,100.0,89.72776,0.0,1.5482149
16925.44,100.0,95.61348,0.0,1.2498972
16925.64,100.0,90.29717,0.0,1.646913
16925.84,100.0,87.47906,0.0,1.3344259
16926.04,100.0,100.10336,0.0,1.3476045
16926.24,100.0,94.72151,0.0,1.5126615
16926.44,100.0,93.4839,0.0,1.4017661
16926.64,100.0,97.99673,0.0,1.2790227
16926.84,100.0,101.68586,0.0,1.04759
16927.04,100.0,92.59847,0.0,1.0473039
16927.24,100.0,91.81744,0.0,1.2301118
16927.44,100.0,95.82427,0.0,1.0845892
16927.64,100.0,92.59866,0.0,1.1332359
16927.84,100.0,92.803955,0.0,1.07759
16928.04,100.0,97.31984,0.0,1.1306221
16928.24,100.0,89.62822,0.0,1.1191883
16928.44,100.0,93.75537,0.0,0.85673165
16928.64,100.0,90.76529,0.0,1.4131124
16928.84,100.0,96.97937,0.0,1.1405156
16929.04,100.0,91.587364,0.0,1.0025902
16929.24,100.0,95.9883,0.0,1.0393417
16929.44,100.0,93.062256,0.0,0.8709297
16929.64,100.0,95.42095,0.0,0.81320906
16929.84,100.0,88.901474,0.0,0.98990226
16930.04,100.0,105.38443,0.0,1.1433005
16930.24,100.0,90.977264,0.0,0.8679023
16930.44,100.0,98.74858,0.0,0.6518593
16930.64,100.0,92.57858,0.0,0.7460096
16930.84,100.0,97.81749,0.0,0.7138126
16931.04,100.0,89.68837,0.0,0.7492509
16931.24,100.0,92.57267,0.0,0.9918046
16931.44,100.0,99.127464,0.0,0.6369591
16931.64,100.0,93.84366,0.0,0.6770799
16931.84,100.0,94.32246,0.0,0.9898703
16932.04,100.0,97.33105,0.0,0.42179894
16932.24,100.0,88.25627,0.0,0.73546934
16932.44,100.0,92.62907,0.0,0.83818865
16932.64,100.0,89.43802,0.0,0.4921534
16932.84,100.0,95.26329,0.0,0.52387667
16933.04,100.0,93.28761,0.0,0.58238316
16933.24,100.0,92.22034,0.0,0.514117
16933.44,100.0,88.57451,0.0,0.72464204
16933.64,100.0,79.29258,0.0,0.561846
16933.84,100.0,89.08563,0.0,0.6738982
16934.04,100.0,91.76659,0.0,0.5901356
16934.24,100.0,89.69417,0.0,0.4105246
16934.44,100.0,93.20126,0.0,0.72554374
16934.64,100.0,93.84326,0.0,0.7254944
16934.84,100.0,92.08195,0.0,0.72598433
16935.04,100.0,90.00486,0.0,0.43858814
16935.24,100.0,91.71849,0.0,0.38832974
16935.44,100.0,83.53859,0.0,0.9351907
16935.64,100.0,90.43344,0.0,1.4476595
16935.84,100.0,91.86136,0.0,0.37127757
16936.04,100.0,89.671814,0.0,0.32221413
16936.24,100.0,99.91997,0.0,0.43863845
16936.44,100.0,96.326614,0.0,0.31327724
16936.64,100.0,93.11026,0.0,0.83239365
16936.84,100.0,92.6973,0.0,0.40238953
16937.04,100.0,91.31817,0.0,0.10931373
16937.24,100.0,91.22425,0.0,0.17612004
16937.44,100.0,85.69795,0.0,0.20572686
16937.64,100.0,85.36196,0.0,0.63522434
16937.84,100.0,89.94246,0.0,0.8574929
16938.04,100.0,90.24112,0.0,0.5048654
16938.24,100.0,97.33635,0.0,0.042915344
16938.44,100.0,90.63868,0.0,0.016441822
16938.64,100.0,93.13501,0.0,0.26663375
16938.84,100.0,103.7544,0.0,0.29670286
16939.04,100.0,93.419235,0.0,0.06134987
16939.24,100.0,98.93431,0.0,0.16142249
16939.44,100.0,94.52652,0.0,0.15084481
16939.64,100.0,95.95998,0.0,0.09371424
16939.84,100.0,91.931015,0.0,0.24105883
16940.04,100.0,95.1389,0.0,0.1376872
16940.24,100.0,94.79346,0.0,-0.0057594776
16940.44,100.0,91.73527,0.0,-0.053471804
16940.64,100.0,98.61002,0.0,0.06368518
16940.84,100.0,86.62575,0.0,0.0039823055
16941.04,100.0,95.53625,0.0,-0.015621901
16941.24,100.0,99.30881,0.0,-0.0025069714
16941.44,100.0,95.516815,0.0,0.07936597
16941.64,100.0,92.83074,0.0,-0.10029268
16941.84,100.0,96.681625,0.0,0.012024641
16942.04,100.0,95.452515,0.0,-0.13158226
16942.24,100.0,91.01065,0.0,-0.0057082176
16942.44,100.0,96.833984,0.0,-0.1410284
16942.64,100.0,94.79467,0.0,-0.13720751
16942.84,100.0,97.99493,0.0,-0.19751215
16943.04,100.0,88.40092,0.0,-0.20782423
16943.24,100.0,98.52274,0.0,-0.22141695
16943.44,100.0,94.69129,0.0,-0.08224344
16943.64,100.0,99.51602,0.0,-0.2151823
16943.84,100.0,91.927315,0.0,-0.18666649
16944.04,100.0,108.604355,0.0,-0.11487484
16944.24,100.0,94.43904,0.0,-0.2813282
16944.44,100.0,89.8866,0.0,-0.20220137
16944.64,100.0,93.71361,0.0,-0.20042372
16944.84,100.0,102.48955,0.0,-0.10526276
16945.04,100.0,91.45841,0.0,-0.31333256
16945.24,100.0,100.90677,0.0,-0.14893675
16945.44,100.0,105.16308,0.0,-0.115027905
16945.64,100.0,99.34891,0.0,-0.23003006
16945.84,100.0,98.8059,0.0,-0.15191793
16946.04,100.0,103.066895,0.0,-0.1901455
16946.24,100.0,95.82566,0.0,-0.09320927
16946.44,100.0,98.45238,0.0,-0.25699043
16946.64,100.0,101.82337,0.0,-0.17310667
16946.84,100.0,101.74025,0.0,-0.1733551
16947.04,100.0,95.53061,0.0,-0.04127693
16947.24,100.0,89.35265,0.0,0.046028376
16947.44,100.0,101.9494,0.0,-0.13323307
16947.64,100.0,99.53426,0.0,-0.22626638
16947.84,100.0,97.04226,0.0,-0.27230263
16948.04,100.0,97.11978,0.0,-0.2971921
16948.24,100.0,103.35052,0.0,-0.20192385
16948.44,100.0,99.61679,0.0,-0.25356817
16948.64,100.0,96.82832,0.0,-0.21705484
16948.84,100.0,101.96562,0.0,-0.2610283
16949.04,100.0,95.7913,0.0,-0.27786016
16949.24,100.0,97.103294,0.0,-0.2536235
16949.44,100.0,96.79364,0.0,-0.30975294
16949.64,100.0,97.03685,0.0,-0.2898488
16949.84,100.0,102.32336,0.0,-0.27908516
16950.04,100.0,98.0163,0.0,-0.24927759
16950.24,100.0,102.62982,0.0,-0.28458786
16950.44,100.0,109.46569,0.0,-0.19800854
16950.64,100.0,100.695786,0.0,-0.31247377
16950.84,100.0,103.08227,0.0,-0.27145147
16951.04,100.0,102.163506,10.0,-0.2781415
16951.24,100.0,90.334496,10.0,-0.40854502
16951.44,100.0,94.73731,10.0,-0.31834555
16951.64,100.0,96.07678,10.0,-0.15816212
16951.84,100.0,97.848724,10.0,-0.39215183
16952.04,100.0,95.1576,10.0,-0.35775852
16952.24,100.0,103.63349,10.0,-0.3252864
16952.44,100.0,91.5841,10.0,-0.3796897
16952.64,100.0,100.877785,10.0,-0.2077918
16952.84,100.0,96.27931,10.0,-0.3503909
16953.04,100.0,97.68245,10.0,-0.35355568
16953.24,100.0,97.77255,10.0,-0.35803175
16953.44,100.0,96.828415,10.0,-0.35122633
16953.64,100.0,95.61746,10.0,-0.42054796
16953.84,100.0,97.776535,10.0,-0.32093763
16954.04,100.0,93.69668,10.0,-0.3893156
16954.24,100.0,95.61578,10.0,-0.34770823
16954.44,100.0,92.311295,10.0,-0.4609847
16954.64,100.0,101.602356,10.0,-0.2803445
16954.84,100.0,94.72124,10.0,-0.44324732
16955.04,100.0,98.32784,10.0,-0.3271556
16955.24,100.0,102.75263,10.0,-0.33604288
16955.44,100.0,101.55045,10.0,-0.33021545
16955.64,100.0,98.57349,10.0,-0.3560176
16955.84,100.0,97.9301,10.0,-0.36011553
16956.04,100.0,96.24142,10.0,-0.4167695
16956.24,100.0,102.76525,10.0,-0.26087427
16956.44,100.0,94.35942,10.0,-0.40340805
16956.64,100.0,101.51933,10.0,-0.32651758
16956.84,100.0,102.05388,10.0,-0.2878995
16957.04,100.0,96.84539,10.0,-0.37085533
16957.24,100.0,102.67996,10.0,-0.36694908
16957.44,100.0,97.94461,10.0,-0.34184074
16957.64,100.0,91.84949,10.0,-0.51056385
16957.84,100.0,89.12416,10.0,-0.5064225
16958.04,100.0,99.498634,10.0,-0.32421207
16958.24,100.0,98.25447,10.0,-0.36684465
16958.44,100.0,97.15892,10.0,-0.35463905
16958.64,100.0,98.88008,10.0,-0.40278053
16958.84,100.0,98.23143,10.0,-0.37448263
16959.04,100.0,99.07575,10.0,-0.31576967
16959.24,100.0,88.82488,10.0,-0.4833145
16959.44,100.0,101.38618,10.0,-0.30342054
16959.64,100.0,97.14818,10.0,-0.36649704
16959.84,100.0,99.72905,10.0,-0.30324745
16960.04,100.0,98.21855,10.0,-0.41230488
16960.24,100.0,98.35253,10.0,-0.2975011
16960.44,100.0,96.0117,10.0,-0.3830328
16960.64,100.0,95.85101,10.0,-0.45406485
16960.84,100.0,98.4403,10.0,-0.350914
16961.04,100.0,96.00817,10.0,-0.3810873
16961.24,100.0,98.70726,10.0,-0.3357272
16961.44,100.0,94.79916,10.0,-0.2844801
16961.64,100.0,97.571526,10.0,-0.4044752
16961.84,100.0,98.06452,10.0,-0.3566637
16962.04,100.0,102.29027,10.0,-0.34916067
16962.24,100.0,101.648735,10.0,-0.3175969
16962.44,100.0,96.81815,10.0,-0.36410236
16962.64,100.0,96.554634,10.0,-0.46515465
16962.84,100.0,98.70828,10.0,-0.3573246
16963.04,100.0,99.702995,10.0,-0.32558775
16963.24,100.0,97.104645,10.0,-0.44984102
16963.44,100.0,96.2404,10.0,-0.43391848
16963.64,100.0,103.00195,10.0,-0.3314147
16963.84,100.0,94.84396,10.0,-0.42248726
16964.04,100.0,93.18099,10.0,-0.5284486
16964.24,100.0,93.64057,10.0,-0.4417596
16964.44,100.0,99.53737,10.0,-0.3823886
16964.64,100.0,93.49503,10.0,-0.42794514
16964.84,100.0,105.11186,10.0,-0.2533183
16965.04,100.0,95.78444,10.0,-0.28494406
16965.24,100.0,97.0034,10.0,-0.463614
16965.44,100.0,99.68883,10.0,-0.38583088
16965.64,100.0,100.25133,10.0,-0.32377577
16965.84,100.0,95.54707,10.0,-0.45762253
16966.04,100.0,97.92926,10.0,-0.44159794
16966.24,100.0,97.830215,10.0,-0.31868267
16966.44,100.0,89.23418,10.0,-0.5371518
16966.64,100.0,93.54728,10.0,-0.48092508
16966.84,100.0,95.26361,10.0,-0.40528917
16967.04,100.0,96.23655,10.0,-0.3967471
16967.24,100.0,95.60596,10.0,-0.47148943
16967.44,100.0,101.12155,10.0,-0.38175917
16967.64,100.0,95.28526,10.0,-0.43361712
16967.84,100.0,96.71586,10.0,-0.45605516
16968.04,100.0,91.03471,10.0,-0.53003263
16968.24,100.0,95.40587,10.0,-0.40510273
16968.44,100.0,90.10559,10.0,-0.44015646
16968.64,100.0,91.89444,10.0,-0.5300317
16968.84,100.0,96.25661,10.0,-0.4442253
16969.04,100.0,101.60942,10.0,-0.32923698
16969.24,100.0,89.962166,10.0,-0.55844355
16969.44,100.0,93.20688,10.0,-0.5170746
16969.64,100.0,91.6373,10.0,-0.46117973
16969.84,100.0,90.10054,10.0,-0.5579419
16970.04,100.0,84.48625,10.0,-0.57586765
16970.24,100.0,95.96397,10.0,-0.3469243
16970.44,100.0,84.934425,10.0,-0.55019474
16970.64,100.0,94.162125,10.0,-0.38563824
16970.84,100.0,89.57618,10.0,-0.51059055
16971.04,100.0,97.7127,10.0,-0.48798418
16971.24,100.0,81.11722,10.0,-0.57571554
16971.44,100.0,90.918625,10.0,-0.45212984
16971.64,100.0,93.10077,10.0,-0.48278046
16971.84,100.0,89.158615,10.0,-0.53273726
16972.04,100.0,85.759926,10.0,-0.5089803
16972.24,100.0,92.27034,10.0,-0.53619194
16972.44,100.0,91.49208,10.0,-0.5349169
16972.64,100.0,86.42691,10.0,-0.5459175
16972.84,100.0,94.01828,10.0,-0.34464216
16973.04,100.0,91.68087,10.0,-0.3766837
16973.24,100.0,86.87197,10.0,-0.47089767
16973.44,100.0,85.27092,10.0,-0.5369601
16973.64,100.0,84.937614,10.0,-0.5582347
16973.84,100.0,74.37964,10.0,-0.508831
16974.04,100.0,84.23162,10.0,-0.5955939
16974.24,100.0,89.6585,10.0,-0.40224218
16974.44,100.0,76.27448,10.0,-0.68604136
16974.64,100.0,87.07858,10.0,-0.505301
16974.84,100.0,92.55583,10.0,-0.41821384
16975.04,100.0,78.74446,10.0,-0.6022253
16975.24,100.0,88.16286,10.0,-0.49785376
16975.44,100.0,77.288155,10.0,-0.6656246
16975.64,100.0,85.50694,10.0,-0.5310459
16975.84,100.0,81.29536,10.0,-0.54722977
16976.04,100.0,78.97698,10.0,-0.51205826
16976.24,100.0,77.23816,10.0,-0.6012845
16976.44,100.0,83.30466,10.0,-0.555789
16976.64,100.0,78.68601,10.0,-0.5360441
16976.84,100.0,78.76187,10.0,-0.53493977
16977.04,100.0,82.504456,10.0,-0.51079464
16977.24,100.0,75.94212,10.0,-0.49078894
16977.44,100.0,82.968735,10.0,-0.49009562
16977.64,100.0,80.77585,10.0,-0.55351305
16977.84,100.0,78.01987,10.0,-0.5468912
16978.04,100.0,75.398094,10.0,-0.65149546
16978.24,100.0,69.70662,10.0,-0.69063044
16978.44,100.0,77.82577,10.0,-0.686419
16978.64,100.0,75.43024,10.0,-0.7093835
16978.84,100.0,75.63963,10.0,-0.7003665
16979.04,100.0,62.24587,10.0,-0.82113934
16979.24,100.0,83.162415,10.0,-0.59880924
16979.44,100.0,64.626945,10.0,-0.84287643
16979.64,100.0,75.03483,10.0,-0.7195282
16979.84,100.0,77.86606,10.0,-0.6711316
16980.04,100.0,75.32419,10.0,-0.65619946
16980.24,100.0,74.00601,10.0,-0.69362545
16980.44,100.0,75.07992,10.0,-0.67930794
16980.64,100.0,69.38102,10.0,-0.6577549
16980.84,100.0,72.976776,10.0,-0.7426367
16981.04,100.0,72.574104,10.0,-0.5045953
16981.24,100.0,74.49224,10.0,-0.7341156
16981.44,100.0,72.726524,10.0,-0.61178017
16981.64,100.0,64.644226,10.0,-0.8485522
16981.84,100.0,73.96927,10.0,-0.72006273
16982.04,100.0,67.78925,10.0,-0.85246086
16982.24,100.0,58.88822,10.0,-0.7439475
16982.44,100.0,68.169945,10.0,-0.8727732
16982.64,100.0,62.50923,10.0,-0.763247
16982.84,100.0,79.09485,10.0,-0.6440711
16983.04,100.0,63.679596,10.0,-0.812202
16983.24,100.0,61.566887,10.0,-0.7527633
16983.44,100.0,73.905876,10.0,-0.7629962
16983.64,100.0,72.74396,10.0,-0.67973804
16983.84,100.0,60.00691,10.0,-0.8677769
16984.04,100.0,53.491676,10.0,-0.84049845
16984.24,100.0,62.630394,10.0,-0.8520236
16984.44,100.0,60.936356,10.0,-0.8103814
16984.64,100.0,61.52484,10.0,-0.89746714
16984.84,100.0,69.589645,10.0,-0.8351202
16985.04,100.0,56.614624,10.0,-0.758656
16985.24,100.0,63.6545,10.0,-0.89561987
16985.44,100.0,64.044624,10.0,-0.74517107
16985.64,100.0,56.674664,10.0,-0.89984274
16985.84,100.0,58.83266,10.0,-0.87715197
16986.04,100.0,61.321022,10.0,-0.7835164
16986.24,100.0,58.951534,10.0,-0.8757534
16986.44,100.0,60.37503,10.0,-0.8715105
16986.64,100.0,57.76707,10.0,-0.76301575
16986.84,100.0,60.363903,10.0,-0.8628688
16987.04,100.0,63.322044,10.0,-0.89228487
16987.24,100.0,55.53427,10.0,-0.9045992
16987.44,100.0,62.05038,10.0,-0.8916807
16987.64,100.0,61.80516,10.0,-0.83280754
16987.84,100.0,64.65378,10.0,-0.84721994
16988.04,100.0,45.03495,10.0,-0.9333091
16988.24,100.0,54.930748,10.0,-0.7921343
16988.44,100.0,58.68152,10.0,-0.86216736
16988.64,100.0,51.552467,10.0,-0.94099474
16988.84,100.0,55.617237,10.0,-0.7947874
16989.04,100.0,52.721992,10.0,-0.87130594
16989.24,100.0,47.417168,10.0,-0.8630805
16989.44,100.0,52.783066,10.0,-0.9610634
16989.64,100.0,52.166122,10.0,-0.9326105
16989.84,100.0,52.3394,10.0,-0.9698858
16990.04,100.0,45.35686,10.0,-0.8353119
16990.24,100.0,47.250603,10.0,-0.9748888
16990.44,100.0,46.8497,10.0,-0.8593025
16990.64,100.0,55.59214,10.0,-0.62499523
16990.84,100.0,51.251457,10.0,-0.61398506
16991.04,100.0,48.647827,10.0,-0.95897055
16991.24,100.0,47.99292,10.0,-0.89650345
16991.44,100.0,48.330276,10.0,-0.90623045
16991.64,100.0,41.544533,10.0,-0.6626067
16991.84,100.0,46.490593,10.0,-0.744792
16992.04,100.0,45.279907,10.0,-0.8217697
16992.24,100.0,37.234436,10.0,-0.8811021
16992.44,100.0,43.72017,10.0,-0.8350892
16992.64,100.0,41.629158,10.0,-0.89661884
16992.84,100.0,47.963074,10.0,-0.61528206
16993.04,100.0,49.9466,10.0,-0.2920184
16993.24,100.0,48.552086,10.0,-0.16416883
16993.44,100.0,58.79268,10.0,0.88053465
16993.64,100.0,49.665466,10.0,0.116624594
16993.84,100.0,61.892662,10.0,0.78799343
16994.04,100.0,62.620075,10.0,1.743376
16994.24,100.0,65.49118,10.0,1.5248094
16994.44,100.0,59.502373,10.0,1.5844426
16994.64,100.0,57.656918,10.0,1.1714699
16994.84,100.0,66.401474,10.0,2.2305436
16995.04,100.0,66.88027,10.0,2.2972312
16995.24,100.0,73.67588,10.0,3.7564259
16995.44,100.0,70.63579,10.0,3.7989042
16995.64,100.0,78.925415,10.0,3.5605636
16995.84,100.0,81.633865,10.0,4.59004
16996.04,100.0,72.30618,10.0,3.5611677
16996.24,100.0,79.7368,10.0,4.153146
16996.44,100.0,83.927956,10.0,5.1287208
16996.64,100.0,81.95032,10.0,5.265332
16996.84,100.0,76.1998,10.0,5.125972
16997.04,100.0,87.91417,10.0,5.251071
16997.24,100.0,82.0566,10.0,5.571267
16997.44,100.0,82.37954,10.0,4.988029
16997.64,100.0,86.75914,10.0,5.2218175
16997.84,100.0,85.91298,10.0,5.5274715
16998.04,100.0,80.484505,10.0,5.5746536
16998.24,100.0,89.20086,10.0,5.6597276
16998.44,100.0,91.60158,10.0,5.5301223
16998.64,100.0,88.76755,10.0,5.7244873
16998.84,100.0,91.41005,10.0,6.188009
16999.04,100.0,92.683105,10.0,6.031602
16999.24,100.0,88.7211,10.0,6.0643888
16999.44,100.0,86.72761,10.0,6.52081
16999.64,100.0,89.41147,10.0,6.4173746
16999.84,100.0,88.77108,10.0,6.439057
17000.04,100.0,92.97131,10.0,6.3072214
17000.24,100.0,91.686,10.0,6.5487003
17000.44,100.0,89.9572,10.0,6.629706
17000.64,100.0,91.71416,10.0,6.6843233
17000.84,100.0,93.285576,10.0,6.510189
17001.04,100.0,91.35334,10.0,6.692794
17001.24,100.0,87.23871,10.0,6.75262
17001.44,100.0,92.87668,10.0,6.71766
17001.64,100.0,93.26053,10.0,6.7882767
17001.84,100.0,92.67958,10.0,6.842019
17002.04,100.0,92.08138,10.0,6.7455277
17002.24,100.0,90.599655,10.0,6.704156
17002.44,100.0,90.08849,10.0,6.942795
17002.64,100.0,96.821754,10.0,6.977788
17002.84,100.0,94.50359,10.0,6.9544787
17003.04,100.0,97.68863,10.0,6.894492
17003.24,100.0,97.3982,10.0,6.942171
17003.44,100.0,95.08975,10.0,7.056077
17003.64,100.0,93.93796,10.0,7.253001
17003.84,100.0,88.36163,10.0,7.2923765
17004.04,100.0,89.64652,10.0,7.485715
17004.24,100.0,100.03456,10.0,7.4400454
17004.44,100.0,96.94525,10.0,7.450757
17004.64,100.0,96.50094,10.0,7.5090327
17004.84,100.0,97.68087,10.0,7.566188
17005.04,100.0,93.52758,10.0,7.392108
17005.24,100.0,92.32205,10.0,7.2335634
17005.44,100.0,95.69762,10.0,7.4451222
17005.64,100.0,93.275764,10.0,7.651345
17005.84,100.0,94.38384,10.0,7.5233955
17006.04,100.0,93.3981,10.0,7.6501074
17006.24,100.0,90.28674,10.0,7.584796
17006.44,100.0,93.291626,10.0,7.606752
17006.64,100.0,93.80818,10.0,7.4741764
17006.84,100.0,96.17119,10.0,7.4923496
17007.04,100.0,89.4637,10.0,7.89305
17007.24,100.0,99.307785,10.0,7.6239886
17007.44,100.0,101.73979,10.0,7.401705
17007.64,100.0,98.38431,10.0,7.6005726
17007.84,100.0,91.076645,10.0,7.7041445
17008.04,100.0,92.33107,10.0,7.3689184
17008.24,100.0,98.025696,10.0,7.631073
17008.44,100.0,91.90709,10.0,7.573772
17008.64,100.0,92.82059,10.0,7.633548
17008.84,100.0,98.47972,10.0,7.3919296
17009.04,100.0,91.33157,10.0,7.591756
17009.24,100.0,89.10688,10.0,7.587598
17009.44,100.0,103.930695,10.0,7.13189
17009.64,100.0,89.57059,10.0,7.5286126
17009.84,100.0,92.455956,10.0,7.9095798
17010.04,100.0,99.96251,10.0,7.378436
17010.24,100.0,94.51745,10.0,7.559652
17010.44,100.0,88.45063,10.0,7.736601
17010.64,100.0,98.69356,10.0,7.4112825
17010.84,100.0,95.306046,10.0,7.515567
17011.04,100.0,96.98479,10.0,7.4542513
17011.24,100.0,98.0615,10.0,7.3524456
17011.44,100.0,99.26086,10.0,7.3173504
17011.64,100.0,94.03965,10.0,7.5401926
17011.84,100.0,92.11992,10.0,7.418023
17012.04,100.0,88.17243,10.0,7.4192715
17012.24,100.0,93.90846,10.0,7.3883553
17012.44,100.0,96.82061,10.0,7.2678127
17012.64,100.0,95.47625,10.0,7.618108
17012.84,100.0,93.26756,10.0,7.3247795
17013.04,100.0,92.8381,10.0,7.5462847
17013.24,100.0,100.6664,10.0,7.5588655
17013.44,100.0,95.9251,10.0,7.345482
17013.64,100.0,99.36341,10.0,7.324705
17013.84,100.0,95.20613,10.0,7.423991
17014.04,100.0,96.26355,10.0,7.404455
17014.24,100.0,96.33858,10.0,7.3803644
17014.44,100.0,105.011765,10.0,7.2786274
17014.64,100.0,94.12383,10.0,7.316537
17014.84,100.0,98.051575,10.0,7.3227806
17015.04,100.0,93.12046,10.0,7.230055
17015.24,100.0,95.44106,10.0,7.4681883
17015.44,100.0,94.03976,10.0,7.3709555
17015.64,100.0,94.208115,10.0,7.3242736
17015.84,100.0,92.5492,10.0,7.445298
17016.04,100.0,94.67765,10.0,7.5090218
17016.24,100.0,93.20618,10.0,7.529172
17016.44,100.0,94.87471,10.0,7.4825516
17016.64,100.0,98.82899,10.0,7.2774544
17016.84,100.0,90.05818,10.0,7.4597406
17017.04,100.0,97.986916,10.0,7.1730814
17017.24,100.0,94.46984,10.0,7.4559793
17017.44,100.0,94.408615,10.0,7.4426136
17017.64,100.0,92.57968,10.0,7.350786
17017.84,100.0,92.98584,10.0,7.6011524
17018.04,100.0,94.8932,10.0,7.3323846
17018.24,100.0,92.92597,10.0,7.672147
17018.44,100.0,92.20297,10.0,7.428341
17018.64,100.0,91.787346,10.0,7.68979
17018.84,100.0,92.96188,10.0,7.546297
17019.04,100.0,101.06465,10.0,7.500702
17019.24,100.0,93.013985,10.0,7.6452446
17019.44,100.0,95.45793,10.0,7.7477016
17019.64,100.0,94.61136,10.0,7.5075817
17019.84,100.0,98.442215,10.0,7.468972
17020.04,100.0,90.16655,10.0,7.587406
17020.24,100.0,93.81859,10.0,7.396886
17020.44,100.0,90.63616,10.0,7.5468245
17020.64,100.0,89.191284,10.0,7.6151953
17020.84,100.0,91.41053,10.0,7.319713
17021.04,100.0,87.80504,10.0,7.765209
17021.24,100.0,93.92106,10.0,7.7867746
17021.44,100.0,92.23696,10.0,7.694766
17021.64,100.0,90.326706,10.0,7.6352043
17021.84,100.0,90.53252,10.0,7.769438
17022.04,100.0,89.399284,10.0,7.4896526
17022.24,100.0,92.49281,10.0,7.7458467
17022.44,100.0,96.90417,10.0,7.406952
17022.64,100.0,99.20395,10.0,7.453953
17022.84,100.0,88.46895,10.0,7.614962
17023.04,100.0,99.386154,10.0,7.576569
17023.24,100.0,91.20765,10.0,7.605147
17023.44,100.0,91.4537,10.0,7.8029222
17023.64,100.0,97.569885,10.0,7.6976385
17023.84,100.0,96.81204,10.0,7.3797617
17024.04,100.0,90.30898,10.0,7.7381067
17024.24,100.0,89.929,10.0,7.978013
17024.44,100.0,89.31384,10.0,7.923055
17024.64,100.0,88.69285,10.0,7.827235
17024.84,100.0,90.87901,10.0,7.937697
17025.04,100.0,90.75188,10.0,7.8600383
17025.24,100.0,95.11425,10.0,7.7704897
17025.44,100.0,90.575325,10.0,7.8826513
17025.64,100.0,93.05853,10.0,7.8363276
17025.84,100.0,92.23463,10.0,7.817236
17026.04,100.0,94.141396,10.0,7.9194245
17026.24,100.0,95.62819,10.0,7.8448668
17026.44,100.0,90.59657,10.0,8.129738
17026.64,100.0,91.57512,10.0,8.219476
17026.84,100.0,91.3395,10.0,7.998338
17027.04,100.0,85.680374,10.0,8.082699
17027.24,100.0,92.867065,10.0,8.003242
17027.44,100.0,96.80724,10.0,7.8538733
17027.64,100.0,93.81439,10.0,7.964668
17027.84,100.0,95.81656,10.0,8.007608
17028.04,100.0,92.06486,10.0,8.024399
17028.24,100.0,86.99312,10.0,8.360674
17028.44,100.0,86.83685,10.0,8.31307
17028.64,100.0,89.74578,10.0,8.146721
17028.84,100.0,84.37082,10.0,8.252819
17029.04,100.0,87.888176,10.0,8.260374
17029.24,100.0,95.62712,10.0,8.278252
17029.44,100.0,89.127975,10.0,8.243637
17029.64,100.0,92.21866,10.0,8.259189
17029.84,100.0,92.80449,10.0,8.228415
17030.04,100.0,96.041,10.0,8.248991
17030.24,100.0,92.41008,10.0,8.191692
17030.44,100.0,94.98033,10.0,8.049403
17030.64,100.0,94.03079,10.0,8.20178
17030.84,100.0,92.57316,10.0,8.292652
17031.04,100.0,94.324615,10.0,8.145847
17031.24,100.0,93.33177,10.0,8.401346
17031.44,100.0,88.60075,10.0,8.324923
17031.64,100.0,88.52387,10.0,8.50152
17031.84,100.0,88.25702,10.0,8.250599
17032.04,100.0,90.91388,10.0,8.451633
17032.24,100.0,89.34865,10.0,8.378498
17032.44,100.0,93.39524,10.0,8.51791
17032.64,100.0,94.12746,10.0,8.165169
17032.84,100.0,91.271065,10.0,8.324247
17033.04,100.0,92.05828,10.0,8.419362
17033.24,100.0,94.16925,10.0,8.360162
17033.44,100.0,91.29772,10.0,8.375763
17033.64,100.0,91.784386,10.0,8.379164
17033.84,100.0,96.24713,10.0,8.437399
17034.04,100.0,90.170975,10.0,8.3461685
17034.24,100.0,90.313965,10.0,8.604247
17034.44,100.0,89.78587,10.0,8.492367
17034.64,100.0,86.88126,10.0,8.823021
17034.84,100.0,89.159256,10.0,8.401054
17035.04,100.0,91.350586,10.0,8.564934
17035.24,100.0,93.60873,10.0,8.535232
17035.44,100.0,85.90552,10.0,8.474747
17035.64,100.0,88.83439,10.0,8.532022
17035.84,100.0,91.05618,10.0,8.50581
17036.04,100.0,92.75076,10.0,8.363995
17036.24,100.0,92.26567,10.0,8.485746
17036.44,100.0,94.23115,10.0,8.497242
17036.64,100.0,93.34732,10.0,8.387854
17036.84,100.0,90.596725,10.0,8.54583
17037.04,100.0,92.37201,10.0,8.743603
17037.24,100.0,89.71505,10.0,8.394585
17037.44,100.0,91.906166,10.0,8.698211
17037.64,100.0,90.27254,10.0,8.466742
17037.84,100.0,93.743195,10.0,8.6017885
17038.04,100.0,92.25865,10.0,8.460353
17038.24,100.0,90.502655,10.0,8.413638
17038.44,100.0,85.78386,10.0,8.646736
17038.64,100.0,90.89186,10.0,8.698041
17038.84,100.0,90.837234,10.0,8.49666
17039.04,100.0,95.500854,10.0,8.6179905
17039.24,100.0,97.19992,10.0,8.632559
17039.44,100.0,94.26658,10.0,8.726083
17039.64,100.0,94.06775,10.0,8.757179
17039.84,100.0,91.18557,10.0,8.72077
17040.04,100.0,89.448654,10.0,8.540485
17040.24,100.0,89.83435,10.0,8.756542
17040.44,100.0,92.09208,10.0,8.487776
17040.64,100.0,87.26143,10.0,8.7010145
17040.84,100.0,91.36342,10.0,8.409218
17041.04,100.0,90.21401,10.0,8.533927
17041.24,100.0,84.93059,10.0,8.618138
17041.44,100.0,95.22082,10.0,8.713732
17041.64,100.0,95.18675,10.0,8.547422
17041.84,100.0,92.05948,10.0,8.666472
17042.04,100.0,93.76027,10.0,8.570526
17042.24,100.0,92.040146,10.0,8.420271
17042.44,100.0,90.43376,10.0,8.55212
17042.64,100.0,92.451096,10.0,8.466201
17042.84,100.0,89.347244,10.0,8.482426
17043.04,100.0,86.12255,10.0,8.598721
17043.24,100.0,92.45581,10.0,8.7129965
17043.44,100.0,91.47702,10.0,8.494265
17043.64,100.0,95.62633,10.0,8.56063
17043.84,100.0,90.96987,10.0,8.625859
17044.04,100.0,89.996864,10.0,8.694357
17044.24,100.0,90.25211,10.0,8.625849
17044.44,100.0,87.90861,10.0,8.67919
17044.64,100.0,88.65561,10.0,8.451021
17044.84,100.0,89.29269,10.0,8.735403
17045.04,100.0,89.89561,10.0,8.752869
17045.24,100.0,90.90909,10.0,8.684187
17045.44,100.0,94.97936,10.0,8.828189
17045.64,100.0,91.537186,10.0,8.626707
17045.84,100.0,92.94026,10.0,8.637443
17046.04,100.0,93.7791,10.0,8.754669
17046.24,100.0,88.45052,10.0,8.580702
17046.44,100.0,92.947845,10.0,8.654281
17046.64,100.0,95.71365,10.0,8.542111
17046.84,100.0,90.2979,10.0,8.749315
17047.04,100.0,86.90318,10.0,8.892593
17047.24,100.0,94.22151,10.0,8.752278
17047.44,100.0,92.65466,10.0,8.903288
17047.64,100.0,97.25965,10.0,8.803131
17047.84,100.0,90.91241,10.0,8.668032
17048.04,100.0,91.34702,10.0,8.728744
17048.24,100.0,86.28613,10.0,8.615021
17048.44,100.0,91.82529,10.0,8.637072
17048.64,100.0,91.52978,10.0,8.625748
17048.84,100.0,88.09741,10.0,8.496204
17049.04,100.0,89.891846,10.0,8.688692
17049.24,100.0,90.34792,10.0,8.693416
17049.44,100.0,89.003174,10.0,8.669853
17049.64,100.0,91.574165,10.0,8.53628
17049.84,100.0,93.19227,10.0,8.343514
17050.04,100.0,94.14102,10.0,8.753724
17050.24,100.0,92.0971,10.0,8.446728
17050.44,100.0,93.10993,10.0,8.678026
17050.64,100.0,91.29726,10.0,8.597189
17050.84,100.0,90.20068,10.0,8.779413
17051.04,100.0,91.45162,10.0,8.450297
17051.24,100.0,97.791214,10.0,8.670126
17051.44,100.0,95.68808,10.0,8.672173
17051.64,100.0,92.81669,10.0,8.593115
17051.84,100.0,83.35532,10.0,8.762033
17052.04,100.0,91.1859,10.0,8.949732
17052.24,100.0,97.870605,10.0,8.439043
17052.44,100.0,86.666374,10.0,8.956324
17052.64,100.0,90.482086,10.0,8.717682
17052.84,100.0,93.413734,10.0,8.629755
17053.04,100.0,93.87409,10.0,8.878274
17053.24,100.0,97.74881,10.0,8.697749
17053.44,100.0,99.24573,10.0,8.651534
17053.64,100.0,91.691826,10.0,8.769249
17053.84,100.0,90.4842,10.0,8.864693
17054.04,100.0,87.566475,10.0,8.820482
17054.24,100.0,92.10359,10.0,8.662213
17054.44,100.0,97.47841,10.0,8.666876
17054.64,100.0,96.05398,10.0,8.671852
17054.84,100.0,96.07557,10.0,8.3667755
17055.04,100.0,96.036865,10.0,8.839734
17055.24,100.0,92.6725,10.0,8.710888
17055.44,100.0,92.410385,10.0,8.642145
17055.64,100.0,94.13573,10.0,8.4967165
17055.84,100.0,96.127106,10.0,8.750959
17056.04,100.0,91.99446,10.0,8.730697
17056.24,100.0,95.044495,10.0,8.326931
17056.44,100.0,94.342995,10.0,8.548645
17056.64,100.0,93.72553,10.0,8.826803
17056.84,100.0,94.74161,10.0,8.611189
17057.04,100.0,91.99516,10.0,8.567288
17057.24,100.0,92.73744,10.0,8.809324
17057.44,100.0,87.223495,10.0,8.748304
17057.64,100.0,89.591225,10.0,8.559669
17057.84,100.0,91.76712,10.0,8.601755
17058.04,100.0,93.83265,10.0,8.638082
17058.24,100.0,89.26805,10.0,8.404897
17058.44,100.0,99.39021,10.0,8.339218
17058.64,100.0,103.83794,10.0,8.447533
17058.84,100.0,101.40035,10.0,8.326641
17059.04,100.0,94.51287,10.0,8.548789
17059.24,100.0,96.90114,10.0,8.653097
17059.44,100.0,96.562,10.0,8.706055
17059.64,100.0,91.27887,10.0,8.502096
17059.84,100.0,90.54719,10.0,8.646818
17060.04,100.0,95.17445,10.0,8.858603
17060.24,100.0,94.54949,10.0,8.530376
17060.44,100.0,92.5885,10.0,8.764865
17060.64,100.0,95.28669,10.0,8.680446
17060.84,100.0,97.94569,10.0,8.705399
17061.04,100.0,94.95133,10.0,8.938167
17061.24,100.0,97.3212,10.0,8.731636
17061.44,100.0,97.028496,10.0,8.574856
17061.64,100.0,96.06061,10.0,8.522537
17061.84,100.0,104.68616,10.0,8.454809
17062.04,100.0,104.27184,10.0,8.49774
17062.24,100.0,96.15273,10.0,8.612745
17062.44,100.0,97.605576,10.0,8.57801
17062.64,100.0,91.20166,10.0,8.66383
17062.84,100.0,91.99127,10.0,8.800804
17063.04,100.0,94.211914,10.0,8.603193
17063.24,100.0,90.60429,10.0,8.74905
17063.44,100.0,94.03845,10.0,8.709238
17063.64,100.0,94.39796,10.0,8.805734
17063.84,100.0,91.053894,10.0,8.919893
17064.04,100.0,91.21642,10.0,8.485556
17064.24,100.0,97.279785,10.0,8.600887
17064.44,100.0,100.587166,10.0,8.698555
17064.64,100.0,98.986855,10.0,8.439116
17064.84,100.0,93.4035,10.0,8.449457
17065.04,100.0,102.74053,10.0,8.563972
17065.24,100.0,97.775894,10.0,8.841148
17065.44,100.0,92.05139,10.0,8.520523
17065.64,100.0,96.22366,10.0,8.701984
17065.84,100.0,90.44676,10.0,8.649855
17066.04,100.0,98.01657,10.0,8.8555765
17066.24,100.0,99.590294,10.0,8.6474495
17066.44,100.0,97.297775,10.0,8.790086
17066.64,100.0,96.61905,10.0,8.764965
17066.84,100.0,100.53083,10.0,8.785791
17067.04,100.0,98.50362,10.0,8.668382
17067.24,100.0,93.41642,10.0,8.620272
17067.44,100.0,91.26935,10.0,8.858286
17067.64,100.0,98.24366,10.0,8.819462
17067.84,100.0,96.39433,10.0,8.532798
17068.04,100.0,94.67627,10.0,8.554662
17068.24,100.0,94.68121,10.0,8.843311
17068.44,100.0,99.69568,10.0,8.620691
17068.64,100.0,95.709564,10.0,8.634038
17068.84,100.0,94.888336,10.0,8.4503
17069.04,100.0,98.11731,10.0,8.63908
17069.24,100.0,101.75513,10.0,8.501734
17069.44,100.0,98.95389,10.0,8.376213
17069.64,100.0,93.85433,10.0,8.7603035
17069.84,100.0,96.69147,10.0,8.524879
17070.04,100.0,104.3865,10.0,8.449451
17070.24,100.0,93.201096,10.0,8.654032
17070.44,100.0,93.7312,10.0,8.500395
17070.64,100.0,95.71706,10.0,8.52956
17070.84,100.0,97.34568,10.0,8.737232
17071.04,100.0,94.32564,10.0,8.38624
17071.24,100.0,97.3534,10.0,8.437545
17071.44,100.0,97.9691,10.0,8.558628
17071.64,100.0,99.76663,10.0,8.403837
17071.84,100.0,99.24325,10.0,8.441613
17072.04,100.0,96.527374,10.0,8.709631
17072.24,100.0,99.921265,10.0,8.46413
17072.44,100.0,101.33196,10.0,8.39789
17072.64,100.0,100.90821,10.0,8.74379
17072.84,100.0,103.04149,10.0,8.510672
17073.04,100.0,101.7879,10.0,8.583084
17073.24,100.0,95.97363,10.0,8.457251
17073.44,100.0,93.373146,10.0,8.621475
17073.64,100.0,94.91574,10.0,8.590347
17073.84,100.0,97.01639,10.0,8.716714
17074.04,100.0,92.73128,10.0,8.901961
17074.24,100.0,95.012985,10.0,8.912748
17074.44,100.0,100.31874,10.0,8.900119
17074.64,100.0,98.70671,10.0,8.497029
17074.84,100.0,97.51883,10.0,8.489664
17075.04,100.0,98.4837,10.0,8.615498
17075.24,100.0,97.60588,10.0,8.752466
17075.44,100.0,95.90824,10.0,8.545403
17075.64,100.0,98.207825,10.0,8.91562
17075.84,100.0,95.24666,10.0,8.601092
17076.04,100.0,94.385345,10.0,8.679971
17076.24,100.0,97.32898,10.0,8.792496
17076.44,100.0,95.18477,10.0,8.69211
17076.64,100.0,95.81256,10.0,8.6324215
17076.84,100.0,95.02798,10.0,8.727842
17077.04,100.0,99.31274,10.0,8.890222
17077.24,100.0,98.40223,10.0,8.786655
17077.44,100.0,97.24425,10.0,8.715848
17077.64,100.0,96.55668,10.0,8.50069
17077.84,100.0,95.30055,10.0,8.759238
17078.04,100.0,95.77671,10.0,8.979567
17078.24,100.0,98.0566,10.0,8.865282
17078.44,100.0,94.932495,10.0,8.820532
17078.64,100.0,97.45589,10.0,8.995086
17078.84,100.0,96.83362,10.0,8.649027
17079.04,100.0,98.017235,10.0,8.858465
17079.24,100.0,97.27043,10.0,8.811068
17079.44,100.0,94.01276,10.0,8.895065
17079.64,100.0,95.72542,10.0,8.56797
17079.84,100.0,93.3578,10.0,8.592306
17080.04,100.0,101.853386,10.0,8.860968
17080.24,100.0,101.27446,10.0,8.415887
17080.44,100.0,102.75475,10.0,8.787363
17080.64,100.0,98.650055,10.0,8.659042
17080.84,100.0,93.22825,10.0,8.45184
17081.04,100.0,94.01387,10.0,8.272523
17081.24,100.0,95.087296,10.0,8.478441
17081.44,100.0,94.37837,10.0,8.528847
17081.64,100.0,92.10944,10.0,8.809456
17081.84,100.0,104.78269,10.0,8.471158
17082.04,100.0,102.36356,10.0,8.619303
17082.24,100.0,99.855675,10.0,8.654785
17082.44,100.0,100.23632,10.0,8.784269
17082.64,100.0,98.259674,10.0,8.401777
17082.84,100.0,95.9142,10.0,8.728011
17083.04,100.0,94.773094,10.0,8.937532
17083.24,100.0,95.29088,10.0,8.470684
17083.44,100.0,98.291214,10.0,8.536115
17083.64,100.0,94.85545,10.0,8.559404
17083.84,100.0,95.05096,10.0,8.859094
17084.04,100.0,92.22584,10.0,8.360758
17084.24,100.0,94.83214,10.0,8.725858
17084.44,100.0,96.36644,10.0,8.512703
17084.64,100.0,97.62922,10.0,8.685892
17084.84,100.0,91.471466,10.0,8.585762
17085.04,100.0,96.20511,10.0,8.73847
17085.24,100.0,100.12125,10.0,8.743023
17085.44,100.0,92.44104,10.0,8.573715
17085.64,100.0,89.6207,10.0,8.380007
17085.84,100.0,94.10006,10.0,8.963834
17086.04,100.0,97.519684,10.0,8.628875
17086.24,100.0,95.28771,10.0,8.62142
17086.44,100.0,97.48592,10.0,8.684664
17086.64,100.0,97.88998,10.0,8.835255
17086.84,100.0,89.43155,10.0,8.693224
17087.04,100.0,88.85198,10.0,8.964952
17087.24,100.0,95.44789,10.0,9.095356
17087.44,100.0,92.915344,10.0,8.644018
17087.64,100.0,99.619644,10.0,8.806065
17087.84,100.0,97.954315,10.0,9.041418
17088.04,100.0,97.88383,10.0,8.818726
17088.24,100.0,95.198456,10.0,8.591189
17088.44,100.0,98.78988,10.0,8.96271
17088.64,100.0,97.40238,10.0,8.876266
17088.84,100.0,90.46031,10.0,8.60775
17089.04,100.0,93.84375,10.0,9.1831665
17089.24,100.0,101.47261,10.0,8.959234
17089.44,100.0,93.21968,10.0,9.092188
17089.64,100.0,95.35029,10.0,9.2234745
17089.84,100.0,97.26877,10.0,8.8593025
17090.04,100.0,93.25894,10.0,8.98893
17090.24,100.0,93.06125,10.0,9.207325
17090.44,100.0,92.64377,10.0,8.978999
17090.64,100.0,90.71236,10.0,9.227341
17090.84,100.0,91.95789,10.0,9.319078
17091.04,100.0,96.881805,10.0,8.865753
17091.24,100.0,95.29257,10.0,9.260181
17091.44,100.0,101.71126,10.0,9.088354
17091.64,100.0,101.04627,10.0,8.9723
17091.84,100.0,97.56578,10.0,9.138318
17092.04,100.0,100.582726,10.0,8.979319
17092.24,100.0,96.913025,10.0,8.961454
17092.44,100.0,92.92536,10.0,8.90155
17092.64,100.0,95.88522,10.0,8.874807
17092.84,100.0,95.549255,10.0,9.138205
17093.04,100.0,94.752975,10.0,9.035534
17093.24,100.0,96.30103,10.0,8.995312
17093.44,100.0,99.75453,10.0,9.181355
17093.64,100.0,100.58742,10.0,9.219339
17093.84,100.0,100.167854,10.0,8.620607
17094.04,100.0,94.54231,10.0,8.931107
17094.24,100.0,99.80705,10.0,8.97142
17094.44,100.0,101.788086,10.0,8.813819
17094.64,100.0,93.79925,10.0,8.960151
17094.84,100.0,102.692345,10.0,9.350302
17095.04,100.0,101.538536,10.0,9.066127
17095.24,100.0,98.73656,10.0,9.177172
17095.44,100.0,92.1583,10.0,9.089408
17095.64,100.0,99.42496,10.0,8.90675
17095.84,100.0,100.815636,10.0,8.699563
17096.04,100.0,101.486496,10.0,8.793109
17096.24,100.0,97.74164,10.0,8.845779
17096.44,100.0,99.56419,10.0,9.151836
17096.64,100.0,98.68063,10.0,9.157003
17096.84,100.0,95.46685,10.0,8.9384365
17097.04,100.0,103.15452,10.0,9.063608
17097.24,100.0,102.69559,10.0,9.191638
17097.44,100.0,99.88629,10.0,9.024916
17097.64,100.0,94.34884,10.0,8.998106
17097.84,100.0,98.35946,10.0,9.12109
17098.04,100.0,98.72488,10.0,9.07445
17098.24,100.0,95.618195,10.0,9.143059
17098.44,100.0,93.65244,10.0,9.048529
17098.64,100.0,97.32579,10.0,9.260805
17098.84,100.0,97.84511,10.0,9.014225
17099.04,100.0,97.690765,10.0,9.125582
17099.24,100.0,93.41924,10.0,8.834664
17099.44,100.0,97.23132,10.0,9.2055
17099.64,100.0,99.2631,10.0,9.017441
17099.84,100.0,99.35134,10.0,9.264603
17100.04,100.0,94.56531,10.0,8.89603
17100.24,100.0,98.806175,10.0,9.269239
17100.44,100.0,105.52215,10.0,8.9995365
17100.64,100.0,101.50559,10.0,9.154783
17100.84,100.0,99.97629,10.0,9.20405
17101.04,100.0,94.02908,10.0,9.467051
17101.24,100.0,100.718666,10.0,9.273713
17101.44,100.0,100.29024,10.0,9.349367
17101.64,100.0,102.8418,10.0,9.143717
17101.84,100.0,101.0259,10.0,9.09176
17102.04,100.0,102.54414,10.0,8.981245
17102.24,100.0,97.4419,10.0,9.113991
17102.44,100.0,94.15878,10.0,9.364817
17102.64,100.0,95.40311,10.0,9.408342
17102.84,100.0,95.36341,10.0,9.46866
17103.04,100.0,99.474396,10.0,9.242049
17103.24,100.0,91.77218,10.0,9.149367
17103.44,100.0,97.18424,10.0,9.138575
17103.64,100.0,99.67574,10.0,9.26708
17103.84,100.0,95.81888,10.0,9.217865
17104.04,100.0,99.90049,10.0,9.261955
17104.24,100.0,102.68895,10.0,9.088366
17104.44,100.0,102.49496,10.0,9.248144
17104.64,100.0,102.545006,10.0,9.05497
17104.84,100.0,99.76729,10.0,9.205982
17105.04,100.0,98.69603,10.0,8.981524
17105.24,100.0,95.68415,10.0,9.150142
17105.44,100.0,95.96352,10.0,9.13044
17105.64,100.0,102.25751,10.0,9.220295
17105.84,100.0,101.8857,10.0,9.360128
17106.04,100.0,100.91528,10.0,9.067549
17106.24,100.0,103.79229,10.0,9.004906
17106.44,100.0,97.69385,10.0,9.2427025
17106.64,100.0,99.97458,10.0,9.296209
17106.84,100.0,95.20981,10.0,9.232126
17107.04,100.0,90.855995,10.0,9.120382
17107.24,100.0,100.12553,10.0,9.121667
17107.44,100.0,98.58092,10.0,9.259394
17107.64,100.0,103.18152,10.0,9.055724
17107.84,100.0,100.04841,10.0,9.289339
17108.04,100.0,92.243286,10.0,9.336587
17108.24,100.0,96.83975,10.0,9.524309
17108.44,100.0,100.99633,10.0,9.08283
17108.64,100.0,93.98062,10.0,9.229511
17108.84,100.0,93.99713,10.0,9.390497
17109.04,100.0,99.23212,10.0,9.465401
17109.24,100.0,95.03644,10.0,9.043592
17109.44,100.0,97.5236,10.0,8.913695
17109.64,100.0,96.23018,10.0,9.262009
17109.84,100.0,95.855675,10.0,9.298286
17110.04,100.0,98.218376,10.0,9.319239
17110.24,100.0,98.076416,10.0,9.057605
17110.44,100.0,100.536095,10.0,9.279905
17110.64,100.0,95.76102,10.0,9.1545105
17110.84,100.0,99.54019,10.0,9.399851
17111.04,100.0,96.06036,10.0,9.243529
17111.24,100.0,95.77774,10.0,9.324761
17111.44,100.0,101.702736,10.0,9.089998
17111.64,100.0,100.09615,10.0,9.140204
17111.84,100.0,95.57241,10.0,9.074472
17112.04,100.0,98.59866,10.0,9.111875
17112.24,100.0,97.47414,10.0,8.953562
17112.44,100.0,94.5388,10.0,9.1045685
17112.64,100.0,96.247604,10.0,8.994757
17112.84,100.0,101.18788,10.0,8.920507
17113.04,100.0,99.28531,10.0,8.700778
17113.24,100.0,100.71995,10.0,8.916346
17113.44,100.0,97.10791,10.0,8.754066
17113.64,100.0,97.54559,10.0,8.775993
17113.84,100.0,100.85219,10.0,8.865184
17114.04,100.0,99.14305,10.0,8.62627
17114.24,100.0,102.604645,10.0,8.620638
17114.44,100.0,108.30754,10.0,8.82826
17114.64,100.0,104.37854,10.0,9.064395
17114.84,100.0,100.669556,10.0,8.921667
17115.04,100.0,103.026634,10.0,9.287195
17115.24,100.0,94.95521,10.0,8.758165
17115.44,100.0,97.93348,10.0,8.8209
17115.64,100.0,100.31821,10.0,8.761362
17115.84,100.0,100.86257,10.0,9.019066
17116.04,100.0,94.01627,10.0,8.818318
17116.24,100.0,103.21019,10.0,9.24411
17116.44,100.0,94.52803,10.0,8.684895
17116.64,100.0,99.96772,10.0,9.078108
17116.84,100.0,100.85309,10.0,9.218461
17117.04,100.0,98.4749,10.0,9.137626
17117.24,100.0,102.14148,10.0,9.121508
17117.44,100.0,101.60108,10.0,9.193857
17117.64,100.0,97.361465,10.0,9.085697
17117.84,100.0,96.57979,10.0,9.393786
17118.04,100.0,108.18132,10.0,8.985527
17118.24,100.0,101.016846,10.0,9.194336
17118.44,100.0,101.0439,10.0,9.244476
17118.64,100.0,95.590775,10.0,9.358266
17118.84,100.0,97.10721,10.0,9.174494
17119.04,100.0,97.3154,10.0,9.4724865
17119.24,100.0,99.43461,10.0,9.159526
17119.44,100.0,99.00908,10.0,9.117016
17119.64,100.0,99.974945,10.0,9.231638
17119.84,100.0,98.44408,10.0,9.315443
17120.04,100.0,95.79126,10.0,9.5770645
17120.24,100.0,100.917435,10.0,9.001183
17120.44,100.0,98.83734,10.0,9.254089
17120.64,100.0,100.138756,10.0,8.969067
17120.84,100.0,98.40975,10.0,8.921548
17121.04,100.0,98.66713,10.0,9.079845
17121.24,100.0,95.70676,10.0,9.161656
17121.44,100.0,95.93768,10.0,9.0947075
17121.64,100.0,97.012314,10.0,9.038403
17121.84,100.0,103.15775,10.0,9.030464
17122.04,100.0,105.65016,10.0,8.858896
17122.24,100.0,104.654144,10.0,8.978421
17122.44,100.0,98.65299,10.0,9.052755
17122.64,100.0,102.678825,10.0,9.178394
17122.84,100.0,103.305626,10.0,8.8850975
17123.04,100.0,92.46106,10.0,8.920015
17123.24,100.0,99.454605,10.0,8.823035
17123.44,100.0,104.881454,10.0,9.159063
17123.64,100.0,96.07554,10.0,8.889404
17123.84,100.0,97.76687,10.0,9.163483
17124.04,100.0,101.599106,10.0,9.053762
17124.24,100.0,100.612045,10.0,8.912912
17124.44,100.0,98.38773,10.0,8.959036
17124.64,100.0,101.36673,10.0,8.954262
17124.84,100.0,101.04404,10.0,8.852474
17125.04,100.0,100.08745,10.0,9.127043
17125.24,100.0,96.065384,10.0,9.062149
17125.44,100.0,99.80715,10.0,8.979113
17125.64,100.0,97.51865,10.0,9.203199
17125.84,100.0,98.374916,10.0,9.073839
17126.04,100.0,98.41173,10.0,9.160534
17126.24,100.0,97.91466,10.0,9.095181
17126.44,100.0,100.10693,10.0,9.109715
17126.64,100.0,100.24646,10.0,9.12952
17126.84,100.0,102.818214,10.0,8.96203
17127.04,100.0,100.40518,10.0,8.774584
17127.24,100.0,101.015945,10.0,9.065743
17127.44,100.0,98.63771,10.0,8.919006
17127.64,100.0,102.66491,10.0,9.263167
17127.84,100.0,103.86738,10.0,8.957292
17128.04,100.0,104.41968,10.0,8.961036
17128.24,100.0,104.11364,10.0,8.955574
17128.44,100.0,104.72511,10.0,8.720047
17128.64,100.0,98.96141,10.0,9.045865
17128.84,100.0,99.46087,10.0,9.208865
17129.04,100.0,101.94432,10.0,8.933628
17129.24,100.0,106.20059,10.0,8.587872
17129.44,100.0,99.76228,10.0,8.681904
17129.64,100.0,100.16806,10.0,8.68939
17129.84,100.0,98.31721,10.0,8.740801
17130.04,100.0,97.448685,10.0,8.679183
17130.24,100.0,99.31805,10.0,8.893007
17130.44,100.0,101.701126,10.0,8.90397
17130.64,100.0,104.07371,10.0,9.019293
17130.84,100.0,100.62387,10.0,8.627614
17131.04,100.0,102.68686,10.0,8.952993
17131.24,100.0,102.90933,10.0,8.785066
17131.44,100.0,95.74736,10.0,8.890062
17131.64,100.0,99.140686,10.0,8.918242
17131.84,100.0,94.63066,10.0,8.808936
17132.04,100.0,103.326515,10.0,8.878979
17132.24,100.0,100.01802,10.0,8.835132
17132.44,100.0,106.39159,10.0,8.594918
17132.64,100.0,105.337265,10.0,8.476811
17132.84,100.0,96.320816,10.0,8.775028
17133.04,100.0,95.33069,10.0,8.747068
17133.24,100.0,104.4689,10.0,8.774172
17133.44,100.0,99.17085,10.0,8.735354
17133.64,100.0,103.55794,10.0,8.814623
17133.84,100.0,105.236664,10.0,8.645646
17134.04,100.0,104.29435,10.0,8.817413
17134.24,100.0,100.68814,10.0,8.824753
17134.44,100.0,104.232445,10.0,8.929041
17134.64,100.0,98.96452,10.0,8.841459
17134.84,100.0,105.64742,10.0,9.027743
17135.04,100.0,100.14287,10.0,8.778744
17135.24,100.0,99.77154,10.0,8.9172125
17135.44,100.0,95.65188,10.0,8.688799
17135.64,100.0,94.97333,10.0,8.8895
17135.84,100.0,99.68889,10.0,8.915979
17136.04,100.0,102.00594,10.0,9.010971
17136.24,100.0,99.47108,10.0,8.970747
17136.44,100.0,102.17973,10.0,8.923058
17136.64,100.0,102.87249,10.0,8.771605
17136.84,100.0,97.309555,10.0,8.769518
17137.04,100.0,95.280396,10.0,8.858362
17137.24,100.0,100.59899,10.0,8.949287
17137.44,100.0,100.01612,10.0,8.955877
17137.64,100.0,102.723656,10.0,8.954977
17137.84,100.0,101.26065,10.0,8.831654
17138.04,100.0,95.74736,10.0,8.981219
17138.24,100.0,102.44153,10.0,8.881039
17138.44,100.0,98.62779,10.0,8.777365
17138.64,100.0,96.98195,10.0,8.94384
17138.84,100.0,99.027214,10.0,9.019777
17139.04,100.0,100.90172,10.0,8.945692
17139.24,100.0,97.800575,10.0,8.875616
17139.44,100.0,94.254616,10.0,8.848885
17139.64,100.0,94.06159,10.0,8.962922
17139.84,100.0,100.13663,10.0,8.889868
17140.04,100.0,101.1338,10.0,8.676507
17140.24,100.0,97.36684,10.0,8.784759
17140.44,100.0,103.90244,10.0,8.841637
17140.64,100.0,102.13589,10.0,8.756424
17140.84,100.0,99.27596,10.0,8.610485
17141.04,100.0,97.948746,10.0,8.725885
17141.24,100.0,98.50838,10.0,8.810771
17141.44,100.0,92.96242,10.0,8.923986
17141.64,100.0,97.48978,10.0,8.915773
17141.84,100.0,96.004295,10.0,8.862462
17142.04,100.0,92.678085,10.0,8.88139
17142.24,100.0,94.700386,10.0,8.846798
17142.44,100.0,91.56984,10.0,8.879772
17142.64,100.0,96.93329,10.0,8.834861
17142.84,100.0,98.36099,10.0,8.870376
17143.04,100.0,93.92104,10.0,8.941313
17143.24,100.0,100.96609,10.0,8.86706
17143.44,100.0,103.89018,10.0,8.637663
17143.64,100.0,98.763664,10.0,8.780083
17143.84,100.0,101.38723,10.0,8.7019415
17144.04,100.0,95.96662,10.0,8.817982
17144.24,100.0,93.773094,10.0,8.819757
17144.44,100.0,102.73342,10.0,8.781244
17144.64,100.0,101.91972,10.0,8.668953
17144.84,100.0,104.08592,10.0,8.675541
17145.04,100.0,103.634735,10.0,8.595309
17145.24,100.0,99.856026,10.0,8.731298
17145.44,100.0,93.99729,10.0,8.678143
17145.64,100.0,101.83538,10.0,8.755662
17145.84,100.0,100.34559,10.0,8.441973
17146.04,100.0,102.60152,10.0,8.642019
17146.24,100.0,97.408676,10.0,8.514399
17146.44,100.0,96.97981,10.0,8.77248
17146.64,100.0,98.52208,10.0,8.66757
17146.84,100.0,100.188934,10.0,8.732115
17147.04,100.0,99.33375,10.0,8.4963
17147.24,100.0,105.3435,10.0,8.667196
17147.44,100.0,94.3418,10.0,8.643756
17147.64,100.0,95.282196,10.0,8.612265
17147.84,100.0,96.32633,10.0,8.606174
17148.04,100.0,103.995476,10.0,8.652692
17148.24,100.0,97.37264,10.0,8.655729
17148.44,100.0,91.01164,10.0,8.576691
17148.64,100.0,94.880455,10.0,8.7541485
17148.84,100.0,102.90938,10.0,8.8135605
17149.04,100.0,101.26956,10.0,8.65467
17149.24,100.0,104.4724,10.0,8.569392
17149.44,100.0,109.084015,10.0,8.63039
17149.64,100.0,102.892685,10.0,8.457451
17149.84,100.0,99.68182,10.0,8.41411
17150.04,100.0,92.19705,10.0,8.705886
17150.24,100.0,98.18186,10.0,8.81229
17150.44,100.0,97.690315,10.0,8.578169
17150.64,100.0,94.92757,10.0,8.610481
17150.84,100.0,96.11951,10.0,8.708736
17151.04,100.0,100.15126,10.0,8.8102
17151.24,100.0,99.74562,10.0,8.463438
17151.44,100.0,103.94783,10.0,8.581733
17151.64,100.0,106.38954,10.0,8.615195
17151.84,100.0,94.96488,10.0,8.472944
17152.04,100.0,99.77486,10.0,8.399819
17152.24,100.0,94.38241,10.0,8.435254
17152.44,100.0,92.35427,10.0,8.626143
17152.64,100.0,102.838486,10.0,8.545307
17152.84,100.0,104.49548,10.0,8.59373
17153.04,100.0,98.08257,10.0,8.594895
17153.24,100.0,100.19691,10.0,8.7096
17153.44,100.0,98.87956,10.0,8.599438
17153.64,100.0,97.142525,10.0,8.781202
17153.84,100.0,99.715256,10.0,8.823576
17154.04,100.0,95.88989,10.0,8.60668
17154.24,100.0,102.24136,10.0,8.587732
17154.44,100.0,99.26876,10.0,8.587145
17154.64,100.0,99.919205,10.0,8.480572
17154.84,100.0,100.60883,10.0,8.518436
17155.04,100.0,96.60631,10.0,8.543703
17155.24,100.0,106.436615,10.0,8.579741
17155.44,100.0,105.20378,10.0,8.361738
17155.64,100.0,102.66537,10.0,8.532718
17155.84,100.0,95.076096,10.0,8.510256
17156.04,100.0,93.77572,10.0,8.714034
17156.24,100.0,94.05278,10.0,8.590696
17156.44,100.0,96.857254,10.0,8.634838
17156.64,100.0,98.83045,10.0,8.598545
17156.84,100.0,100.863625,10.0,8.630524
17157.04,100.0,102.2029,10.0,8.462318
17157.24,100.0,98.05652,10.0,8.542246
17157.44,100.0,101.31127,10.0,8.652308
17157.64,100.0,94.03192,10.0,8.5266285
17157.84,100.0,97.89672,10.0,8.6107235
17158.04,100.0,103.16288,10.0,8.413111
17158.24,100.0,102.40283,10.0,8.405489
17158.44,100.0,103.140396,10.0,8.405194
17158.64,100.0,104.14478,10.0,8.311369
17158.84,100.0,96.95556,10.0,8.440246
17159.04,100.0,95.49332,10.0,8.6073065
17159.24,100.0,100.308525,10.0,8.353352
17159.44,100.0,97.58395,10.0,8.46792
17159.64,100.0,97.02612,10.0,8.614674
17159.84,100.0,98.760056,10.0,8.502235
17160.04,100.0,91.961075,10.0,8.342763
17160.24,100.0,93.29979,10.0,8.455751
17160.44,100.0,94.73935,10.0,8.617844
17160.64,100.0,96.51604,10.0,8.56156
17160.84,100.0,97.286446,10.0,8.524292
17161.04,100.0,102.102516,10.0,8.682751
17161.24,100.0,104.51934,10.0,8.467918
17161.44,100.0,102.14406,10.0,8.402515
17161.64,100.0,102.732315,10.0,8.2367735
17161.84,100.0,106.52431,10.0,8.290904
17162.04,100.0,101.35377,10.0,8.436005
17162.24,100.0,94.91089,10.0,8.437984
17162.44,100.0,93.18288,10.0,8.505722
17162.64,100.0,94.427536,10.0,8.435688
17162.84,100.0,99.301125,10.0,8.382877
17163.04,100.0,98.945435,10.0,8.404486
17163.24,100.0,99.92846,10.0,8.416183
17163.44,100.0,102.69264,10.0,8.482281
17163.64,100.0,104.59102,10.0,8.366282
17163.84,100.0,100.690544,10.0,8.469055
17164.04,100.0,96.15713,10.0,8.309837
17164.24,100.0,100.22913,10.0,8.424875
17164.44,100.0,96.44716,10.0,8.524285
17164.64,100.0,94.73149,10.0,8.626032
17164.84,100.0,94.510475,10.0,8.59398
17165.04,100.0,103.08217,10.0,8.498531
17165.24,100.0,104.50296,10.0,8.374861
17165.44,100.0,98.50019,10.0,8.555481
17165.64,100.0,96.35682,10.0,8.50548
17165.84,100.0,94.48363,10.0,8.46188
17166.04,100.0,97.78583,10.0,8.494032
17166.24,100.0,106.4925,10.0,8.239367
17166.44,100.0,103.04906,10.0,8.158817
17166.64,100.0,106.35596,10.0,8.193497
17166.84,100.0,99.987,10.0,8.358801
17167.04,100.0,97.08884,10.0,8.43738
17167.24,100.0,97.843925,10.0,8.479924
17167.44,100.0,92.327225,10.0,8.314384
17167.64,100.0,101.68002,10.0,8.423788
17167.84,100.0,97.31128,10.0,8.51824
17168.04,100.0,96.590126,10.0,8.505165
17168.24,100.0,102.68341,10.0,8.526068
17168.44,100.0,105.637665,10.0,8.415396
17168.64,100.0,96.74363,10.0,8.398424
17168.84,100.0,101.525894,10.0,8.407634
17169.04,100.0,98.39031,10.0,8.415369
17169.24,100.0,89.91214,10.0,8.495546
17169.44,100.0,95.042305,10.0,8.466131
17169.64,100.0,100.702576,10.0,8.276647
17169.84,100.0,95.27979,10.0,8.259331
17170.04,100.0,97.618706,10.0,8.363115
17170.24,100.0,103.72089,10.0,8.205599
17170.44,100.0,93.69534,10.0,8.191122
17170.64,100.0,94.39737,10.0,8.41921
17170.84,100.0,97.02163,10.0,8.47471
17171.04,100.0,99.60956,10.0,8.504026
17171.24,100.0,92.1774,10.0,8.4038725
17171.44,100.0,89.08293,10.0,8.3208275
17171.64,100.0,100.59399,10.0,8.510237
17171.84,100.0,97.903366,10.0,8.431675
17172.04,100.0,91.8219,10.0,8.338163
17172.24,100.0,102.16749,10.0,8.487324
17172.44,100.0,105.578384,10.0,8.351881
17172.64,100.0,97.82312,10.0,8.159914
17172.84,100.0,98.20911,10.0,8.19479
17173.04,100.0,102.32828,10.0,8.222277
17173.24,100.0,96.917755,10.0,8.260911
17173.44,100.0,93.61465,10.0,8.3109
17173.64,100.0,101.103836,10.0,8.358537
17173.84,100.0,92.5778,10.0,8.174757
17174.04,100.0,95.06464,10.0,8.353502
17174.24,100.0,96.397156,10.0,8.274
17174.44,100.0,102.048134,10.0,8.294173
17174.64,100.0,102.27211,10.0,8.174848
17174.84,100.0,104.016464,10.0,8.294981
17175.04,100.0,101.44502,10.0,8.198909
17175.24,100.0,102.69739,10.0,8.293805
17175.44,100.0,99.157166,10.0,8.097599
17175.64,100.0,96.83327,10.0,8.236626
17175.84,100.0,99.79248,10.0,8.186577
17176.04,100.0,99.04495,10.0,8.127974
17176.24,100.0,94.90956,10.0,8.356874
17176.44,100.0,98.66842,10.0,8.396816
17176.64,100.0,95.43413,10.0,8.290913
17176.84,100.0,92.2045,10.0,8.277935
17177.04,100.0,104.132324,10.0,8.38101
17177.24,100.0,97.333496,10.0,8.049549
17177.44,100.0,96.56666,10.0,8.242903
17177.64,100.0,98.26603,10.0,8.32641
17177.84,100.0,92.63934,10.0,8.307005
17178.04,100.0,99.864746,10.0,8.1472435
17178.24,100.0,102.13232,10.0,8.31205
17178.44,100.0,95.97307,10.0,8.389299
17178.64,100.0,96.37238,10.0,8.424781
17178.84,100.0,102.70936,10.0,8.3102455
17179.04,100.0,89.030846,10.0,8.339516
17179.24,100.0,89.94708,10.0,8.298352
17179.44,100.0,94.259346,10.0,8.17428
17179.64,100.0,96.169846,10.0,8.238261
17179.84,100.0,98.68898,10.0,8.358973
17180.04,100.0,98.47257,10.0,8.180141
17180.24,100.0,100.54079,10.0,8.318111
17180.44,100.0,102.640564,10.0,8.0614605
17180.64,100.0,99.849815,10.0,8.153923
17180.84,100.0,100.347916,10.0,8.092094
17181.04,100.0,92.872185,10.0,8.241062
17181.24,100.0,95.677086,10.0,8.295313
17181.44,100.0,92.56981,10.0,8.294214
17181.64,100.0,90.47085,10.0,8.134325
17181.84,100.0,95.32371,10.0,8.2211
17182.04,100.0,98.71115,10.0,7.984456
17182.24,100.0,91.59816,10.0,8.078542
17182.44,100.0,93.71009,10.0,8.147043
17182.64,100.0,96.3118,10.0,8.073958
17182.84,100.0,94.63819,10.0,8.156624
17183.04,100.0,98.266426,10.0,8.146651
17183.24,100.0,93.30911,10.0,8.063143
17183.44,100.0,99.9158,10.0,7.887456
17183.64,100.0,103.16653,10.0,8.141018
17183.84,100.0,104.72206,10.0,8.153093
17184.04,100.0,100.34193,10.0,8.120205
17184.24,100.0,104.46579,10.0,8.062215
17184.44,100.0,99.009796,10.0,8.045279
17184.64,100.0,101.7745,10.0,8.089676
17184.84,100.0,100.37457,10.0,8.030478
17185.04,100.0,93.662704,10.0,7.892911
17185.24,100.0,100.55237,10.0,8.107484
17185.44,100.0,96.09167,10.0,8.252813
17185.64,100.0,97.50887,10.0,7.8549943
17185.84,100.0,108.64621,10.0,7.9331894
17186.04,100.0,105.545456,10.0,8.029139
17186.24,100.0,93.559845,10.0,7.853859
17186.44,100.0,99.58382,10.0,8.190175
17186.64,100.0,97.27569,10.0,7.7675447
17186.84,100.0,94.93489,10.0,7.9662004
17187.04,100.0,104.868935,10.0,7.8080583
17187.24,100.0,97.96652,10.0,7.786734
17187.44,100.0,98.52049,10.0,8.060075
17187.64,100.0,108.823975,10.0,8.321033
17187.84,100.0,106.361725,10.0,8.02705
17188.04,100.0,96.984146,10.0,8.04762
17188.24,100.0,110.61307,10.0,8.079872
17188.44,100.0,103.93231,10.0,8.064077
17188.64,100.0,98.49683,10.0,8.242811
17188.84,100.0,105.90559,10.0,8.15941
17189.04,100.0,106.182495,10.0,8.317557
17189.24,100.0,102.18301,10.0,8.0666275
17189.44,100.0,92.34367,10.0,8.023602
17189.64,100.0,98.47936,10.0,8.075605
17189.84,100.0,97.894135,10.0,8.126153
17190.04,100.0,104.18522,10.0,8.034136
17190.24,100.0,103.65752,10.0,7.97725
17190.44,100.0,99.503136,10.0,7.8540487
17190.64,100.0,98.015045,10.0,8.058798
17190.84,100.0,97.80491,10.0,8.246866
17191.04,100.0,101.52233,10.0,8.173193
17191.24,100.0,101.064156,10.0,8.088829
17191.44,100.0,103.258415,10.0,8.179964
17191.64,100.0,102.809814,10.0,8.294817
17191.84,100.0,104.07712,10.0,8.335194
17192.04,100.0,104.69258,10.0,8.111983
17192.24,100.0,100.25703,10.0,8.10466
17192.44,100.0,100.43927,10.0,8.145202
17192.64,100.0,96.21359,10.0,8.145004
17192.84,100.0,96.714005,10.0,8.201414
17193.04,100.0,102.14698,10.0,8.218641
17193.24,100.0,103.32797,10.0,8.159945
17193.44,100.0,98.58078,10.0,8.189522
17193.64,100.0,105.319885,10.0,8.076083
17193.84,100.0,106.71565,10.0,8.059145
17194.04,100.0,96.61896,10.0,8.128372
17194.24,100.0,97.610855,10.0,8.264242
17194.44,100.0,103.03465,10.0,8.104357
17194.64,100.0,99.28049,10.0,8.145529
17194.84,100.0,99.53508,10.0,8.186117
17195.04,100.0,101.56116,10.0,7.93438
17195.24,100.0,100.3515,10.0,8.1564045
17195.44,100.0,98.96965,10.0,8.226257
17195.64,100.0,92.79884,10.0,8.195608
17195.84,100.0,95.44733,10.0,8.302021
17196.04,100.0,100.58157,10.0,8.299578
17196.24,100.0,96.42302,10.0,8.063463
17196.44,100.0,99.005646,10.0,8.218219
17196.64,100.0,98.88662,10.0,8.02634
17196.84,100.0,99.07674,10.0,8.215818
17197.04,100.0,100.63791,10.0,8.353052
17197.24,100.0,98.39487,10.0,8.308575
17197.44,100.0,101.61063,10.0,8.077634
17197.64,100.0,101.47882,10.0,8.118456
17197.84,100.0,97.01128,10.0,8.116663
17198.04,100.0,99.066154,10.0,8.341374
17198.24,100.0,96.13152,10.0,8.210518
17198.44,100.0,98.00165,10.0,8.352884
17198.64,100.0,103.6733,10.0,8.161762
17198.84,100.0,98.2327,10.0,8.311867
17199.04,100.0,97.54955,10.0,8.223158
17199.24,100.0,101.72162,10.0,8.187498
17199.44,100.0,92.933334,10.0,8.178902
17199.64,100.0,103.314995,10.0,8.171412
17199.84,100.0,98.54509,10.0,8.15827
17200.04,100.0,95.702156,10.0,8.2121315
17200.24,100.0,97.09157,10.0,8.370605
17200.44,100.0,102.95206,10.0,8.201412
17200.64,100.0,91.91937,10.0,8.253727
17200.84,100.0,107.566605,10.0,8.158665
17201.04,100.0,97.036316,10.0,8.284921
17201.24,100.0,100.24255,10.0,8.24301
17201.44,100.0,99.15303,10.0,8.359505
17201.64,100.0,101.57227,10.0,8.162184
17201.84,100.0,102.68183,10.0,8.055346
17202.04,100.0,104.924706,10.0,8.148653
17202.24,100.0,104.21103,10.0,8.1104145
17202.44,100.0,99.75683,10.0,8.122719
17202.64,100.0,96.891464,10.0,8.151806
17202.84,100.0,99.72836,10.0,8.125507
17203.04,100.0,101.50461,10.0,8.217536
17203.24,100.0,103.67309,10.0,8.056593
17203.44,100.0,99.12277,10.0,8.18044
17203.64,100.0,101.98688,10.0,8.262901
17203.84,100.0,100.04004,10.0,8.231945
17204.04,100.0,92.1996,10.0,8.188164
17204.24,100.0,96.81946,10.0,8.1030445
17204.44,100.0,102.38092,10.0,8.169774
17204.64,100.0,97.92337,10.0,8.004335
17204.84,100.0,93.94519,10.0,8.067679
17205.04,100.0,97.06859,10.0,8.158674
17205.24,100.0,101.71982,10.0,8.129662
17205.44,100.0,100.73381,10.0,7.840685
17205.64,100.0,99.63601,10.0,7.951636
17205.84,100.0,105.1748,10.0,8.104612
17206.04,100.0,102.664314,10.0,7.884264
17206.24,100.0,97.028336,10.0,8.060541
17206.44,100.0,94.64541,10.0,7.993089
17206.64,100.0,98.99401,10.0,8.224825
17206.84,100.0,101.55871,10.0,7.975293
17207.04,100.0,104.55562,10.0,8.14083
17207.24,100.0,104.447624,10.0,7.797245
17207.44,100.0,95.92106,10.0,8.118301
17207.64,100.0,103.48481,10.0,8.087797
17207.84,100.0,99.33742,10.0,8.07246
17208.04,100.0,95.640564,10.0,8.188715
17208.24,100.0,97.66972,10.0,8.124482
17208.44,100.0,98.36394,10.0,8.301706
17208.64,100.0,99.25975,10.0,8.211168
17208.84,100.0,102.30796,10.0,8.084084
17209.04,100.0,100.6447,10.0,8.039361
17209.24,100.0,106.56648,10.0,8.187819
17209.44,100.0,106.27794,10.0,8.088181
17209.64,100.0,98.771095,10.0,7.940647
17209.84,100.0,97.58866,10.0,7.845392
17210.04,100.0,98.08562,10.0,8.068733
17210.24,100.0,94.12528,10.0,8.2104435
17210.44,100.0,96.427086,10.0,8.080013
17210.64,100.0,102.145905,10.0,8.150899
17210.84,100.0,103.73569,10.0,7.9662232
17211.04,100.0,110.82403,10.0,7.947295
17211.24,100.0,95.25824,10.0,7.811598
17211.44,100.0,100.098434,10.0,7.8987966
17211.64,100.0,98.564316,10.0,8.155407
17211.84,100.0,101.17863,10.0,8.131863
17212.04,100.0,97.84096,10.0,7.83523
17212.24,100.0,102.88671,10.0,7.9421363
17212.44,100.0,105.37108,10.0,7.8871546
17212.64,100.0,102.21743,10.0,7.919207
17212.84,100.0,101.11865,10.0,8.002324
17213.04,100.0,104.35306,10.0,7.9739003
17213.24,100.0,96.32166,10.0,7.9777036
17213.44,100.0,98.70201,10.0,7.9164352
17213.64,100.0,95.71859,10.0,7.898201
17213.84,100.0,99.20491,10.0,8.153251
17214.04,100.0,102.101746,10.0,8.045048
17214.24,100.0,101.26276,10.0,7.962102
17214.44,100.0,98.752625,10.0,7.9926605
17214.64,100.0,100.09944,10.0,8.007872
17214.84,100.0,91.131256,10.0,7.968756
17215.04,100.0,93.15699,10.0,7.988327
17215.24,100.0,95.58929,10.0,8.119747
17215.44,100.0,99.995,10.0,8.164213
17215.64,100.0,100.6673,10.0,8.082891
17215.84,100.0,101.309166,10.0,8.172676
17216.04,100.0,102.68301,10.0,8.106305
17216.24,100.0,98.209145,10.0,8.076754
17216.44,100.0,97.297424,10.0,7.956319
17216.64,100.0,97.46018,10.0,8.078249
17216.84,100.0,98.36792,10.0,8.250034
17217.04,100.0,101.07045,10.0,8.135152
17217.24,100.0,107.03734,10.0,7.868597
17217.44,100.0,101.49607,10.0,7.919774
17217.64,100.0,100.592064,10.0,7.9932046
17217.84,100.0,98.17439,10.0,7.9931865
17218.04,100.0,99.19969,10.0,7.9851265
17218.24,100.0,98.09743,10.0,8.015313
17218.44,100.0,96.62714,10.0,8.023803
17218.64,100.0,99.9115,10.0,8.146837
17218.84,100.0,100.2957,10.0,7.9415545
17219.04,100.0,100.12023,10.0,7.882411
17219.24,100.0,98.43417,10.0,7.950598
17219.44,100.0,98.69757,10.0,8.060804
17219.64,100.0,97.96098,10.0,8.010025
17219.84,100.0,95.711685,10.0,8.045614
17220.04,100.0,101.188644,10.0,8.0610075
17220.24,100.0,95.86732,10.0,8.041961
17220.44,100.0,96.011536,10.0,8.02137
17220.64,100.0,92.531975,10.0,7.9898667
17220.84,100.0,102.11249,10.0,8.123251
17221.04,100.0,100.38325,10.0,7.961828
17221.24,100.0,94.851036,10.0,8.0365715
17221.44,100.0,102.45459,10.0,7.9923387
17221.64,100.0,102.41466,10.0,7.9483895
17221.84,100.0,101.53702,10.0,7.943147
17222.04,100.0,92.97901,10.0,7.952626
17222.24,100.0,99.913025,10.0,8.052346
17222.44,100.0,102.484406,10.0,8.00733
17222.64,100.0,96.815575,10.0,7.9201546
17222.84,100.0,97.27612,10.0,8.027692
17223.04,100.0,97.04219,10.0,8.090546
17223.24,100.0,98.30257,10.0,8.109483
17223.44,100.0,103.618866,10.0,7.8711185
17223.64,100.0,100.67294,10.0,7.6022305
17223.84,100.0,99.56008,10.0,7.856632
17224.04,100.0,102.6017,10.0,7.852414
17224.24,100.0,99.76128,10.0,7.826575
17224.44,100.0,91.29418,10.0,7.9418697
17224.64,100.0,97.35164,10.0,8.107178
17224.84,100.0,92.55917,10.0,8.000172
17225.04,100.0,96.89453,10.0,8.046963
17225.24,100.0,101.027596,10.0,7.798253
17225.44,100.0,96.72561,10.0,7.9698076
17225.64,100.0,105.948166,10.0,8.085668
17225.84,100.0,94.670135,10.0,8.018011
17226.04,100.0,100.080666,10.0,7.996007
17226.24,100.0,95.187775,10.0,8.027796
17226.44,100.0,97.88694,10.0,7.924588
17226.64,100.0,93.83009,10.0,7.964676
17226.84,100.0,100.19673,10.0,7.994234
17227.04,100.0,91.53323,10.0,7.758562
17227.24,100.0,97.40046,10.0,8.003458
17227.44,100.0,99.858604,10.0,7.989687
17227.64,100.0,93.39299,10.0,7.6591005
17227.84,100.0,95.89656,10.0,7.919034
17228.04,100.0,97.804184,10.0,7.844277
17228.24,100.0,95.05441,10.0,7.7782526
17228.44,100.0,93.70973,10.0,7.826068
17228.64,100.0,95.3103,10.0,8.030941
17228.84,100.0,96.499466,10.0,7.9277797
17229.04,100.0,99.25382,10.0,8.12188
17229.24,100.0,98.105705,10.0,8.013256
17229.44,100.0,105.69623,10.0,7.954483
17229.64,100.0,96.30205,10.0,8.071966
17229.84,100.0,96.29838,10.0,8.015963
17230.04,100.0,94.711784,0.0,7.8438225
17230.24,100.0,96.272995,0.0,7.963392
17230.44,100.0,89.30298,0.0,8.032227
17230.64,100.0,100.16942,0.0,7.7788315
17230.84,100.0,100.39234,0.0,8.002434
17231.04,100.0,102.81396,0.0,7.7609935
17231.24,100.0,96.76048,0.0,7.840623
17231.44,100.0,102.540504,0.0,7.8378906
17231.64,100.0,100.478226,0.0,7.836373
17231.84,100.0,98.944756,0.0,7.7656755
17232.04,100.0,104.95425,0.0,7.886057
17232.24,100.0,104.607864,0.0,7.9854946
17232.44,100.0,102.05701,0.0,7.756721
17232.64,100.0,99.47141,0.0,7.846917
17232.84,100.0,99.186264,0.0,7.933069
17233.04,100.0,92.36405,0.0,7.768973
17233.24,100.0,93.14639,0.0,7.8277617
17233.44,100.0,98.42063,0.0,8.040377
17233.64,100.0,98.39872,0.0,7.801795
17233.84,100.0,104.69919,0.0,7.971954
17234.04,100.0,103.71184,0.0,7.8081317
17234.24,100.0,92.65171,0.0,7.920403
17234.44,100.0,98.4735,0.0,7.9518948
17234.64,100.0,107.13718,0.0,7.713893
17234.84,100.0,96.61545,0.0,7.9439926
17235.04,100.0,100.60706,0.0,7.8750916
17235.24,100.0,102.03883,0.0,7.797304
17235.44,100.0,94.34061,0.0,8.013072
17235.64,100.0,96.62917,0.0,7.9564414
17235.84,100.0,92.71888,0.0,7.8332186
17236.04,100.0,96.77174,0.0,8.069281
17236.24,100.0,99.29996,0.0,7.910177
17236.44,100.0,96.44613,0.0,8.053637
17236.64,100.0,96.06198,0.0,7.9498796
17236.84,100.0,101.90598,0.0,7.9349656
17237.04,100.0,98.02121,0.0,7.9802904
17237.24,100.0,90.50607,0.0,8.140043
17237.44,100.0,96.38849,0.0,8.200846
17237.64,100.0,96.69953,0.0,7.9330063
17237.84,100.0,93.27609,0.0,8.086725
17238.04,100.0,97.79313,0.0,8.129568
17238.24,100.0,100.41812,0.0,7.9899945
17238.44,100.0,91.64957,0.0,8.006579
17238.64,100.0,97.111206,0.0,8.106848
17238.84,100.0,95.72637,0.0,7.7345934
17239.04,100.0,94.59988,0.0,8.006761
17239.24,100.0,102.47989,0.0,7.980854
17239.44,100.0,102.38024,0.0,8.02317
17239.64,100.0,89.533005,0.0,8.029303
17239.84,100.0,101.50358,0.0,8.123459
17240.04,100.0,97.30736,0.0,8.101477
17240.24,100.0,94.75558,0.0,8.115869
17240.44,100.0,97.18806,0.0,8.074221
17240.64,100.0,97.44238,0.0,8.050182
17240.84,100.0,97.22757,0.0,7.9819546
17241.04,100.0,98.315155,0.0,7.8817677
17241.24,100.0,92.169365,0.0,7.9213114
17241.44,100.0,94.66237,0.0,7.9523687
17241.64,100.0,104.60918,0.0,7.7223787
17241.84,100.0,97.58412,0.0,7.891157
17242.04,100.0,97.9879,0.0,7.858428
17242.24,100.0,93.11099,0.0,7.9193273
17242.44,100.0,106.66123,0.0,7.905244
17242.64,100.0,94.05658,0.0,7.9428177
17242.84,100.0,97.329666,0.0,8.138787
17243.04,100.0,100.553215,0.0,7.955515
17243.24,100.0,100.93227,0.0,7.9322443
17243.44,100.0,101.85605,0.0,7.9824424
17243.64,100.0,102.68819,0.0,7.8663535
17243.84,100.0,95.694275,0.0,7.801854
17244.04,100.0,99.07194,0.0,7.9808087
17244.24,100.0,98.99964,0.0,7.892873
17244.44,100.0,95.38306,0.0,7.933881
17244.64,100.0,103.26478,0.0,7.88091
17244.84,100.0,99.68283,0.0,7.828159
17245.04,100.0,93.15296,0.0,7.866657
17245.24,100.0,94.95045,0.0,8.023035
17245.44,100.0,100.30293,0.0,8.021644
17245.64,100.0,102.16273,0.0,7.685387
17245.84,100.0,95.74762,0.0,7.9375587
17246.04,100.0,95.26524,0.0,8.058194
17246.24,100.0,96.0514,0.0,7.936535
17246.44,100.0,97.19421,0.0,7.7288675
17246.64,100.0,99.945175,0.0,7.7512875
17246.84,100.0,101.31109,0.0,7.610323
17247.04,100.0,98.54789,0.0,7.677743
17247.24,100.0,98.447624,0.0,7.5942526
17247.44,100.0,95.20744,0.0,7.590294
17247.64,100.0,88.71172,0.0,7.527313
17247.84,100.0,91.66734,0.0,7.3045816
17248.04,100.0,94.36745,0.0,6.624901
17248.24,100.0,95.38656,0.0,6.554836
17248.44,100.0,91.83952,0.0,6.597518
17248.64,100.0,89.59028,0.0,6.7419324
17248.84,100.0,98.95901,0.0,6.4744196
17249.04,100.0,100.69397,0.0,6.03048
17249.24,100.0,99.8346,0.0,5.9982224
17249.44,100.0,100.344864,0.0,5.3485928
17249.64,100.0,101.999985,0.0,5.305095
17249.84,100.0,104.5312,0.0,4.7903547
17250.04,100.0,97.71023,0.0,5.5487413
17250.24,100.0,111.378265,0.0,4.819269
17250.44,100.0,105.14383,0.0,4.700632
17250.64,100.0,113.96458,0.0,3.608704
17250.84,100.0,115.6776,0.0,2.067998
17251.04,100.0,112.62051,0.0,1.4154718
17251.24,100.0,113.135574,0.0,1.5419304
17251.44,100.0,116.59764,0.0,2.0170555
17251.64,100.0,110.895645,0.0,0.9638181
17251.84,100.0,120.61615,0.0,0.8608053
17252.04,100.0,117.951324,0.0,0.81115437
17252.24,100.0,119.657104,0.0,0.28819394
17252.44,100.0,118.240105,0.0,0.03421974
17252.64,100.0,112.99705,0.0,0.43183994
17252.84,100.0,116.62323,0.0,0.14814782
17253.04,100.0,122.34239,0.0,-0.10874176
17253.24,100.0,124.04654,0.0,-0.23925352
17253.44,100.0,125.399765,0.0,-0.19323492
17253.64,100.0,120.96869,0.0,-0.36864328
17253.84,100.0,118.23317,0.0,-0.305789
17254.04,100.0,119.6974,0.0,-0.44638395
17254.24,100.0,113.08621,0.0,-0.43864918
17254.44,100.0,114.38037,0.0,-0.46127462
17254.64,100.0,121.28853,0.0,-0.48116302
17254.84,100.0,118.66606,0.0,-0.47897434
17255.04,100.0,122.84333,0.0,-0.50840855
17255.24,100.0,121.572556,0.0,-0.4670663
17255.44,100.0,114.0965,0.0,-0.4524274
17255.64,100.0,117.60628,0.0,-0.43470907
17255.84,100.0,119.832535,0.0,-0.46486235
17256.04,100.0,117.73877,0.0,-0.48028374
17256.24,100.0,113.64058,0.0,-0.42080927
17256.44,100.0,115.52561,0.0,-0.404222
17256.64,100.0,116.97232,0.0,-0.43507004
17256.84,100.0,118.08829,0.0,-0.40724134
17257.04,100.0,111.668365,0.0,-0.4233656
17257.24,100.0,116.13202,0.0,-0.3847127
17257.44,100.0,112.32667,0.0,-0.38454533
17257.64,100.0,111.221725,0.0,-0.38508224
17257.84,100.0,111.34116,0.0,-0.35751963
17258.04,100.0,108.99682,0.0,-0.34916258
17258.24,100.0,112.81873,0.0,-0.3380432
17258.44,100.0,113.15055,0.0,-0.3744502
17258.64,100.0,112.354965,0.0,-0.360847
17258.84,100.0,113.46823,0.0,-0.3593397
17259.04,100.0,117.73538,0.0,-0.37608337
17259.24,100.0,113.03375,0.0,-0.37388802
17259.44,100.0,116.95026,0.0,-0.39713287
17259.64,100.0,112.39423,0.0,-0.34327984
17259.84,100.0,112.745926,0.0,-0.37860966
17260.04,100.0,110.922,0.0,-0.34405804
17260.24,100.0,111.825455,0.0,-0.32200575
17260.44,100.0,111.300255,0.0,-0.31394768
17260.64,100.0,108.41469,0.0,-0.2938037
17260.84,100.0,110.64255,0.0,-0.30687094
17261.04,100.0,112.679794,0.0,-0.34103203
17261.24,100.0,114.09681,0.0,-0.34929848
17261.44,100.0,108.88146,0.0,-0.33849716
17261.64,100.0,114.25626,0.0,-0.3480301
17261.84,100.0,112.42227,0.0,-0.33348417
17262.04,100.0,112.30795,0.0,-0.31002712
17262.24,100.0,113.48229,0.0,-0.3321128
17262.44,100.0,110.71269,0.0,-0.3394127
17262.64,100.0,112.220474,0.0,-0.3282342
17262.84,100.0,108.77491,0.0,-0.29634666
17263.04,100.0,110.49265,0.0,-0.2943635
17263.24,100.0,111.12037,0.0,-0.3007636
17263.44,100.0,107.406136,0.0,-0.29456043
17263.64,100.0,107.85055,0.0,-0.29469967
17263.84,100.0,110.17584,0.0,-0.2819023
17264.04,100.0,106.940704,0.0,-0.28053093
17264.24,100.0,111.77309,0.0,-0.28890276
17264.44,100.0,114.72922,0.0,-0.30715036
17264.64,100.0,111.09091,0.0,-0.3172741
17264.84,100.0,113.68614,0.0,-0.31230783
17265.04,100.0,110.805695,0.0,-0.28259563
17265.24,100.0,107.54903,0.0,-0.28992462
17265.44,100.0,111.3748,0.0,-0.2983408
17265.64,100.0,107.243256,0.0,-0.26728344
17265.84,100.0,108.82942,0.0,-0.27527237
17266.04,100.0,109.40285,0.0,-0.29734182
17266.24,100.0,113.35066,0.0,-0.2911768
17266.44,100.0,111.124695,0.0,-0.28970575
17266.64,100.0,113.368164,0.0,-0.2936449
17266.84,100.0,113.80153,0.0,-0.32006884
17267.04,100.0,113.68109,0.0,-0.3074255
17267.24,100.0,108.167175,0.0,-0.25935888
17267.44,100.0,107.85072,0.0,-0.2835722
17267.64,100.0,106.29407,0.0,-0.2326374
17267.84,100.0,106.49922,0.0,-0.282784
17268.04,100.0,108.83006,0.0,-0.26985216
17268.24,100.0,109.56577,0.0,-0.3040409
17268.44,100.0,105.82438,0.0,-0.2123518
17268.64,100.0,111.00487,0.0,-0.31777287
17268.84,100.0,110.5176,0.0,-0.2845292
17269.04,100.0,110.363205,0.0,-0.28511095
17269.24,100.0,108.39657,0.0,-0.27610016
17269.44,100.0,106.09756,0.0,-0.25039387
17269.64,100.0,107.079956,0.0,-0.30146742
17269.84,100.0,110.51976,0.0,-0.28632498
17270.04,100.0,111.73775,0.0,-0.30318642
17270.24,100.0,110.31256,0.0,-0.30864
17270.44,100.0,112.70817,0.0,-0.32598257
17270.64,100.0,109.54807,0.0,-0.30391264
17270.84,100.0,114.67549,0.0,-0.32746458
17271.04,100.0,103.145164,0.0,-0.24038792
17271.24,100.0,113.59758,0.0,-0.2700181
17271.44,100.0,110.7984,0.0,-0.32199144
17271.64,100.0,117.61911,0.0,-0.3837161
17271.84,100.0,114.63166,0.0,-0.32123518
17272.04,100.0,110.40936,0.0,-0.2361145
17272.24,100.0,111.47208,0.0,-0.29139996
17272.44,100.0,113.68422,0.0,-0.25245857
17272.64,100.0,112.89482,0.0,-0.29686832
17272.84,100.0,108.69545,0.0,-0.24790192
17273.04,100.0,107.93118,0.0,-0.24362326
17273.24,100.0,105.81127,0.0,-0.1847043
17273.44,100.0,103.14472,0.0,-0.2126832
17273.64,100.0,104.57779,0.0,-0.23360538
17273.84,100.0,109.84775,0.0,-0.22393894
17274.04,100.0,106.724304,0.0,-0.22211552
17274.24,100.0,110.87479,0.0,-0.28561497
17274.44,100.0,115.26013,0.0,-0.29144144
17274.64,100.0,106.46196,0.0,-0.22463131
17274.84,100.0,110.54614,0.0,-0.26027727
17275.04,100.0,110.22499,0.0,-0.2630973
17275.24,100.0,109.917435,0.0,-0.26210833
17275.44,100.0,112.29729,0.0,-0.25863647
17275.64,100.0,102.15228,0.0,-0.21138096
17275.84,100.0,107.40892,0.0,-0.21736956
17276.04,100.0,106.83295,0.0,-0.22087193
17276.24,100.0,102.37035,0.0,-0.19667721
17276.44,100.0,104.353,0.0,-0.19568253
17276.64,100.0,107.49817,0.0,-0.2442298
17276.84,100.0,113.24112,0.0,-0.28064823
17277.04,100.0,113.44577,0.0,-0.25373173
17277.24,100.0,113.68939,0.0,-0.2767787
17277.44,100.0,114.39142,0.0,-0.27894354
17277.64,100.0,106.95896,0.0,-0.23290205
17277.84,100.0,104.97226,0.0,-0.19624805
17278.04,100.0,113.11075,0.0,-0.28591967
17278.24,100.0,115.40426,0.0,-0.32489347
17278.44,100.0,109.03136,0.0,-0.23728848
17278.64,100.0,111.47603,0.0,-0.27202654
17278.84,100.0,103.30065,0.0,-0.1969037
17279.04,100.0,110.19769,0.0,-0.2582364
17279.24,100.0,107.89702,0.0,-0.23934937
17279.44,100.0,110.389854,0.0,-0.25084114
17279.64,100.0,106.136734,0.0,-0.21536016
17279.84,100.0,108.66879,0.0,-0.25643587
17280.04,100.0,108.17618,0.0,-0.22678709
17280.24,100.0,111.404,0.0,-0.25983286
17280.44,100.0,105.33751,0.0,-0.18268633
17280.64,100.0,108.98169,0.0,-0.25901318
17280.84,100.0,118.71132,0.0,-0.31741762
17281.04,100.0,104.2151,0.0,-0.2221961
17281.24,100.0,103.62334,0.0,-0.18321466
17281.44,100.0,112.90024,0.0,-0.2725234
17281.64,100.0,114.09584,0.0,-0.30240726
17281.84,100.0,100.01657,0.0,-0.15193462
17282.04,100.0,108.73575,0.0,-0.24069118
17282.24,100.0,112.60791,0.0,-0.2572112
17282.44,100.0,114.36602,0.0,-0.28481722
17282.64,100.0,107.23833,0.0,-0.22505474
17282.84,100.0,114.94216,0.0,-0.26700592
17283.04,100.0,110.50458,0.0,-0.23847437
17283.24,100.0,114.10724,0.0,-0.25039196
17283.44,100.0,113.8961,0.0,-0.28869057
17283.64,100.0,110.61438,0.0,-0.24150419
17283.84,100.0,119.85477,0.0,-0.33136082
17284.04,100.0,111.44719,0.0,-0.21054363
17284.24,100.0,103.20695,0.0,-0.19802046
17284.44,100.0,111.34053,0.0,-0.2695837
17284.64,100.0,111.71988,0.0,-0.23166752
17284.84,100.0,101.3301,0.0,-0.18924189
17285.04,100.0,107.60501,0.0,-0.26045036
17285.24,100.0,113.510605,0.0,-0.25850534
17285.44,100.0,112.067474,0.0,-0.26654482
17285.64,100.0,114.68997,0.0,-0.25349188
17285.84,100.0,114.01808,0.0,-0.25657797
17286.04,100.0,109.75922,0.0,-0.23764849
17286.24,100.0,110.79715,0.0,-0.25284624
17286.44,100.0,109.56405,0.0,-0.22607422
17286.64,100.0,109.99266,0.0,-0.26354456
17286.84,100.0,118.13641,0.0,-0.29717445
17287.04,100.0,108.49937,0.0,-0.21937275
17287.24,100.0,112.80443,0.0,-0.25211716
17287.44,100.0,109.328995,0.0,-0.20537472
17287.64,100.0,114.76428,0.0,-0.2831154
17287.84,100.0,114.886444,0.0,-0.2650485
17288.04,100.0,116.15802,0.0,-0.29066038
17288.24,100.0,119.553825,0.0,-0.32866955
17288.44,100.0,115.40587,0.0,-0.2793126
17288.64,100.0,108.7372,0.0,-0.22659922
17288.84,100.0,108.84696,0.0,-0.19948721
17289.04,100.0,112.64632,0.0,-0.26201963
17289.24,100.0,117.3802,0.0,-0.28070784
17289.44,100.0,109.34761,0.0,-0.24232674
17289.64,100.0,111.53286,0.0,-0.23488474
17289.84,100.0,112.45984,0.0,-0.27438164
17290.04,100.0,108.29552,0.0,-0.21668577
17290.24,100.0,99.12764,0.0,-0.16015863
17290.44,100.0,113.093864,0.0,-0.2542143
17290.64,100.0,114.55728,0.0,-0.27340364
17290.84,100.0,113.75907,0.0,-0.28067684
17291.04,100.0,114.67205,0.0,-0.26449728
17291.24,100.0,127.00183,0.0,-0.35777044
17291.44,100.0,120.375946,0.0,-0.3309245
17291.64,100.0,108.51442,0.0,-0.22386408
17291.84,100.0,115.88335,0.0,-0.27894878
17292.04,100.0,120.707886,0.0,-0.2862773
17292.24,100.0,119.4335,0.0,-0.27571392
17292.44,100.0,116.96867,0.0,-0.2524438
17292.64,100.0,114.360306,0.0,-0.27296782
17292.84,100.0,112.695435,0.0,-0.21736479
17293.04,100.0,113.50717,0.0,-0.2206626
17293.24,100.0,110.09172,0.0,-0.21778965
17293.44,100.0,115.76137,0.0,-0.2469697
17293.64,100.0,114.69701,0.0,-0.2588358
17293.84,100.0,117.7525,0.0,-0.25750828
17294.04,100.0,116.16206,0.0,-0.2420268
17294.24,100.0,112.75088,0.0,-0.22481823
17294.44,100.0,112.34685,0.0,-0.17814255
17294.64,100.0,113.08799,0.0,-0.22641087
17294.84,100.0,113.84358,0.0,-0.21090078
17295.04,100.0,116.947014,0.0,-0.23132896
17295.24,100.0,114.54779,0.0,-0.22779322
17295.44,100.0,112.0462,0.0,-0.19659472
17295.64,100.0,106.805046,0.0,-0.15398026
17295.84,100.0,113.437485,0.0,-0.20972872
17296.04,100.0,116.79426,0.0,-0.27128077
17296.24,100.0,120.40718,0.0,-0.2627144
17296.44,100.0,114.8479,0.0,-0.2685585
17296.64,100.0,120.04578,0.0,-0.28971195
17296.84,100.0,112.97897,0.0,-0.19348145
17297.04,100.0,111.502045,0.0,-0.17625809
17297.24,100.0,110.71988,0.0,-0.21360731
17297.44,100.0,117.121414,0.0,-0.2801895
17297.64,100.0,119.15886,0.0,-0.27147388
17297.84,100.0,120.408966,0.0,-0.2619171
17298.04,100.0,115.684135,0.0,-0.24905968
17298.24,100.0,120.39695,0.0,-0.2632537
17298.44,100.0,116.44711,0.0,-0.21909523
17298.64,100.0,115.9554,0.0,-0.22693014
17298.84,100.0,113.6142,0.0,-0.18956327
17299.04,100.0,112.72814,0.0,-0.18613243
17299.24,100.0,111.701454,0.0,-0.21893549
17299.44,100.0,115.39034,0.0,-0.1982727
17299.64,100.0,113.55154,0.0,-0.20088768
17299.84,100.0,112.58334,0.0,-0.18251276
17300.04,100.0,107.32898,0.0,-0.16147375
17300.24,100.0,113.343315,0.0,-0.21424198
17300.44,100.0,110.598335,0.0,-0.19301653
17300.64,100.0,113.313934,0.0,-0.26679182
17300.84,100.0,113.322495,0.0,-0.2092433
17301.04,100.0,118.167534,0.0,-0.26881456
17301.24,100.0,115.03354,0.0,-0.21148157
17301.44,100.0,116.27251,0.0,-0.23929405
17301.64,100.0,119.87942,0.0,-0.2463069
17301.84,100.0,117.781456,0.0,-0.2880864
17302.04,100.0,114.59873,0.0,-0.20619774
17302.24,100.0,113.716095,0.0,-0.21564627
17302.44,100.0,120.885735,0.0,-0.2642312
17302.64,100.0,117.97783,0.0,-0.22463131
17302.84,100.0,115.2123,0.0,-0.23634958
17303.04,100.0,117.54968,0.0,-0.25595522
17303.24,100.0,113.79933,0.0,-0.14908981
17303.44,100.0,105.62386,0.0,-0.17218208
17303.64,100.0,115.31474,0.0,-0.22782278
17303.84,100.0,120.7961,0.0,-0.24895
17304.04,100.0,118.00743,0.0,-0.23766613
17304.24,100.0,122.78343,0.0,-0.27915764
17304.44,100.0,115.64299,0.0,-0.18669128
17304.64,100.0,107.65802,0.0,-0.107001305
17304.84,100.0,111.80267,0.0,-0.18623877
17305.04,100.0,110.32442,0.0,-0.13767862
17305.24,100.0,111.3867,0.0,-0.17988157
17305.44,100.0,121.12095,0.0,-0.2568531
17305.64,100.0,118.07672,0.0,-0.21408987
17305.84,100.0,118.17935,0.0,-0.24356604
17306.04,100.0,115.823616,0.0,-0.23386288
17306.24,100.0,114.57431,0.0,-0.16589594
17306.44,100.0,111.74661,0.0,-0.16745663
17306.64,100.0,104.10223,0.0,-0.1345315
17306.84,100.0,112.82786,0.0,-0.15452385
17307.04,100.0,120.17104,0.0,-0.22004509
17307.24,100.0,109.776115,0.0,-0.14994478
17307.44,100.0,113.66245,0.0,-0.16193342
17307.64,100.0,122.38756,0.0,-0.22055101
17307.84,100.0,113.468636,0.0,-0.18375158
17308.04,100.0,112.84219,0.0,-0.14719343
17308.24,100.0,117.9444,0.0,-0.15314102
17308.44,100.0,117.64691,0.0,-0.14479637
17308.64,100.0,116.949234,0.0,-0.13479519
17308.84,100.0,116.80097,0.0,-0.14068413
17309.04,100.0,123.47601,0.0,-0.19719362
17309.24,100.0,116.45744,0.0,-0.15350485
17309.44,100.0,119.42613,0.0,-0.20359135
17309.64,100.0,113.30206,0.0,-0.12174559
17309.84,100.0,118.42728,0.0,-0.13641787
17310.04,100.0,111.27593,0.0,-0.15690994
17310.24,100.0,113.377205,0.0,-0.09893513
17310.44,100.0,113.96175,0.0,-0.10933781
17310.64,100.0,120.1008,0.0,-0.14184093
17310.84,100.0,113.45973,0.0,-0.1054163
17311.04,100.0,111.66822,0.0,-0.10812235
17311.24,100.0,114.99483,0.0,-0.121080875
17311.44,100.0,108.02392,0.0,-0.09320402
17311.64,100.0,115.385086,0.0,-0.115968704
17311.84,100.0,118.539825,0.0,-0.15747452
17312.04,100.0,116.497665,0.0,-0.1333952
17312.24,100.0,118.186165,0.0,-0.09836054
17312.44,100.0,114.925674,0.0,-0.110770226
17312.64,100.0,111.47279,0.0,-0.077120304
17312.84,100.0,111.21098,0.0,-0.093277454
17313.04,100.0,119.26443,0.0,-0.120601654
17313.24,100.0,117.56494,0.0,-0.1045804
17313.44,100.0,123.80548,0.0,-0.18789053
17313.64,100.0,115.57924,0.0,-0.13907814
17313.84,100.0,113.79969,0.0,-0.06829643
17314.04,100.0,115.57042,0.0,-0.09006786
17314.24,100.0,115.99617,0.0,-0.06200576
17314.44,100.0,117.86963,0.0,-0.08430529
17314.64,100.0,119.875656,0.0,-0.15312529
17314.84,100.0,114.480606,0.0,-0.029720068
17315.04,100.0,115.62927,0.0,-0.044162035
17315.24,100.0,120.80223,0.0,-0.16574907
17315.44,100.0,118.41077,0.0,-0.13796997
17315.64,100.0,114.88166,0.0,0.056019783
17315.84,100.0,114.388504,0.0,-0.024832964
17316.04,100.0,112.27347,0.0,0.032691717
17316.24,100.0,118.21572,0.0,0.08670592
17316.44,100.0,115.17929,0.0,0.120152
17316.64,100.0,124.448166,0.0,0.25965428
17316.84,100.0,122.42064,0.0,0.13684106
17317.04,100.0,115.43886,0.0,0.032014847
17317.24,100.0,117.85057,0.0,0.07828951
17317.44,100.0,120.1472,0.0,0.20685649
17317.64,100.0,114.97914,0.0,0.18103647
17317.84,100.0,113.37064,0.0,0.104733706
17318.04,100.0,122.590454,0.0,0.016182661
17318.24,100.0,112.544754,0.0,0.058307648
17318.44,100.0,114.145386,0.0,0.23335648
17318.64,100.0,117.21275,0.0,0.12010193
17318.84,100.0,118.90448,0.0,0.139189
17319.04,100.0,114.91074,0.0,0.08992696
17319.24,100.0,119.8501,0.0,0.13591695
17319.44,100.0,121.1086,0.0,0.04273343
17319.64,100.0,116.177505,0.0,0.021835089
17319.84,100.0,117.83739,0.0,0.08510828
17320.04,100.0,112.22652,0.0,0.095709085
17320.24,100.0,115.226974,0.0,0.3831234
17320.44,100.0,118.810524,0.0,0.35098195
17320.64,100.0,119.56166,0.0,0.46186042
17320.84,100.0,117.08061,0.0,0.741323
17321.04,100.0,118.74532,0.0,0.12536812
17321.24,100.0,110.71707,0.0,0.43115878
17321.44,100.0,119.75511,0.0,0.13758278
17321.64,100.0,115.30867,0.0,0.18091011
17321.84,100.0,117.47195,0.0,0.32177567
17322.04,100.0,119.85478,0.0,0.57050395
17322.24,100.0,114.135376,0.0,0.7298088
17322.44,100.0,116.75979,0.0,0.4448259
17322.64,100.0,120.2475,0.0,0.15783906
17322.84,100.0,115.6308,0.0,0.36907578
17323.04,100.0,117.81871,0.0,0.23610902
17323.24,100.0,119.4031,0.0,0.21069741
17323.44,100.0,119.10175,0.0,0.2829671
17323.64,100.0,115.02827,0.0,0.7718406
17323.84,100.0,118.49243,0.0,0.27431035
17324.04,100.0,117.345474,0.0,0.21896696
17324.24,100.0,119.601875,0.0,0.309191
17324.44,100.0,116.79367,0.0,0.4427166
17324.64,100.0,113.77643,0.0,0.4698665
17324.84,100.0,116.045845,0.0,0.39007497
17325.04,100.0,115.763214,0.0,0.4236765
17325.24,100.0,115.85636,0.0,0.87654066
17325.44,100.0,117.98695,0.0,0.3650565
17325.64,100.0,110.11014,0.0,0.36514616
17325.84,100.0,109.8588,0.0,0.68682337
17326.04,100.0,113.24716,0.0,1.0465579
17326.24,100.0,111.16704,0.0,1.2200701
17326.44,100.0,110.28444,0.0,1.6982622
17326.64,100.0,119.6052,0.0,0.8479245
17326.84,100.0,116.81233,0.0,0.5994375
17327.04,100.0,117.18356,0.0,0.33191562
17327.24,100.0,100.494415,0.0,0.6947186
17327.44,100.0,108.926674,0.0,0.89769197
17327.64,100.0,110.13994,0.0,1.2518079
17327.84,100.0,116.06221,0.0,1.3325367
17328.04,100.0,110.72371,0.0,0.9745455
17328.24,100.0,113.909424,0.0,1.3631251
17328.44,100.0,112.27507,0.0,0.67330265
17328.64,100.0,102.464066,0.0,0.6752844
17328.84,100.0,112.3598,0.0,0.943923
17329.04,100.0,115.9875,0.0,1.154885
17329.24,100.0,113.658615,0.0,1.1021006
17329.44,100.0,112.331314,0.0,0.82947206
17329.64,100.0,109.95645,0.0,1.8496404
17329.84,100.0,113.69927,0.0,1.6372972
17330.04,100.0,120.05903,0.0,0.5828841
17330.24,100.0,118.03273,0.0,1.1695383
17330.44,100.0,117.653786,0.0,0.69133615
17330.64,100.0,107.86744,0.0,2.0671153
17330.84,100.0,107.50128,0.0,2.00344
17331.04,100.0,106.29294,0.0,0.97393656
17331.24,100.0,110.81796,0.0,1.1638501
17331.44,100.0,114.51454,0.0,1.0662661
17331.64,100.0,112.03297,0.0,1.4160831
17331.84,100.0,111.67384,0.0,0.83724713
17332.04,100.0,118.4684,0.0,0.6937375
17332.24,100.0,110.64428,0.0,1.8325961
17332.44,100.0,116.773285,0.0,0.5471797
17332.64,100.0,111.27135,0.0,0.5635414
17332.84,100.0,108.98158,0.0,1.06076
17333.04,100.0,113.4267,0.0,1.4860723
17333.24,100.0,100.48116,0.0,3.4596138
17333.44,100.0,111.25185,0.0,1.0346925
17333.64,100.0,111.60913,0.0,0.5606704
17333.84,100.0,118.26517,0.0,0.9793894
17334.04,100.0,113.68565,0.0,2.0442543
17334.24,100.0,98.21007,0.0,2.4373276
17334.44,100.0,117.510025,0.0,1.4868724
17334.64,100.0,110.43317,0.0,1.7979693
17334.84,100.0,107.70712,0.0,2.235725
17335.04,100.0,112.56868,0.0,1.1853092
17335.24,100.0,108.544044,0.0,1.3676815
17335.44,100.0,110.60521,0.0,1.9815476
17335.64,100.0,111.94036,0.0,1.8436451
17335.84,100.0,119.138245,0.0,0.711385
17336.04,100.0,111.04408,0.0,1.5450828
17336.24,100.0,115.05177,0.0,1.3221653
17336.44,100.0,114.62535,0.0,1.033823
17336.64,100.0,111.02901,0.0,0.98176193
17336.84,100.0,106.407,0.0,1.4792156
17337.04,100.0,111.52533,0.0,1.2846906
17337.24,100.0,106.35657,0.0,1.3291357
17337.44,100.0,109.80852,0.0,1.0546374
17337.64,100.0,109.47954,0.0,1.5881805
17337.84,100.0,101.79762,0.0,3.8530986
17338.04,100.0,108.98776,0.0,2.7875593
17338.24,100.0,99.20009,0.0,2.21692
17338.44,100.0,99.70345,0.0,3.0389965
17338.64,100.0,106.534256,0.0,2.988927
17338.84,100.0,98.68408,0.0,3.262971
17339.04,100.0,105.50598,0.0,2.7013354
17339.24,100.0,102.31717,0.0,2.6650324
17339.44,100.0,115.24075,0.0,1.8310993
17339.64,100.0,101.80677,0.0,2.8685503
17339.84,100.0,96.49113,0.0,3.5030408
17340.04,100.0,102.57784,0.0,4.446551
17340.24,100.0,113.62136,0.0,2.065228
17340.44,100.0,112.38458,0.0,1.4583914
17340.64,100.0,108.52475,0.0,2.2242312
17340.84,100.0,106.27997,0.0,2.5321794
17341.04,100.0,108.06115,0.0,2.3923702
17341.24,100.0,102.05239,0.0,3.441673
17341.44,100.0,102.23948,0.0,3.2495356
17341.64,100.0,113.27706,0.0,1.2791309
17341.84,100.0,106.91209,0.0,2.50623
17342.04,100.0,102.32381,0.0,2.9660304
17342.24,100.0,104.21705,0.0,2.4751434
17342.44,100.0,109.3976,0.0,1.8944519
17342.64,100.0,113.68208,0.0,1.7002614
17342.84,100.0,109.86519,0.0,1.8382957
17343.04,100.0,121.48516,0.0,0.9173248
17343.24,100.0,115.02356,0.0,1.257684
17343.44,100.0,107.859634,0.0,2.4174452
17343.64,100.0,109.19127,0.0,2.896556
17343.84,100.0,112.48131,0.0,1.9433707
17344.04,100.0,114.73505,0.0,0.81590223
17344.24,100.0,108.157326,0.0,1.3806129
17344.44,100.0,107.19018,0.0,1.9622408
17344.64,100.0,105.80516,0.0,2.2478957
17344.84,100.0,105.39493,0.0,2.1183765
17345.04,100.0,105.46084,0.0,2.9947505
17345.24,100.0,98.120834,0.0,3.4713166
17345.44,100.0,99.17643,0.0,3.8468807
17345.64,100.0,115.74286,0.0,0.994221
17345.84,100.0,108.4431,0.0,2.1757421
17346.04,100.0,108.06033,0.0,2.4510736
17346.24,100.0,114.296,0.0,2.1923037
17346.44,100.0,110.70235,0.0,2.4581566
17346.64,100.0,108.06627,0.0,1.8644955
17346.84,100.0,109.432205,0.0,2.0282536
17347.04,100.0,105.77135,0.0,3.2987957
17347.24,100.0,105.82335,0.0,2.9613333
17347.44,100.0,111.794846,0.0,2.2071855
17347.64,100.0,113.955,0.0,1.7649796
17347.84,100.0,104.61052,0.0,1.7682087
17348.04,100.0,112.72669,0.0,2.8723927
17348.24,100.0,106.520836,0.0,2.487905
17348.44,100.0,105.705086,0.0,2.3067236
17348.64,100.0,103.55328,0.0,2.6283052
17348.84,100.0,105.71485,0.0,2.2791426
17349.04,100.0,102.681595,0.0,3.3389063
17349.24,100.0,108.67254,0.0,2.2003872
17349.44,100.0,93.82544,0.0,4.0150175
17349.64,100.0,108.379105,0.0,2.1472213
17349.84,100.0,108.49273,0.0,2.49994
17350.04,100.0,103.11352,0.0,3.2133884
17350.24,100.0,111.1056,0.0,1.7815778
17350.44,100.0,108.2289,0.0,1.9457868
17350.64,100.0,113.13731,0.0,2.2074766
17350.84,100.0,106.05321,0.0,2.4914317
17351.04,100.0,106.5912,0.0,2.7250924
17351.24,100.0,109.599335,0.0,2.7498207
17351.44,100.0,110.033066,0.0,1.5429516
17351.64,100.0,104.0363,0.0,3.2510116
17351.84,100.0,111.27771,0.0,2.2750564
17352.04,100.0,108.648056,0.0,2.033106
17352.24,100.0,111.92636,0.0,2.1298687
17352.44,100.0,110.8293,0.0,1.6124129
17352.64,100.0,100.98632,0.0,2.745607
17352.84,100.0,114.05957,0.0,1.3062303
17353.04,100.0,114.96497,0.0,1.7472303
17353.24,100.0,118.75604,0.0,1.0754426
17353.44,100.0,109.18463,0.0,2.6556635
17353.64,100.0,110.006424,0.0,2.1565533
17353.84,100.0,104.05041,0.0,1.855659
17354.04,100.0,94.697845,0.0,3.5675752
17354.24,100.0,109.84737,0.0,2.1311994
17354.44,100.0,104.00691,0.0,2.3388638
17354.64,100.0,114.744095,0.0,1.227097
17354.84,100.0,113.47872,0.0,0.6860883
17355.04,100.0,107.39232,0.0,1.0789676
17355.24,100.0,115.50513,0.0,1.1453722
17355.44,100.0,108.616005,0.0,0.93137336
17355.64,100.0,107.100174,0.0,1.544456
17355.84,100.0,109.32868,0.0,2.3830638
17356.04,100.0,107.636406,0.0,1.8745449
17356.24,100.0,105.79137,0.0,3.155097
17356.44,100.0,101.15635,0.0,3.2568383
17356.64,100.0,114.20517,0.0,1.3869386
17356.84,100.0,108.4691,0.0,2.3597746
17357.04,100.0,106.52783,0.0,1.6000407
17357.24,100.0,107.23198,0.0,1.5554516
17357.44,100.0,101.19572,0.0,2.4782462
17357.64,100.0,104.087265,0.0,2.510593
17357.84,100.0,104.34095,0.0,3.1090014
17358.04,100.0,114.2469,0.0,2.0320868
17358.24,100.0,111.25689,0.0,1.5120378
17358.44,100.0,109.54205,0.0,2.0337124
17358.64,100.0,108.14843,0.0,1.9592173
17358.84,100.0,105.99332,0.0,1.4108188
17359.04,100.0,112.1612,0.0,1.4659626
17359.24,100.0,109.975365,0.0,2.3528552
17359.44,100.0,114.7659,0.0,1.277844
17359.64,100.0,108.298485,0.0,0.92003226
17359.84,100.0,97.167595,0.0,2.2930655
17360.04,100.0,101.61176,0.0,2.7818499
17360.24,100.0,105.741684,0.0,2.763804
17360.44,100.0,100.489975,0.0,1.865633
17360.64,100.0,96.26033,0.0,3.270415
17360.84,100.0,108.1985,0.0,2.749186
17361.04,100.0,100.425255,0.0,3.5276127
17361.24,100.0,109.44637,0.0,2.2369428
17361.44,100.0,111.520615,0.0,1.1669185
17361.64,100.0,111.72348,0.0,1.3684852
17361.84,100.0,106.51389,0.0,2.4384956
17362.04,100.0,102.48673,0.0,2.2647858
17362.24,100.0,106.70058,0.0,2.473466
17362.44,100.0,108.73082,0.0,2.0433266
17362.64,100.0,116.770546,0.0,1.5731514
17362.84,100.0,110.26335,0.0,2.2212577
17363.04,100.0,117.59552,0.0,1.606909
17363.24,100.0,109.84572,0.0,2.9317172
17363.44,100.0,112.211044,0.0,2.6280699
17363.64,100.0,109.25487,0.0,2.1038175
17363.84,100.0,113.96843,0.0,1.5715184
17364.04,100.0,108.34255,0.0,2.4425802
17364.24,100.0,105.5137,0.0,2.7678485
17364.44,100.0,110.49931,0.0,2.2064748
17364.64,100.0,115.76837,0.0,1.7198377
17364.84,100.0,107.38163,0.0,2.4138575
17365.04,100.0,103.933014,0.0,3.0368297
17365.24,100.0,108.92984,0.0,2.3203955
17365.44,100.0,108.26491,0.0,1.2263772
17365.64,100.0,103.08547,0.0,1.0734856
17365.84,100.0,113.652985,0.0,0.8629403
17366.04,100.0,114.3526,0.0,1.0291753
17366.24,100.0,108.42042,0.0,2.2068913
17366.44,100.0,107.254814,0.0,1.8561251
17366.64,100.0,109.878494,0.0,2.4265184
17366.84,100.0,112.61925,0.0,2.4173748
17367.04,100.0,109.51373,0.0,1.0620203
17367.24,100.0,111.38629,0.0,0.8628216
17367.44,100.0,113.12874,0.0,1.2825179
17367.64,100.0,106.41163,0.0,1.2464764
17367.84,100.0,104.84655,0.0,1.9188538
17368.04,100.0,101.164406,0.0,4.3320665
17368.24,100.0,99.15391,0.0,2.9267964
17368.44,100.0,105.964355,0.0,2.7025762
17368.64,100.0,121.69391,0.0,1.0482831
17368.84,100.0,107.6839,0.0,1.7557974
17369.04,100.0,113.09684,0.0,1.3779819
17369.24,100.0,110.04871,0.0,2.0424633
17369.44,100.0,119.265274,0.0,0.9797683
17369.64,100.0,101.93226,0.0,2.7643142
17369.84,100.0,119.819725,0.0,0.98529124
17370.04,100.0,113.64043,0.0,0.67148614
17370.24,100.0,113.16321,0.0,1.3068063
17370.44,100.0,108.41191,0.0,1.64763
17370.64,100.0,106.82584,0.0,2.0671053
17370.84,100.0,105.66998,0.0,2.436966
17371.04,100.0,106.10556,0.0,2.6552172
17371.24,100.0,118.40831,0.0,0.55317163
17371.44,100.0,110.90757,0.0,1.4552817
17371.64,100.0,116.24469,0.0,1.7305815
17371.84,100.0,115.38918,0.0,0.6926887
17372.04,100.0,104.97257,0.0,1.8350017
17372.24,100.0,113.557724,0.0,1.3750131
17372.44,100.0,110.71278,0.0,1.9929186
17372.64,100.0,116.76698,0.0,1.7451642
17372.84,100.0,119.05341,0.0,0.7080436
17373.04,100.0,119.07712,0.0,1.0160611
17373.24,100.0,110.262634,0.0,0.86995673
17373.44,100.0,115.09238,0.0,1.2431188
17373.64,100.0,112.3257,0.0,0.32646537
17373.84,100.0,109.103455,0.0,1.4247708
17374.04,100.0,109.141045,0.0,1.4826517
17374.24,100.0,116.845055,0.0,0.88377714
17374.44,100.0,112.87522,0.0,0.6968107
17374.64,100.0,117.09021,0.0,1.2132299
17374.84,100.0,116.40825,0.0,1.0810664
17375.04,100.0,111.147736,0.0,2.587798
17375.24,100.0,112.245026,0.0,2.3756068
17375.44,100.0,123.691826,0.0,0.5941613
17375.64,100.0,113.61152,0.0,1.8160198
17375.84,100.0,116.57994,0.0,1.6273515
17376.04,100.0,113.978516,0.0,1.5697789
17376.24,100.0,122.72016,0.0,0.42031837
17376.44,100.0,107.06886,0.0,1.0213737
17376.64,100.0,108.19281,0.0,1.1499372
17376.84,100.0,118.714355,0.0,0.6725385
17377.04,100.0,113.57576,0.0,1.4508238
17377.24,100.0,106.42502,0.0,1.0971162
17377.44,100.0,114.01043,0.0,0.44009256
17377.64,100.0,103.38309,0.0,0.6657686
17377.84,100.0,116.63173,0.0,1.1341164
17378.04,100.0,116.68642,0.0,0.5374687
17378.24,100.0,114.63936,0.0,0.72253275
17378.44,100.0,123.77718,0.0,0.61688066
17378.64,100.0,118.95621,0.0,0.71530056
17378.84,100.0,114.384796,0.0,0.5080466
17379.04,100.0,118.56947,0.0,0.22493815
17379.24,100.0,118.865524,0.0,0.34451628
17379.44,100.0,119.32853,0.0,0.5260575
17379.64,100.0,107.97703,0.0,0.76126313
17379.84,100.0,123.68832,0.0,0.4462266
17380.04,100.0,114.83751,0.0,0.20404148
17380.24,100.0,112.744095,0.0,0.26722574
17380.44,100.0,111.61568,0.0,0.29087496
17380.64,100.0,120.749985,0.0,1.4849863
17380.84,100.0,115.48276,0.0,0.6588967
17381.04,100.0,117.55205,0.0,0.40219712
17381.24,100.0,113.81987,0.0,0.108985186
17381.44,100.0,111.56387,0.0,0.102585316
17381.64,100.0,115.307526,0.0,0.38401937
17381.84,100.0,122.59331,0.0,0.18985963
17382.04,100.0,115.85513,0.0,0.04966283
17382.24,100.0,122.52043,0.0,0.3563552
17382.44,100.0,115.88049,0.0,0.53617454
17382.64,100.0,118.338974,0.0,0.31736922
17382.84,100.0,106.02105,0.0,0.7830851
17383.04,100.0,117.388016,0.0,0.40794373
17383.24,100.0,121.02381,0.0,0.8529935
17383.44,100.0,114.46717,0.0,1.0004711
17383.64,100.0,117.32558,0.0,0.39880848
17383.84,100.0,123.88245,0.0,0.9361403
17384.04,100.0,124.05667,0.0,0.5530648
17384.24,100.0,116.320366,0.0,0.7831807
17384.44,100.0,119.486336,0.0,0.9538326
17384.64,100.0,125.4599,0.0,0.24189448
17384.84,100.0,117.959,0.0,0.24263
17385.04,100.0,114.453125,0.0,0.50302076
17385.24,100.0,115.39209,0.0,0.6012747
17385.44,100.0,109.185326,0.0,0.77536225
17385.64,100.0,121.99725,0.0,0.11271763
17385.84,100.0,125.59709,0.0,0.3837359
17386.04,100.0,123.75838,0.0,0.91346025
17386.24,100.0,113.4415,0.0,1.1241531
17386.44,100.0,117.58185,0.0,0.85019493
17386.64,100.0,112.5923,0.0,0.021799803
17386.84,100.0,99.97153,0.0,0.09270692
17387.04,100.0,115.60947,0.0,0.37919545
17387.24,100.0,124.28293,0.0,0.101656914
17387.44,100.0,119.22835,0.0,0.11946297
17387.64,100.0,110.70217,0.0,0.14069963
17387.84,100.0,125.13347,0.0,0.41969562
17388.04,100.0,122.74979,0.0,0.19843149
17388.24,100.0,124.3902,0.0,0.32825112
17388.44,100.0,118.650696,0.0,0.66231155
17388.64,100.0,113.28485,0.0,0.06877446
17388.84,100.0,111.53755,0.0,1.3967147
17389.04,100.0,120.54131,0.0,0.13826752
17389.24,100.0,116.0436,0.0,0.121074915
17389.44,100.0,126.12964,0.0,0.74779105
17389.64,100.0,119.97881,0.0,0.13709235
17389.84,100.0,109.20514,0.0,0.06429744
17390.04,100.0,118.00823,0.0,0.28365254
17390.24,100.0,108.99576,0.0,0.2046256
17390.44,100.0,117.37039,0.0,1.0281122
17390.64,100.0,136.35434,0.0,0.5648992
17390.84,100.0,115.91762,0.0,0.059257746
17391.04,100.0,122.454056,0.0,0.14780855
17391.24,100.0,99.670685,0.0,0.002389431
17391.44,100.0,97.80896,0.0,0.0026156902
17391.64,100.0,111.68619,0.0,0.04928851
17391.84,100.0,116.41391,0.0,0.33209038
17392.04,100.0,115.46757,0.0,0.3419919
17392.24,100.0,123.4975,0.0,1.5604241
17392.44,100.0,116.55288,0.0,0.64413285
17392.64,100.0,114.95006,0.0,0.66352654
17392.84,100.0,119.230835,0.0,0.48415232
17393.04,100.0,113.29115,0.0,1.1645911
17393.24,100.0,111.26211,0.0,0.08078408
17393.44,100.0,114.02959,0.0,0.24442816
17393.64,100.0,118.35294,0.0,0.8475616
17393.84,100.0,121.0321,0.0,0.8031585
17394.04,100.0,121.39093,0.0,0.20302033
17394.24,100.0,123.06572,0.0,0.4381752
17394.44,100.0,122.18019,0.0,0.49181318
17394.64,100.0,108.11658,0.0,0.20720649
17394.84,100.0,101.51184,0.0,-0.01949048
17395.04,100.0,104.1114,0.0,0.20239162
17395.24,100.0,122.14087,0.0,0.6406734
17395.44,100.0,103.89938,0.0,0.05619216
17395.64,100.0,117.54607,0.0,0.10592866
17395.84,100.0,120.296715,0.0,1.1869433
17396.04,100.0,121.77983,0.0,0.4500966
17396.24,100.0,119.7099,0.0,0.0939579
17396.44,100.0,121.897446,0.0,0.3266375
17396.64,100.0,124.49628,0.0,0.6182146
17396.84,100.0,110.12071,0.0,0.18090725
17397.04,100.0,112.73069,0.0,-0.07332945
17397.24,100.0,116.21018,0.0,0.17506695
17397.44,100.0,131.8653,0.0,0.29820085
17397.64,100.0,108.18031,0.0,-0.10252094
17397.84,100.0,104.07262,0.0,0.104061365
17398.04,100.0,115.38342,0.0,0.11584258
17398.24,100.0,103.77688,0.0,-0.030148983
17398.44,100.0,84.83967,0.0,-0.081302166
17398.64,100.0,124.037125,0.0,0.14336872
17398.84,100.0,123.06151,0.0,0.66653085
17399.04,100.0,111.778046,0.0,1.3577514
17399.24,100.0,115.3978,0.0,0.058520317
17399.44,100.0,109.19919,0.0,0.14639044
17399.64,100.0,99.60233,0.0,0.016055346
17399.84,100.0,107.45773,0.0,0.09682202
17400.04,100.0,121.383606,0.0,0.69694734
17400.24,100.0,113.60395,0.0,1.5184166
17400.44,100.0,109.375946,0.0,0.24848366
17400.64,100.0,120.91505,0.0,0.20122361
17400.84,100.0,99.640366,0.0,-0.04893136
17401.04,100.0,100.93034,0.0,-0.042656183
17401.24,100.0,111.8879,0.0,0.6354139
17401.44,100.0,123.12274,0.0,0.39470053
17401.64,100.0,107.429665,0.0,0.21914673
17401.84,100.0,116.73405,0.0,0.2632954
17402.04,100.0,94.609825,0.0,-0.07407713
17402.24,100.0,96.798454,0.0,0.54587436
17402.44,100.0,94.92604,0.0,0.25921154
17402.64,100.0,122.986115,0.0,0.5200193
17402.84,100.0,118.64283,0.0,0.43617797
17403.04,100.0,117.87227,0.0,1.1378641
17403.24,100.0,112.3779,0.0,0.46053982
17403.44,100.0,119.34387,0.0,0.12584615
17403.64,100.0,108.75122,0.0,0.28013635
17403.84,100.0,106.22389,0.0,0.04396653
17404.04,100.0,111.25743,0.0,-0.014868021
17404.24,100.0,119.07987,0.0,0.3272643
17404.44,100.0,114.61583,0.0,0.58382225
17404.64,100.0,115.46234,0.0,0.92060447
17404.84,100.0,124.48505,0.0,0.40468335
17405.04,100.0,117.94246,0.0,0.19390726
17405.24,100.0,117.47722,0.0,1.1833329
17405.44,100.0,118.17171,0.0,0.8423636
17405.64,100.0,114.23208,0.0,0.27476525
17405.84,100.0,112.84966,0.0,0.70402646
17406.04,100.0,112.15936,0.0,2.0475965
17406.24,100.0,111.77701,0.0,0.70517707
17406.44,100.0,112.27979,0.0,0.5466335
17406.64,100.0,111.7173,0.0,0.6617296
17406.84,100.0,102.89684,0.0,0.1385541
17407.04,100.0,107.16369,0.0,0.03490615
17407.24,100.0,103.54472,0.0,-0.059004545
17407.44,100.0,101.09183,0.0,0.11686683
17407.64,100.0,107.44264,0.0,1.4797015
17407.84,100.0,117.99979,0.0,0.1609714
17408.04,100.0,104.716675,0.0,0.13379931
17408.24,100.0,99.01419,0.0,-0.04108119
17408.44,100.0,114.6684,0.0,0.25963497
17408.64,100.0,117.08652,0.0,0.091542006
17408.84,100.0,107.67222,0.0,0.70680666
17409.04,100.0,114.90118,0.0,0.34340405
17409.24,100.0,119.85,0.0,0.7105293
17409.44,100.0,106.118576,0.0,-0.016815186
17409.64,100.0,116.75435,0.0,0.14416504
17409.84,100.0,116.541626,0.0,0.45401263
17410.04,100.0,107.13971,0.0,0.33554053
17410.24,100.0,114.37061,0.0,0.23144603
17410.44,100.0,111.839905,0.0,0.19141364
17410.64,100.0,95.233955,0.0,0.26681423
17410.84,100.0,117.054245,0.0,0.56142235
17411.04,100.0,117.1445,0.0,0.111245155
17411.24,100.0,91.66821,0.0,0.078599215
17411.44,100.0,120.555824,0.0,0.110370636
17411.64,100.0,110.9026,0.0,0.076245785
17411.84,100.0,112.29922,0.0,0.87939787
17412.04,100.0,119.1153,0.0,0.30862355
17412.24,100.0,113.36508,0.0,0.21242571
17412.44,100.0,110.64369,0.0,0.06896806
17412.64,100.0,114.76169,0.0,0.18749928
17412.84,100.0,112.723785,0.0,0.01663065
17413.04,100.0,112.28255,0.0,0.27996802
17413.24,100.0,111.63068,0.0,0.19899869
17413.44,100.0,110.306946,0.0,0.24384308
17413.64,100.0,111.6282,0.0,0.04711795
17413.84,100.0,97.59715,0.0,0.016119957
17414.04,100.0,117.283325,0.0,0.10329032
17414.24,100.0,111.18922,0.0,0.3664224
17414.44,100.0,114.90941,0.0,1.1343634
17414.64,100.0,111.33972,0.0,1.8367918
17414.84,100.0,111.409996,0.0,1.2800922
17415.04,100.0,114.38983,0.0,0.77687097
17415.24,100.0,115.61344,0.0,0.6080196
17415.44,100.0,108.33608,0.0,0.39189148
17415.64,100.0,111.437195,0.0,0.93949556
17415.84,100.0,109.138336,0.0,0.13400126
17416.04,100.0,103.79404,0.0,0.43489313
17416.24,100.0,104.19931,0.0,0.045495987
17416.44,100.0,113.87546,0.0,0.42871904
17416.64,100.0,102.33954,0.0,0.046609163
17416.84,100.0,106.00239,0.0,0.28692293
17417.04,100.0,106.78863,0.0,0.23469329
17417.24,100.0,107.57663,0.0,1.9212828
17417.44,100.0,113.53444,0.0,0.52181697
17417.64,100.0,106.92338,0.0,0.7292721
17417.84,100.0,117.62634,0.0,1.045932
17418.04,100.0,112.90226,0.0,1.3257871
17418.24,100.0,116.929016,0.0,0.23085284
17418.44,100.0,107.09245,0.0,0.03665638
17418.64,100.0,115.0401,0.0,1.3662629
17418.84,100.0,108.913864,0.0,0.7370939
17419.04,100.0,107.71129,0.0,0.52241015
17419.24,100.0,107.509476,0.0,1.012876
17419.44,100.0,107.582016,0.0,0.39990282
17419.64,100.0,109.385216,0.0,0.19701123
17419.84,100.0,99.70601,0.0,0.21670556
17420.04,100.0,104.26117,0.0,0.37188458
17420.24,100.0,116.0844,0.0,0.278965
17420.44,100.0,117.87073,0.0,0.3702643
17420.64,100.0,107.985535,0.0,-0.00798893
17420.84,100.0,112.97388,0.0,0.9393172
17421.04,100.0,109.25597,0.0,0.16165423
17421.24,100.0,101.1836,0.0,0.06111121
17421.44,100.0,111.609535,0.0,0.64378214
17421.64,100.0,102.15028,0.0,0.14591551
17421.84,100.0,104.04203,0.0,0.297045
17422.04,100.0,106.63896,0.0,0.535264
17422.24,100.0,106.840744,0.0,1.2937863
17422.44,100.0,110.29164,0.0,0.7151592
17422.64,100.0,115.12483,0.0,0.5243552
17422.84,100.0,111.70534,0.0,0.14208937
17423.04,100.0,115.63208,0.0,1.1698036
17423.24,100.0,115.06004,0.0,1.0347595
17423.44,100.0,98.70939,0.0,0.4855442
17423.64,100.0,113.32114,0.0,0.232445
17423.84,100.0,108.92714,0.0,0.3403542
17424.04,100.0,97.251686,0.0,-0.11911821
17424.24,100.0,106.973785,0.0,-0.03428483
17424.44,100.0,110.23034,0.0,0.047121286
17424.64,100.0,95.34775,0.0,0.12303233
17424.84,100.0,98.14262,0.0,0.08946133
17425.04,100.0,114.95741,0.0,0.12266779
17425.24,100.0,106.35257,0.0,0.59652495
17425.44,100.0,98.14693,0.0,0.14272428
17425.64,100.0,104.76728,0.0,0.23022723
17425.84,100.0,97.25067,0.0,0.14726901
17426.04,100.0,100.857,0.0,1.1256037
17426.24,100.0,106.99861,0.0,0.41480565
17426.44,100.0,112.63218,0.0,0.68294024
17426.64,100.0,114.02977,0.0,0.3957212
17426.84,100.0,109.9785,0.0,0.22386765
17427.04,100.0,107.83502,0.0,0.020985365
17427.24,100.0,102.210434,0.0,-0.060769796
17427.44,100.0,110.9386,0.0,0.120891094
17427.64,100.0,104.75127,0.0,0.2999959
17427.84,100.0,97.07241,0.0,0.003945112
17428.04,100.0,104.97208,0.0,0.4952619
17428.24,100.0,101.693146,0.0,0.1740377
17428.44,100.0,110.81772,0.0,0.731874
17428.64,100.0,106.77756,0.0,0.31038523
17428.84,100.0,109.13661,0.0,1.4495399
17429.04,100.0,114.64305,0.0,0.32830334
17429.24,100.0,103.10348,0.0,0.15301347
17429.44,100.0,105.857315,0.0,0.7525451
17429.64,100.0,118.33911,0.0,0.13793778
17429.84,100.0,102.31988,0.0,-0.0053343773
17430.04,100.0,107.04742,0.0,1.1048872
17430.24,100.0,114.90252,0.0,0.45255446
17430.44,100.0,101.62501,0.0,0.39373732
17430.64,100.0,113.56094,0.0,1.2792373
17430.84,100.0,113.28217,0.0,0.32227015
17431.04,100.0,108.858,0.0,0.67034316
17431.24,100.0,109.123375,0.0,0.59088707
17431.44,100.0,109.99873,0.0,0.22487807
17431.64,100.0,93.983894,0.0,-0.06808686
17431.84,100.0,99.460014,0.0,0.36793256
17432.04,100.0,105.5175,0.0,0.09897733
17432.24,100.0,107.69275,0.0,0.6339636
17432.44,100.0,113.15003,0.0,0.12672353
17432.64,100.0,106.680214,0.0,0.2528789
17432.84,100.0,107.57117,0.0,0.09460807
17433.04,100.0,106.003555,0.0,0.05538416
17433.24,100.0,107.65042,0.0,0.20388031
17433.44,100.0,98.70705,0.0,0.05011511
17433.64,100.0,100.668274,0.0,0.19975781
17433.84,100.0,101.19576,0.0,0.053822756
17434.04,100.0,109.6512,0.0,0.10815835
17434.24,100.0,92.63369,0.0,-0.03410268
17434.44,100.0,112.98578,0.0,0.30544305
17434.64,100.0,112.94596,0.0,1.5245297
17434.84,100.0,103.37582,0.0,0.35703588
17435.04,100.0,104.208305,0.0,0.9707041
17435.24,100.0,104.68695,0.0,0.16994548
17435.44,100.0,115.551605,0.0,0.24312425
17435.64,100.0,101.80842,0.0,-0.048832178
17435.84,100.0,91.08214,0.0,-0.099078655
17436.04,100.0,103.830765,0.0,0.09541416
17436.24,100.0,111.267975,0.0,0.28573036
17436.44,100.0,96.65853,0.0,-0.06574798
17436.64,100.0,99.466866,0.0,-0.08320713
17436.84,100.0,104.7925,0.0,0.6851809
17437.04,100.0,105.88193,0.0,0.5925348
17437.24,100.0,100.44692,0.0,0.12060881
17437.44,100.0,101.25439,0.0,0.07559967
17437.64,100.0,93.58531,0.0,0.04992318
17437.84,100.0,91.13834,0.0,0.000385046
17438.04,100.0,93.54927,0.0,0.003809929
17438.24,100.0,109.545135,0.0,0.8016784
17438.44,100.0,112.680435,0.0,0.15268731
17438.64,100.0,90.36762,0.0,-0.114896774
17438.84,100.0,104.779945,0.0,0.07396603
17439.04,100.0,115.63344,0.0,0.45287466
17439.24,100.0,94.05791,0.0,-0.06268239
17439.44,100.0,93.74731,0.0,-0.009472132
17439.64,100.0,94.513016,0.0,0.54663086
17439.84,100.0,105.7693,0.0,0.66299915
17440.04,100.0,90.570305,0.0,-0.03262782
17440.24,100.0,91.78554,0.0,-0.06831074
17440.44,100.0,96.15294,0.0,0.2217524
17440.64,100.0,110.402855,0.0,0.65537834
17440.84,100.0,104.91281,0.0,-0.009629011
17441.04,100.0,110.36432,0.0,0.070759535
17441.24,100.0,95.05466,0.0,-0.04573679
17441.44,100.0,106.42995,0.0,0.3561418
17441.64,100.0,94.947525,0.0,0.039292574
17441.84,100.0,94.22925,0.0,-0.039829493
17442.04,100.0,101.12667,0.0,0.52211595
17442.24,100.0,109.0372,0.0,0.066903114
17442.44,100.0,107.86415,0.0,0.5003779
17442.64,100.0,106.4393,0.0,0.1747067
17442.84,100.0,106.08399,0.0,0.6023114
17443.04,100.0,107.68686,0.0,0.43020058
17443.24,100.0,108.57474,0.0,0.82071877
17443.44,100.0,113.69358,0.0,0.3510437
17443.64,100.0,114.12716,0.0,0.1504879
17443.84,100.0,110.23927,0.0,0.036064625
17444.04,100.0,104.52469,0.0,0.34000707
17444.24,100.0,99.93727,0.0,0.15175104
17444.44,100.0,99.15376,0.0,0.2924788
17444.64,100.0,106.86101,0.0,0.26750207
17444.84,100.0,80.97718,0.0,-0.045292616
17445.04,100.0,86.58878,0.0,-0.037410736
17445.24,100.0,110.07683,0.0,0.162565
17445.44,100.0,95.61036,0.0,0.0015425682
17445.64,100.0,97.60604,0.0,0.26630974
17445.84,100.0,110.95726,0.0,0.692724
17446.04,100.0,110.954605,0.0,0.2590587
17446.24,100.0,100.24785,0.0,1.5306792
17446.44,100.0,112.9677,0.0,1.1371255
17446.64,100.0,99.8595,0.0,0.2159648
17446.84,100.0,107.28505,0.0,0.29759073
17447.04,100.0,104.7142,0.0,0.40684032
17447.24,100.0,112.42981,0.0,0.6789973
17447.44,100.0,89.42567,0.0,-0.058333397
17447.64,100.0,95.31337,0.0,0.1288619
17447.84,100.0,107.35144,0.0,0.2618556
17448.04,100.0,109.580246,0.0,0.27018762
17448.24,100.0,97.448135,0.0,0.33439612
17448.44,100.0,107.61986,0.0,0.23746276
17448.64,100.0,109.00808,0.0,0.38209844
17448.84,100.0,111.731766,0.0,0.9590006
17449.04,100.0,98.8965,0.0,0.034784317
17449.24,100.0,99.22653,0.0,0.09946966
17449.44,100.0,109.4592,0.0,0.34624743
17449.64,100.0,105.21916,0.0,0.13261509
17449.84,100.0,88.47055,0.0,0.050154924
17450.04,100.0,80.01841,0.0,-0.05735588
17450.24,100.0,101.102104,0.0,0.48440313
17450.44,100.0,94.15047,0.0,0.192801
17450.64,100.0,106.096,0.0,0.47931457
17450.84,100.0,118.680595,0.0,0.77978444
17451.04,100.0,118.17455,0.0,0.83437634
17451.24,100.0,99.10405,0.0,0.10212827
17451.44,100.0,104.29625,0.0,0.2001133
17451.64,100.0,99.21083,0.0,0.23222232
17451.84,100.0,102.5981,0.0,2.5063462
17452.04,100.0,99.750305,0.0,0.1922431
17452.24,100.0,92.66947,0.0,-0.0037248135
17452.44,100.0,109.84987,0.0,1.9310994
17452.64,100.0,103.91234,0.0,1.1179082
17452.84,100.0,100.45587,0.0,0.13444352
17453.04,100.0,109.53561,0.0,0.26869798
17453.24,100.0,110.36345,0.0,0.76197696
17453.44,100.0,99.450836,0.0,0.7343488
17453.64,100.0,110.58781,0.0,0.24807072
17453.84,100.0,105.600815,0.0,0.12797451
17454.04,100.0,103.333885,0.0,0.12563491
17454.24,100.0,106.96961,0.0,0.5655196
17454.44,100.0,100.85484,0.0,0.019325018
17454.64,100.0,102.209145,0.0,0.28086877
17454.84,100.0,109.31566,0.0,1.1597545
17455.04,100.0,110.47941,0.0,1.279697
17455.24,100.0,95.83856,0.0,0.27532005
17455.44,100.0,101.901306,0.0,0.4870956
17455.64,100.0,93.78125,0.0,0.18845415
17455.84,100.0,96.13312,0.0,0.7172921
17456.04,100.0,95.96759,0.0,0.48944306
17456.24,100.0,98.05066,0.0,0.981678
17456.44,100.0,104.140526,0.0,1.3191893
17456.64,100.0,113.715454,0.0,1.1092415
17456.84,100.0,108.54968,0.0,0.24741387
17457.04,100.0,98.54059,0.0,0.14661002
17457.24,100.0,98.73955,0.0,0.59195447
17457.44,100.0,101.70696,0.0,0.39705515
17457.64,100.0,106.55425,0.0,0.28370738
17457.84,100.0,91.32109,0.0,0.14533758
17458.04,100.0,103.073494,0.0,0.25919175
17458.24,100.0,102.16542,0.0,0.3301835
17458.44,100.0,96.558495,0.0,0.5022719
17458.64,100.0,93.649506,0.0,1.4779005
17458.84,100.0,114.02887,0.0,2.1606526
17459.04,100.0,99.960556,0.0,2.6304662
17459.24,100.0,88.53895,0.0,0.49813962
17459.44,100.0,98.25568,0.0,1.127579
17459.64,100.0,100.885956,0.0,0.6774187
17459.84,100.0,109.71265,0.0,0.4609766
17460.04,100.0,103.332466,0.0,0.35744357
17460.24,100.0,106.7758,0.0,0.6337414
17460.44,100.0,112.74667,0.0,0.53614926
17460.64,100.0,99.94716,0.0,0.2585256
17460.84,100.0,101.40127,0.0,0.37355113
17461.04,100.0,110.32153,0.0,0.28518414
17461.24,100.0,102.05911,0.0,0.7957227
17461.44,100.0,98.68409,0.0,0.25768614
17461.64,100.0,104.59509,0.0,1.0186267
17461.84,100.0,101.2392,0.0,1.0808177
17462.04,100.0,105.82983,0.0,1.6624274
17462.24,100.0,102.22652,0.0,0.7491565
17462.44,100.0,101.06337,0.0,0.46813345
17462.64,100.0,105.13946,0.0,0.8381939
17462.84,100.0,84.974724,0.0,-0.06499696
17463.04,100.0,92.71808,0.0,0.09761095
17463.24,100.0,109.88448,0.0,0.6679354
17463.44,100.0,98.59404,0.0,0.60662794
17463.64,100.0,93.44967,0.0,0.060468912
17463.84,100.0,102.21681,0.0,0.124066114
17464.04,100.0,99.89281,0.0,0.01311636
17464.24,100.0,106.18535,0.0,0.25256014
17464.44,100.0,107.818726,0.0,0.20896935
17464.64,100.0,91.88615,0.0,0.059589148
17464.84,100.0,104.41156,0.0,1.9478685
17465.04,100.0,100.05416,0.0,0.4614389
17465.24,100.0,98.45464,0.0,0.60354424
17465.44,100.0,103.789314,0.0,0.6003623
17465.64,100.0,98.27163,0.0,0.13292098
17465.84,100.0,99.717636,0.0,0.6960583
17466.04,100.0,91.371155,0.0,0.17356229
17466.24,100.0,92.98038,0.0,-0.13533115
17466.44,100.0,103.26948,0.0,1.2249453
17466.64,100.0,113.64869,0.0,1.1775861
17466.84,100.0,110.670715,0.0,0.19236064
17467.04,100.0,97.72993,0.0,0.022957087
17467.24,100.0,103.12198,0.0,0.7226827
17467.44,100.0,101.95079,0.0,0.099776745
17467.64,100.0,95.0956,0.0,0.2856326
17467.84,100.0,89.86221,0.0,-0.024259806
17468.04,100.0,83.04383,0.0,-0.035242796
17468.24,100.0,96.83734,0.0,0.43686295
17468.44,100.0,110.51979,0.0,0.37192225
17468.64,100.0,100.69539,0.0,0.102805614
17468.84,100.0,114.41095,0.0,0.15732431
17469.04,100.0,107.84064,0.0,0.16829729
17469.24,100.0,93.306366,0.0,0.3791468
17469.44,100.0,93.278656,0.0,0.22516537
17469.64,100.0,85.18381,0.0,-0.06387138
17469.84,100.0,89.84882,0.0,0.5584843
17470.04,100.0,105.41247,0.0,0.61567307
17470.24,100.0,94.28697,0.0,0.056816816
17470.44,100.0,87.20163,0.0,-0.020219803
17470.64,100.0,109.129745,0.0,1.6772592
17470.84,100.0,106.16855,0.0,0.9772754
17471.04,100.0,98.24288,0.0,0.19320679
17471.24,100.0,108.43704,0.0,0.283072
17471.44,100.0,106.746284,0.0,0.93831015
17471.64,100.0,98.284615,0.0,0.35998297
17471.84,100.0,96.67122,0.0,0.15276623
17472.04,100.0,99.644775,0.0,0.12830353
17472.24,100.0,105.99094,0.0,0.38980913
17472.44,100.0,100.05595,0.0,0.1825037
17472.64,100.0,97.17125,0.0,0.0026142597
17472.84,100.0,107.8402,0.0,0.93708134
17473.04,100.0,105.782074,0.0,0.77376175
17473.24,100.0,97.0603,0.0,0.08828926
17473.44,100.0,102.777275,0.0,0.27082992
17473.64,100.0,104.69122,0.0,1.0984542
17473.84,100.0,101.12401,0.0,0.1766696
17474.04,100.0,106.13241,0.0,0.4383459
17474.24,100.0,101.79404,0.0,0.10806036
17474.44,100.0,106.51576,0.0,0.20517969
17474.64,100.0,97.06473,0.0,0.32663083
17474.84,100.0,91.60176,0.0,0.02846384
17475.04,100.0,89.08246,0.0,0.117208004
17475.24,100.0,100.27802,0.0,1.6666195
17475.44,100.0,100.50274,0.0,1.013139
17475.64,100.0,109.21683,0.0,0.5057504
17475.84,100.0,112.27039,0.0,0.7645292
17476.04,100.0,101.234695,0.0,0.6000817
17476.24,100.0,102.575836,0.0,0.19997692
17476.44,100.0,86.78435,0.0,0.013120651
17476.64,100.0,102.44289,0.0,0.5986595
17476.84,100.0,94.56161,0.0,0.5606663
17477.04,100.0,101.65135,0.0,0.46325636
17477.24,100.0,110.72849,0.0,0.33973718
17477.44,100.0,104.85844,0.0,0.17394423
17477.64,100.0,93.63073,0.0,1.310394
17477.84,100.0,104.122856,0.0,1.5076053
17478.04,100.0,103.59307,0.0,2.0380983
17478.24,100.0,107.919136,0.0,1.0316708
17478.44,100.0,103.35553,0.0,1.7474616
17478.64,100.0,95.01565,0.0,0.36931205
17478.84,100.0,99.20935,0.0,1.200464
17479.04,100.0,99.67427,0.0,0.5430019
17479.24,100.0,97.711075,0.0,0.12530518
17479.44,100.0,102.10468,0.0,0.66370344
17479.64,100.0,102.43052,0.0,0.5563011
17479.84,100.0,97.35158,0.0,0.22944355
17480.04,100.0,88.66615,0.0,0.04771161
17480.24,100.0,103.10634,0.0,0.15560651
17480.44,100.0,90.87319,0.0,-0.05494809
17480.64,100.0,105.2397,0.0,0.07193446
17480.84,100.0,106.19121,0.0,0.36183643
17481.04,100.0,99.58198,0.0,0.1333785
17481.24,100.0,94.11314,0.0,0.065135956
17481.44,100.0,101.41451,0.0,0.3250661
17481.64,100.0,97.20081,0.0,0.2207079
17481.84,100.0,108.0681,0.0,0.7244015
17482.04,100.0,96.78138,0.0,0.6641011
17482.24,100.0,109.69577,0.0,1.1312518
17482.44,100.0,98.51927,0.0,0.5981548
17482.64,100.0,99.27051,0.0,0.0735054
17482.84,100.0,97.9041,0.0,0.25132632
17483.04,100.0,100.27323,0.0,0.2678194
17483.24,100.0,115.35286,0.0,0.3392439
17483.44,100.0,89.24598,0.0,0.22651124
17483.64,100.0,100.99394,0.0,0.113125324
17483.84,100.0,93.70446,0.0,0.12017918
17484.04,100.0,96.85502,0.0,0.29043078
17484.24,100.0,100.31624,0.0,1.3220708
17484.44,100.0,104.649025,0.0,1.2572429
17484.64,100.0,106.99311,0.0,1.4063108
17484.84,100.0,98.34952,0.0,0.6092093
17485.04,100.0,99.53631,0.0,1.0967708
17485.24,100.0,101.32392,0.0,1.5303326
17485.44,100.0,106.34927,0.0,1.2747443
17485.64,100.0,104.321304,0.0,0.6354296
17485.84,100.0,86.42734,0.0,-0.071677685
17486.04,100.0,94.99911,0.0,0.22962904
17486.24,100.0,102.638535,0.0,0.7006705
17486.44,100.0,88.37302,0.0,-0.0042276382
17486.64,100.0,99.100006,0.0,0.64001656
17486.84,100.0,104.85651,0.0,0.84532595
17487.04,100.0,91.97943,0.0,-0.031132221
17487.24,100.0,109.25186,0.0,0.17904902
17487.44,100.0,116.65879,0.0,0.5191171
17487.64,100.0,93.27671,0.0,0.43544984
17487.84,100.0,111.650215,0.0,2.0895896
17488.04,100.0,107.307785,0.0,0.6218424
17488.24,100.0,93.014175,0.0,0.23295856
17488.44,100.0,86.9719,0.0,0.2611904
17488.64,100.0,101.94141,0.0,1.0238647
17488.84,100.0,90.604546,0.0,0.31712604
17489.04,100.0,86.96209,0.0,1.0974526
17489.24,100.0,99.404755,0.0,0.13107038
17489.44,100.0,96.94476,0.0,0.6214435
17489.64,100.0,102.64278,0.0,0.63173056
17489.84,100.0,106.52438,0.0,0.61593056
17490.04,100.0,95.13201,0.0,0.05493498
17490.24,100.0,93.35219,0.0,1.6298859
17490.44,100.0,106.343994,0.0,2.7361948
17490.64,100.0,103.56005,0.0,0.72917795
17490.84,100.0,92.22022,0.0,0.5276742
17491.04,100.0,96.67401,0.0,1.5208435
17491.24,100.0,101.94589,0.0,1.784656
17491.44,100.0,98.45668,0.0,0.47604823
17491.64,100.0,102.98479,0.0,0.6497607
17491.84,100.0,110.51228,0.0,1.3222389
17492.04,100.0,107.00424,0.0,0.8543532
17492.24,100.0,98.95276,0.0,0.57704616
17492.44,100.0,97.62123,0.0,0.4118693
17492.64,100.0,106.71817,0.0,1.3886957
17492.84,100.0,92.80449,0.0,0.16629839
17493.04,100.0,97.063385,0.0,0.19533038
17493.24,100.0,93.95175,0.0,1.238513
17493.44,100.0,93.659996,0.0,0.573441
17493.64,100.0,92.95383,0.0,0.34626722
17493.84,100.0,104.02373,0.0,0.24372315
17494.04,100.0,107.772354,0.0,1.195219
17494.24,100.0,102.214035,0.0,1.0014915
17494.44,100.0,91.61369,0.0,0.24140716
17494.64,100.0,100.99186,0.0,0.4748814
17494.84,100.0,103.20135,0.0,1.9537138
17495.04,100.0,100.2144,0.0,0.40520144
17495.24,100.0,101.06459,0.0,0.29569745
17495.44,100.0,101.71508,0.0,0.4756372
17495.64,100.0,97.68574,0.0,0.6784382
17495.84,100.0,93.641556,0.0,0.32221007
17496.04,100.0,98.48942,0.0,0.18215704
17496.24,100.0,96.28977,0.0,2.1747236
17496.44,100.0,93.396614,0.0,0.42189813
17496.64,100.0,98.26296,0.0,0.47412896
17496.84,100.0,83.28258,0.0,0.018162012
17497.04,100.0,88.863174,0.0,0.11989069
17497.24,100.0,96.152115,0.0,0.3739643
17497.44,100.0,96.31235,0.0,0.3661077
17497.64,100.0,99.82965,0.0,0.25116158
17497.84,100.0,94.34415,0.0,0.11848974
17498.04,100.0,103.45677,0.0,0.5011635
17498.24,100.0,100.45041,0.0,0.121188164
17498.44,100.0,94.02071,0.0,0.9634352
17498.64,100.0,102.47922,0.0,0.84712434
17498.84,100.0,98.60158,0.0,0.4409008
17499.04,100.0,90.30834,0.0,0.21526432
17499.24,100.0,98.91885,0.0,1.073034
17499.44,100.0,101.43533,0.0,2.6071358
17499.64,100.0,100.305405,0.0,0.92056775
17499.84,100.0,101.62506,0.0,0.93362546
17500.04,100.0,101.42643,0.0,0.6015811
17500.24,100.0,91.28499,0.0,0.06424904
17500.44,100.0,85.3056,0.0,0.055691242
17500.64,100.0,101.7657,0.0,1.5433056
17500.84,100.0,100.87977,0.0,2.3762116
17501.04,100.0,104.69551,0.0,1.5776169
17501.24,100.0,104.982864,0.0,1.2504251
17501.44,100.0,109.783615,0.0,1.1153133
17501.64,100.0,102.642395,0.0,1.7978032
17501.84,100.0,91.36981,0.0,0.31846738
17502.04,100.0,107.08911,0.0,0.55785966
17502.24,100.0,111.163055,0.0,2.2120056
17502.44,100.0,104.77209,0.0,0.71475434
17502.64,100.0,106.49471,0.0,0.558228
17502.84,100.0,100.34751,0.0,0.21660638
17503.04,100.0,87.79796,0.0,0.8448508
17503.24,100.0,96.56676,0.0,0.37529445
17503.44,100.0,101.19206,0.0,0.15823436
17503.64,100.0,92.18501,0.0,0.4364395
17503.84,100.0,99.245865,0.0,0.4929421
17504.04,100.0,101.12196,0.0,1.6020668
17504.24,100.0,91.33171,0.0,0.36945844
17504.44,100.0,90.52227,0.0,1.1134057
17504.64,100.0,92.9408,0.0,0.6144123
17504.84,100.0,90.08499,0.0,1.0456038
17505.04,100.0,93.51896,0.0,0.057602167
17505.24,100.0,102.68449,0.0,1.9977658
17505.44,100.0,90.989296,0.0,0.26677632
17505.64,100.0,95.492256,0.0,0.11443758
17505.84,100.0,88.414734,0.0,0.4841175
17506.04,100.0,105.42414,0.0,1.2639711
17506.24,100.0,99.64567,0.0,0.89559937
17506.44,100.0,100.827126,0.0,0.3821578
17506.64,100.0,93.11478,0.0,0.13021135
17506.84,100.0,103.84053,0.0,0.18659377
17507.04,100.0,90.27827,0.0,0.041944742
17507.24,100.0,90.823746,0.0,0.792691
17507.44,100.0,99.57062,0.0,0.9280062
17507.64,100.0,100.169464,0.0,1.1024346
17507.84,100.0,101.73784,0.0,1.5834782
17508.04,100.0,102.19325,0.0,0.54565
17508.24,100.0,99.50612,0.0,1.567476
17508.44,100.0,92.78142,0.0,3.1931446
17508.64,100.0,105.49787,0.0,1.4578393
17508.84,100.0,98.509575,0.0,0.6116977
17509.04,100.0,95.41578,0.0,0.8325515
17509.24,100.0,96.82407,0.0,0.40732956
17509.44,100.0,97.81646,0.0,0.4129331
17509.64,100.0,98.87432,0.0,1.2547576
17509.84,100.0,93.85608,0.0,1.3539572
17510.04,100.0,105.63986,0.0,3.2015834
17510.24,100.0,94.954605,0.0,0.88115764
17510.44,100.0,104.76964,0.0,0.5904627
17510.64,100.0,91.99333,0.0,0.73554754
17510.84,100.0,105.85693,0.0,0.7330489
17511.04,100.0,97.98851,0.0,0.3494439
17511.24,100.0,101.86995,0.0,0.49955058
17511.44,100.0,96.782845,0.0,0.8404298
17511.64,100.0,97.7592,0.0,1.6543102
17511.84,100.0,96.94843,0.0,0.22863173
17512.04,100.0,101.11132,0.0,0.7159569
17512.24,100.0,103.92526,0.0,1.0608635
17512.44,100.0,92.51951,0.0,0.66649866
17512.64,100.0,90.017,0.0,0.72669816
17512.84,100.0,90.90047,0.0,0.033115864
17513.04,100.0,91.615204,0.0,0.28929257
17513.24,100.0,86.23786,0.0,1.0306854
17513.44,100.0,95.966324,0.0,0.9527974
17513.64,100.0,99.5759,0.0,0.75216746
17513.84,100.0,97.3433,0.0,0.7706144
17514.04,100.0,94.34679,0.0,1.8748817
17514.24,100.0,99.110504,0.0,0.72550035
17514.44,100.0,98.24694,0.0,1.332448
17514.64,100.0,102.945175,0.0,0.37532997
17514.84,100.0,107.7314,0.0,1.2974133
17515.04,100.0,97.13025,0.0,0.60799146
17515.24,100.0,98.80352,0.0,0.5574405
17515.44,100.0,90.49564,0.0,0.1007998
17515.64,100.0,93.82793,0.0,0.9987433
17515.84,100.0,98.65179,0.0,1.1708834
17516.04,100.0,105.9559,0.0,2.014707
17516.24,100.0,102.15206,0.0,0.79715323
17516.44,100.0,93.9129,0.0,1.2703435
17516.64,100.0,102.068756,0.0,1.7499132
17516.84,100.0,88.767685,0.0,0.59198904
17517.04,100.0,92.82532,0.0,0.34560013
17517.24,100.0,101.49863,0.0,1.1314297
17517.44,100.0,101.88353,0.0,0.65942097
17517.64,100.0,90.96323,0.0,0.8002639
17517.84,100.0,102.47641,0.0,0.52383876
17518.04,100.0,97.152596,0.0,0.6158309
17518.24,100.0,94.9179,0.0,1.1851802
17518.44,100.0,97.11258,0.0,0.42776394
17518.64,100.0,94.887924,0.0,1.2995548
17518.84,100.0,97.127396,0.0,2.2165642
17519.04,100.0,100.35182,0.0,0.34605265
17519.24,100.0,91.418755,0.0,0.6416004
17519.44,100.0,92.305214,0.0,1.375375
17519.64,100.0,94.405785,0.0,2.0261772
17519.84,100.0,95.15787,0.0,1.0894938
17520.04,100.0,89.01329,0.0,1.2936482
17520.24,100.0,98.93253,0.0,0.5280781
17520.44,100.0,96.595505,0.0,0.9674761
17520.64,100.0,98.21039,0.0,1.0859468
17520.84,100.0,99.59249,0.0,1.1457288
17521.04,100.0,105.54814,0.0,1.32938
17521.24,100.0,96.06289,0.0,0.8528323
17521.44,100.0,102.841675,0.0,0.74853706
17521.64,100.0,105.27685,0.0,0.47404003
17521.84,100.0,102.505295,0.0,0.39138198
17522.04,100.0,92.504456,0.0,0.61281466
17522.24,100.0,85.63259,0.0,1.2245724
17522.44,100.0,96.687836,0.0,0.38953853
17522.64,100.0,98.194176,0.0,0.82084346
17522.84,100.0,99.81908,0.0,0.75321007
17523.04,100.0,100.11528,0.0,1.3159747
17523.24,100.0,100.466446,0.0,0.8288708
17523.44,100.0,100.20442,0.0,0.40040374
17523.64,100.0,94.30874,0.0,0.43771172
17523.84,100.0,88.38709,0.0,1.3327649
17524.04,100.0,94.36308,0.0,0.7646313
17524.24,100.0,97.75604,0.0,1.0228894
17524.44,100.0,92.57109,0.0,0.6496954
17524.64,100.0,89.7814,0.0,0.41444468
17524.84,100.0,99.79057,0.0,1.294275
17525.04,100.0,98.41093,0.0,0.83191323
17525.24,100.0,99.31786,0.0,0.8668523
17525.44,100.0,94.97749,0.0,1.1873496
17525.64,100.0,94.23772,0.0,0.48293447
17525.84,100.0,102.86856,0.0,1.1206622
17526.04,100.0,99.4407,0.0,0.9713285
17526.24,100.0,96.20154,0.0,0.28849292
17526.44,100.0,91.79768,0.0,0.4276166
17526.64,100.0,98.64863,0.0,2.310081
17526.84,100.0,99.02178,0.0,1.2739263
17527.04,100.0,103.05626,0.0,0.9189894
17527.24,100.0,99.930305,0.0,0.27248955
17527.44,100.0,88.95771,0.0,0.5702908
17527.64,100.0,91.449135,0.0,2.23805
17527.84,100.0,100.154366,0.0,2.3139362
17528.04,100.0,95.93953,0.0,1.4422681
17528.24,100.0,94.8062,0.0,1.5012772
17528.44,100.0,102.12651,0.0,1.048409
17528.64,100.0,106.43616,0.0,0.86437297
17528.84,100.0,90.83114,0.0,0.11041045
17529.04,100.0,81.95078,0.0,0.6779425
17529.24,100.0,93.58557,0.0,0.70304465
17529.44,100.0,102.12565,0.0,0.92178655
17529.64,100.0,92.51942,0.0,0.49989772
17529.84,100.0,102.38585,0.0,0.6933863
17530.04,100.0,98.87166,0.0,0.84365773
17530.24,100.0,88.520454,0.0,1.2564895
17530.44,100.0,88.34763,0.0,0.7566285
17530.64,100.0,98.96543,0.0,1.0479443
17530.84,100.0,94.75853,0.0,0.5635767
17531.04,100.0,101.09193,0.0,0.81350803
17531.24,100.0,111.435684,0.0,0.77018285
17531.44,100.0,108.42623,0.0,1.5809326
17531.64,100.0,90.5743,0.0,1.629133
17531.84,100.0,99.328156,0.0,2.2820916
17532.04,100.0,100.99394,0.0,0.40851283
17532.24,100.0,97.00935,0.0,0.14032102
17532.44,100.0,95.133804,0.0,0.54258585
17532.64,100.0,103.13049,0.0,1.2201438
17532.84,100.0,97.68064,0.0,0.77839994
17533.04,100.0,97.19412,0.0,0.519073
17533.24,100.0,93.34833,0.0,0.2354548
17533.44,100.0,96.93733,0.0,0.5981984
17533.64,100.0,98.0632,0.0,0.44214725
17533.84,100.0,103.71281,0.0,1.0629683
17534.04,100.0,104.6413,0.0,0.92343974
17534.24,100.0,98.43205,0.0,1.138849
17534.44,100.0,98.59018,0.0,0.37550116
17534.64,100.0,95.16024,0.0,0.2406106
17534.84,100.0,86.818436,0.0,0.17449307
17535.04,100.0,92.887085,0.0,0.5428388
17535.24,100.0,92.914955,0.0,0.6465392
17535.44,100.0,99.50873,0.0,0.8558624
17535.64,100.0,96.23515,0.0,1.4288902
17535.84,100.0,102.03863,0.0,0.8217375
17536.04,100.0,95.2332,0.0,1.5342011
17536.24,100.0,105.47802,0.0,2.0607781
17536.44,100.0,102.90545,0.0,1.2945893
17536.64,100.0,104.13747,0.0,2.2630012
17536.84,100.0,95.50888,0.0,1.4456978
17537.04,100.0,99.62551,0.0,0.78784394
17537.24,100.0,86.605705,0.0,0.5182409
17537.44,100.0,95.12104,0.0,0.66693854
17537.64,100.0,94.90166,0.0,0.34299374
17537.84,100.0,97.10863,0.0,1.0609703
17538.04,100.0,98.96419,0.0,0.4476819
17538.24,100.0,93.959335,0.0,0.42719984
17538.44,100.0,91.39404,0.0,1.1145623
17538.64,100.0,99.94272,0.0,2.3049226
17538.84,100.0,94.48769,0.0,1.4106834
17539.04,100.0,104.88862,0.0,0.8282862
17539.24,100.0,97.98014,0.0,0.59617376
17539.44,100.0,95.57428,0.0,0.8044894
17539.64,100.0,86.71855,0.0,0.47598076
17539.84,100.0,102.5827,0.0,1.6425362
17540.04,100.0,90.507034,0.0,0.79182315
17540.24,100.0,101.09217,0.0,1.1108599
17540.44,100.0,97.24205,0.0,0.5497892
17540.64,100.0,99.693275,0.0,0.7163477
17540.84,100.0,87.572174,0.0,0.3726163
17541.04,100.0,96.28598,0.0,1.6173277
17541.24,100.0,90.8935,0.0,1.5424352
17541.44,100.0,100.780716,0.0,1.2593184
17541.64,100.0,95.80757,0.0,0.6831999
17541.84,100.0,105.15105,0.0,0.88977313
17542.04,100.0,102.725586,0.0,0.85109305
17542.24,100.0,97.20614,0.0,1.0153229
17542.44,100.0,98.186966,0.0,0.5865462
17542.64,100.0,95.71349,0.0,0.71483326
17542.84,100.0,95.35932,0.0,0.24204993
17543.04,100.0,90.72215,10.0,0.3972814
17543.24,100.0,93.82845,10.0,0.4613855
17543.44,100.0,99.21956,10.0,2.3264804
17543.64,100.0,99.87335,10.0,0.608809
17543.84,100.0,96.830345,10.0,0.1758151
17544.04,100.0,96.1057,10.0,0.47228837
17544.24,100.0,93.014885,10.0,0.6997218
17544.44,100.0,96.42742,10.0,1.276741
17544.64,100.0,89.66313,10.0,0.55934215
17544.84,100.0,101.54422,10.0,0.72224474
17545.04,100.0,95.49649,10.0,0.4989941
17545.24,100.0,102.11301,10.0,0.3635955
17545.44,100.0,101.85351,10.0,0.41742253
17545.64,100.0,93.487335,10.0,0.42683816
17545.84,100.0,93.42227,10.0,1.3834848
17546.04,100.0,94.946365,10.0,0.29567003
17546.24,100.0,93.28865,10.0,1.0147765
17546.44,100.0,99.40182,10.0,0.40012574
17546.64,100.0,98.166016,10.0,0.33144927
17546.84,100.0,101.047615,10.0,0.89591193
17547.04,100.0,100.24045,10.0,1.4460528
17547.24,100.0,98.586784,10.0,1.2140353
17547.44,100.0,93.78456,10.0,0.9249251
17547.64,100.0,105.969406,10.0,3.0672164
17547.84,100.0,98.89744,10.0,1.9431212
17548.04,100.0,95.77733,10.0,1.3843908
17548.24,100.0,101.99059,10.0,0.806617
17548.44,100.0,100.73846,10.0,0.30191755
17548.64,100.0,87.77096,10.0,0.27909994
17548.84,100.0,97.71266,10.0,1.6733601
17549.04,100.0,91.9612,10.0,1.2343092
17549.24,100.0,96.76439,10.0,0.7670412
17549.44,100.0,100.432205,10.0,0.7088802
17549.64,100.0,98.60766,10.0,0.3181739
17549.84,100.0,90.16272,10.0,0.48801327
17550.04,100.0,94.54976,10.0,0.7077141
17550.24,100.0,88.86278,10.0,0.96664715
17550.44,100.0,99.489975,10.0,0.96030164
17550.64,100.0,93.91348,10.0,0.30720353
17550.84,100.0,93.90143,10.0,0.48919058
17551.04,100.0,98.06476,10.0,1.1487117
17551.24,100.0,99.7843,10.0,1.0549343
17551.44,100.0,94.37983,10.0,0.8976679
17551.64,100.0,103.45311,10.0,0.80642915
17551.84,100.0,102.43883,10.0,0.7364893
17552.04,100.0,96.9924,10.0,0.6328585
17552.24,100.0,98.65607,10.0,1.2731857
17552.44,100.0,95.943695,10.0,1.259639
17552.64,100.0,92.142555,10.0,0.25795698
17552.84,100.0,97.88402,10.0,0.8099525
17553.04,100.0,98.23601,10.0,0.61223507
17553.24,100.0,95.35692,10.0,1.4453228
17553.44,100.0,92.52325,10.0,2.0818248
17553.64,100.0,100.318695,10.0,2.6923876
17553.84,100.0,99.672714,10.0,1.6815002
17554.04,100.0,99.40303,10.0,0.7063296
17554.24,100.0,97.72847,10.0,0.69796133
17554.44,100.0,102.81369,10.0,1.1524284
17554.64,100.0,108.985535,10.0,3.518013
17554.84,100.0,105.52086,10.0,1.176727
17555.04,100.0,90.02149,10.0,0.8156433
17555.24,100.0,106.969086,10.0,2.334683
17555.44,100.0,104.87857,10.0,2.2528758
17555.64,100.0,95.93225,10.0,1.2519274
17555.84,100.0,94.90482,10.0,1.7700095
17556.04,100.0,100.45323,10.0,1.3355074
17556.24,100.0,92.661476,10.0,1.06623
17556.44,100.0,101.50986,10.0,2.502795
17556.64,100.0,98.856995,10.0,1.1078687
17556.84,100.0,106.220314,10.0,0.9987817
17557.04,100.0,102.62239,10.0,0.9534981
17557.24,100.0,88.55002,10.0,0.64932775
17557.44,100.0,96.69144,10.0,1.0897355
17557.64,100.0,103.453125,10.0,3.2156434
17557.84,100.0,92.24946,10.0,0.2751701
17558.04,100.0,103.88232,10.0,2.0221868
17558.24,100.0,98.88777,10.0,1.2345581
17558.44,100.0,96.835815,10.0,1.7129743
17558.64,100.0,99.14882,10.0,1.772115
17558.84,100.0,99.79992,10.0,1.7579646
17559.04,100.0,94.8634,10.0,1.0344017
17559.24,100.0,109.525566,10.0,0.8311932
17559.44,100.0,99.787445,10.0,0.77231693
17559.64,100.0,100.7756,10.0,0.28588486
17559.84,100.0,102.06012,10.0,0.86194134
17560.04,100.0,94.42092,10.0,0.52114534
17560.24,100.0,91.996124,10.0,0.46543884
17560.44,100.0,96.31273,10.0,0.72761655
17560.64,100.0,94.19361,10.0,0.4359386
17560.84,100.0,88.53235,10.0,0.530884
17561.04,100.0,95.70184,10.0,2.1159358
17561.24,100.0,96.26,10.0,0.50229216
17561.44,100.0,95.608246,10.0,0.8737049
17561.64,100.0,101.637085,10.0,2.848014
17561.84,100.0,102.42605,10.0,1.0820138
17562.04,100.0,96.65869,10.0,0.72472763
17562.24,100.0,88.33297,10.0,0.7445955
17562.44,100.0,98.161415,10.0,0.5163243
17562.64,100.0,90.7242,10.0,1.034256
17562.84,100.0,94.8246,10.0,0.8647013
17563.04,100.0,89.4725,10.0,0.3926463
17563.24,100.0,99.5079,10.0,1.649183
17563.44,100.0,99.977425,10.0,2.251439
17563.64,100.0,92.74979,10.0,0.59301305
17563.84,100.0,104.15023,10.0,1.5139678
17564.04,100.0,99.715744,10.0,1.5377696
17564.24,100.0,96.94716,10.0,0.5673592
17564.44,100.0,103.17986,10.0,0.5009413
17564.64,100.0,100.40759,10.0,1.3193889
17564.84,100.0,92.77458,10.0,2.131703
17565.04,100.0,98.89541,10.0,0.5726726
17565.24,100.0,102.98781,10.0,1.5468934
17565.44,100.0,95.22137,10.0,0.8082516
17565.64,100.0,95.29264,10.0,3.5734448
17565.84,100.0,100.342155,10.0,2.456881
17566.04,100.0,92.7234,10.0,3.751595
17566.24,100.0,97.57241,10.0,4.9006987
17566.44,100.0,100.4511,10.0,3.8885324
17566.64,100.0,98.63244,10.0,1.9255383
17566.84,100.0,92.98,10.0,2.1381307
17567.04,100.0,94.30047,10.0,3.6981874
17567.24,100.0,93.881134,10.0,4.9397106
17567.44,100.0,104.639244,10.0,4.765377
17567.64,100.0,97.868195,10.0,4.579928
17567.84,100.0,109.8748,10.0,5.9864397
17568.04,100.0,104.15171,10.0,5.128455
17568.24,100.0,96.77081,10.0,3.8465097
17568.44,100.0,98.04343,10.0,3.0244246
17568.64,100.0,94.922806,10.0,6.1662045
17568.84,100.0,96.89958,10.0,6.101885
17569.04,100.0,94.38144,10.0,6.568497
17569.24,100.0,107.72091,10.0,6.1068087
17569.44,100.0,99.83789,10.0,6.616548
17569.64,100.0,99.21161,10.0,6.47861
17569.84,100.0,95.09313,10.0,7.1415825
17570.04,100.0,97.92038,10.0,7.0351186
17570.24,100.0,96.520874,10.0,7.52672
17570.44,100.0,101.138245,10.0,7.2450633
17570.64,100.0,101.56332,10.0,6.9165897
17570.84,100.0,99.99835,10.0,6.9740505
17571.04,100.0,97.23719,10.0,7.4319153
17571.24,100.0,102.9586,10.0,7.2194858
17571.44,100.0,99.78073,10.0,7.565463
17571.64,100.0,99.604675,10.0,7.645239
17571.84,100.0,114.80642,10.0,7.4061155
17572.04,100.0,114.63076,10.0,7.4857454
17572.24,100.0,106.53667,10.0,7.5608263
17572.44,100.0,100.551834,10.0,7.6832914
17572.64,100.0,105.782555,10.0,7.445469
17572.84,100.0,105.38963,10.0,7.5739803
17573.04,100.0,111.86925,10.0,7.539469
17573.24,100.0,103.12001,10.0,7.6454496
17573.44,100.0,95.15631,10.0,7.952384
17573.64,100.0,112.4097,10.0,7.513017
17573.84,100.0,104.27942,10.0,7.650591
17574.04,100.0,102.667885,10.0,7.800079
17574.24,100.0,111.65408,10.0,7.658616
17574.44,100.0,103.4635,10.0,7.808102
17574.64,100.0,97.52993,10.0,7.873664
17574.84,100.0,100.17,10.0,7.7497206
17575.04,100.0,107.86218,10.0,7.776784
17575.24,100.0,98.04596,10.0,7.890765
17575.44,100.0,102.59714,10.0,7.8913465
17575.64,100.0,105.36014,10.0,7.8483295
17575.84,100.0,102.47472,10.0,7.7267942
17576.04,100.0,93.83796,10.0,7.7564573
17576.24,100.0,102.26895,10.0,7.6800117
17576.44,100.0,101.39534,10.0,7.8546805
17576.64,100.0,106.95311,10.0,7.815124
17576.84,100.0,107.181305,10.0,7.6019435
17577.04,100.0,109.64425,10.0,7.6458797
17577.24,100.0,104.59093,10.0,7.7018
17577.44,100.0,107.79196,10.0,7.7525816
17577.64,100.0,107.8953,10.0,7.8396463
17577.84,100.0,103.60922,10.0,7.8170433
17578.04,100.0,104.002106,10.0,7.9825907
17578.24,100.0,101.16786,10.0,7.890636
17578.44,100.0,101.30347,10.0,7.896942
17578.64,100.0,101.454445,10.0,7.7965813
17578.84,100.0,102.7735,10.0,7.7589417
17579.04,100.0,110.027115,10.0,7.6051383
17579.24,100.0,102.40844,10.0,7.7468777
17579.44,100.0,99.80681,10.0,7.772661
17579.64,100.0,102.038445,10.0,7.8554163
17579.84,100.0,107.9337,10.0,7.8268538
17580.04,100.0,108.07332,10.0,7.714257
17580.24,100.0,104.39662,10.0,7.8011656
17580.44,100.0,112.588875,10.0,7.7462215
17580.64,100.0,114.39829,10.0,7.5916424
17580.84,100.0,104.725044,10.0,7.8735466
17581.04,100.0,95.79596,10.0,7.969629
17581.24,100.0,106.605576,10.0,7.7928452
17581.44,100.0,102.136536,10.0,7.7821255
17581.64,100.0,92.60611,10.0,8.038712
17581.84,100.0,97.81566,10.0,7.8247614
17582.04,100.0,106.01177,10.0,7.922746
17582.24,100.0,103.7567,10.0,7.89738
17582.44,100.0,99.85828,10.0,7.7905207
17582.64,100.0,99.59113,10.0,7.8302755
17582.84,100.0,110.2881,10.0,7.6842327
17583.04,100.0,104.77662,10.0,7.6612544
17583.24,100.0,108.70422,10.0,7.6749144
17583.44,100.0,104.09539,10.0,7.602263
17583.64,100.0,109.79367,10.0,7.671315
17583.84,100.0,103.6412,10.0,7.8384423
17584.04,100.0,100.544945,10.0,7.604685
17584.24,100.0,102.62172,10.0,7.6895614
17584.44,100.0,101.88048,10.0,7.757832
17584.64,100.0,100.180176,10.0,7.836979
17584.84,100.0,102.50656,10.0,7.9089546
17585.04,100.0,107.84381,10.0,7.8483777
17585.24,100.0,102.29084,10.0,7.727398
17585.44,100.0,108.559715,10.0,7.739869
17585.64,100.0,108.99498,10.0,7.6310596
17585.84,100.0,104.615776,10.0,7.774379
17586.04,100.0,109.29843,10.0,7.6537733
17586.24,100.0,102.42195,10.0,7.804101
17586.44,100.0,99.47682,10.0,7.6806846
17586.64,100.0,97.66333,10.0,7.87481
17586.84,100.0,107.44978,10.0,7.742705
17587.04,100.0,104.81944,10.0,7.78708
17587.24,100.0,103.836,10.0,7.9739456
17587.44,100.0,103.44487,10.0,7.8195305
17587.64,100.0,105.434135,10.0,7.7244596
17587.84,100.0,100.023476,10.0,7.856505
17588.04,100.0,98.63521,10.0,8.014889
17588.24,100.0,99.63027,10.0,7.775997
17588.44,100.0,103.62457,10.0,7.839455
17588.64,100.0,105.453156,10.0,7.782754
17588.84,100.0,102.39167,10.0,7.814953
17589.04,100.0,109.93208,10.0,7.78671
17589.24,100.0,103.9611,10.0,7.7150664
17589.44,100.0,103.190994,10.0,7.791745
17589.64,100.0,104.42587,10.0,7.819466
17589.84,100.0,103.34964,10.0,7.9211493
17590.04,100.0,106.52934,10.0,7.939147
17590.24,100.0,105.954666,10.0,7.8782964
17590.44,100.0,105.87215,10.0,8.031561
17590.64,100.0,100.480896,10.0,8.142538
17590.84,100.0,100.463104,10.0,8.093918
17591.04,100.0,103.06398,10.0,8.058012
17591.24,100.0,100.408966,10.0,8.01789
17591.44,100.0,96.43481,10.0,7.8321934
17591.64,100.0,108.04978,10.0,7.8088145
17591.84,100.0,112.83302,10.0,7.7453003
17592.04,100.0,104.0746,10.0,7.7700233
17592.24,100.0,102.68968,10.0,7.980185
17592.44,100.0,106.24024,10.0,7.9282475
17592.64,100.0,102.546555,10.0,7.9341717
17592.84,100.0,100.02042,10.0,8.107725
17593.04,100.0,104.23953,10.0,7.8554754
17593.24,100.0,98.451385,10.0,8.07445
17593.44,100.0,102.72842,10.0,8.150511
17593.64,100.0,105.93098,10.0,7.8974323
17593.84,100.0,108.90802,10.0,8.010952
17594.04,100.0,108.83206,10.0,8.002404
17594.24,100.0,97.2071,10.0,8.151127
17594.44,100.0,95.859344,10.0,8.212872
17594.64,100.0,99.69122,10.0,8.143555
17594.84,100.0,100.40799,10.0,8.034832
17595.04,100.0,98.07062,10.0,8.090118
17595.24,100.0,109.43646,10.0,7.9530087
17595.44,100.0,104.04109,10.0,7.958079
17595.64,100.0,95.336975,10.0,8.275425
17595.84,100.0,103.43374,10.0,8.038155
17596.04,100.0,102.45708,10.0,8.060957
17596.24,100.0,98.421936,10.0,8.238172
17596.44,100.0,105.25398,10.0,8.168312
17596.64,100.0,105.01002,10.0,8.028532
17596.84,100.0,102.83513,10.0,8.066511
17597.04,100.0,100.4908,10.0,8.119574
17597.24,100.0,100.12811,10.0,8.286699
17597.44,100.0,99.97301,10.0,8.305127
17597.64,100.0,97.0099,10.0,8.302826
17597.84,100.0,98.31887,10.0,8.297674
17598.04,100.0,100.93795,10.0,8.283933
17598.24,100.0,103.200714,10.0,8.161453
17598.44,100.0,96.23904,10.0,8.144739
17598.64,100.0,98.78099,10.0,8.209655
17598.84,100.0,95.973175,10.0,8.471477
17599.04,100.0,107.64675,10.0,8.259583
17599.24,100.0,102.559586,10.0,8.32373
17599.44,100.0,92.46412,10.0,8.451784
17599.64,100.0,95.62476,10.0,8.380884
17599.84,100.0,97.62783,10.0,8.296657
17600.04,100.0,95.2863,10.0,8.5013485
17600.24,100.0,100.74075,10.0,8.46529
17600.44,100.0,96.39184,10.0,8.339582
17600.64,100.0,98.5285,10.0,8.400183
17600.84,100.0,104.45537,10.0,8.33283
17601.04,100.0,101.840065,10.0,8.274899
17601.24,100.0,96.499344,10.0,8.548502
17601.44,100.0,104.50992,10.0,8.285808
17601.64,100.0,97.35472,10.0,8.696449
17601.84,100.0,95.278015,10.0,8.592482
17602.04,100.0,91.809296,10.0,8.40409
17602.24,100.0,90.21517,10.0,8.703969
17602.44,100.0,98.85433,10.0,8.535646
17602.64,100.0,101.53305,10.0,8.32311
17602.84,100.0,95.315384,10.0,8.482151
17603.04,100.0,101.172295,10.0,8.521345
17603.24,100.0,98.859024,10.0,8.6020355
17603.44,100.0,100.68707,10.0,8.471788
17603.64,100.0,102.89562,10.0,8.445063
17603.84,100.0,94.71936,10.0,8.502041
17604.04,100.0,99.52741,10.0,8.427942
17604.24,100.0,104.67558,10.0,8.190306
17604.44,100.0,97.40346,10.0,8.546455
17604.64,100.0,98.43019,10.0,8.550871
17604.84,100.0,94.97385,10.0,8.404877
17605.04,100.0,103.08122,10.0,8.49109
17605.24,100.0,101.538826,10.0,8.440014
17605.44,100.0,95.0696,10.0,8.654239
17605.64,100.0,93.37035,10.0,8.561056
17605.84,100.0,97.02248,10.0,8.614986
17606.04,100.0,98.61721,10.0,8.335221
17606.24,100.0,99.24066,10.0,8.423049
17606.44,100.0,99.0909,10.0,8.318493
17606.64,100.0,98.73966,10.0,8.377872
17606.84,100.0,97.53592,10.0,8.318178
17607.04,100.0,102.68714,10.0,8.337277
17607.24,100.0,100.248405,10.0,8.498346
17607.44,100.0,101.181564,10.0,8.395987
17607.64,100.0,98.89891,10.0,8.488529
17607.84,100.0,92.85602,10.0,8.36779
17608.04,100.0,97.454216,10.0,8.477116
17608.24,100.0,95.019875,10.0,8.313126
17608.44,100.0,97.20862,10.0,8.3909855
17608.64,100.0,91.03901,10.0,8.539995
17608.84,100.0,96.41194,10.0,8.599894
17609.04,100.0,97.87641,10.0,8.472898
17609.24,100.0,97.63682,10.0,8.417376
17609.44,100.0,99.355415,10.0,8.234184
17609.64,100.0,96.09979,10.0,8.624338
17609.84,100.0,94.471466,10.0,8.480923
17610.04,100.0,92.22656,10.0,8.586655
17610.24,100.0,95.50223,10.0,8.31481
17610.44,100.0,95.00134,10.0,8.49045
17610.64,100.0,93.17712,10.0,8.386895
17610.84,100.0,99.78386,10.0,8.421779
17611.04,100.0,93.291275,10.0,8.36219
17611.24,100.0,92.98758,10.0,8.556622
17611.44,100.0,92.59158,10.0,8.636101
17611.64,100.0,92.69827,10.0,8.573069
17611.84,100.0,95.22673,10.0,8.5259495
17612.04,100.0,99.580345,10.0,8.5168495
17612.24,100.0,96.424866,10.0,8.364647
17612.44,100.0,98.04817,10.0,8.437593
17612.64,100.0,98.99919,10.0,8.533831
17612.84,100.0,90.910484,10.0,8.557494
17613.04,100.0,97.09425,10.0,8.730966
17613.24,100.0,96.31831,10.0,8.565572
17613.44,100.0,94.56705,10.0,8.456205
17613.64,100.0,93.51222,10.0,8.631206
17613.84,100.0,92.77652,10.0,8.565937
17614.04,100.0,94.72277,10.0,8.588858
17614.24,100.0,98.15979,10.0,8.680622
17614.44,100.0,96.553215,10.0,8.711562
17614.64,100.0,91.818214,10.0,8.898784
17614.84,100.0,89.02171,10.0,8.811615
17615.04,100.0,89.615875,10.0,8.866114
17615.24,100.0,89.51039,10.0,8.784591
17615.44,100.0,90.12912,10.0,8.691582
17615.64,100.0,95.203926,10.0,8.777242
17615.84,100.0,97.86781,10.0,8.539164
17616.04,100.0,95.31783,10.0,8.682589
17616.24,100.0,93.65325,10.0,8.860959
17616.44,100.0,99.95796,10.0,8.578218
17616.64,100.0,95.31607,10.0,8.777063
17616.84,100.0,94.63076,10.0,8.7103
17617.04,100.0,89.61244,10.0,8.713623
17617.24,100.0,90.92627,10.0,8.927025
17617.44,100.0,88.936676,10.0,8.632313
17617.64,100.0,88.518265,10.0,8.499092
17617.84,100.0,106.064896,10.0,8.286428
17618.04,100.0,100.43906,10.0,8.586638
17618.24,100.0,93.34727,10.0,8.600929
17618.44,100.0,95.14021,10.0,8.614981
17618.64,100.0,95.612885,10.0,8.511716
17618.84,100.0,93.65787,10.0,8.953306
17619.04,100.0,96.57008,10.0,8.394743
17619.24,100.0,91.3669,10.0,8.849741
17619.44,100.0,90.45854,10.0,8.710005
17619.64,100.0,86.785324,10.0,8.794931
17619.84,100.0,89.63506,10.0,8.544717
17620.04,100.0,93.96442,10.0,8.433157
17620.24,100.0,90.47119,10.0,8.582699
17620.44,100.0,99.23428,10.0,8.781659
17620.64,100.0,99.23363,10.0,8.135829
17620.84,100.0,94.18498,10.0,8.636716
17621.04,100.0,91.2291,10.0,8.614615
17621.24,100.0,93.182465,10.0,8.471829
17621.44,100.0,95.06268,10.0,8.448708
17621.64,100.0,94.721054,10.0,8.637163
17621.84,100.0,88.09518,10.0,8.711484
17622.04,100.0,93.53937,10.0,8.825919
17622.24,100.0,96.56899,10.0,8.740519
17622.44,100.0,96.20035,10.0,8.782558
17622.64,100.0,106.182846,10.0,8.504404
17622.84,100.0,99.328865,10.0,8.519045
17623.04,100.0,96.02606,11.67,8.843265
17623.24,100.0,92.9338,11.67,8.558699
17623.44,100.0,93.95036,11.67,8.889586
17623.64,100.0,91.99927,11.67,8.741499
17623.84,100.0,91.87279,11.67,8.847097
17624.04,100.0,100.29739,11.67,8.779549
17624.24,100.0,90.59743,11.67,8.803253
17624.44,100.0,98.074646,11.67,8.555746
17624.64,100.0,92.72224,11.67,8.763556
17624.84,100.0,91.723785,11.67,8.75506
17625.04,100.0,92.73883,11.67,8.546932
17625.24,100.0,95.18253,11.67,8.720655
17625.44,100.0,90.2576,11.67,8.899204
17625.64,100.0,104.68463,11.67,8.615283
17625.84,100.0,93.45899,11.67,8.587444
17626.04,100.0,90.153015,11.67,8.692299
17626.24,100.0,95.43207,11.67,8.509605
17626.44,100.0,94.18022,11.67,8.74253
17626.64,100.0,90.91173,11.67,8.613899
17626.84,100.0,97.16057,11.67,8.688732
17627.04,100.0,97.368774,11.67,8.284191
17627.24,100.0,89.54694,11.67,8.8167
17627.44,100.0,90.97923,11.67,8.532658
17627.64,100.0,93.8161,11.67,8.655531
17627.84,100.0,94.4371,11.67,9.022472
17628.04,100.0,96.79066,11.67,9.155877
17628.24,100.0,98.92736,11.67,8.518791
17628.44,100.0,93.68857,11.67,8.59514
17628.64,100.0,92.61768,11.67,8.715967
17628.84,100.0,98.59008,11.67,8.640076
17629.04,100.0,97.202034,11.67,8.579044
17629.24,100.0,98.21152,11.67,8.764929
17629.44,100.0,94.17725,11.67,8.795448
17629.64,100.0,96.93656,11.67,8.520105
17629.84,100.0,96.37352,11.67,8.723164
17630.04,100.0,95.19302,11.67,8.87834
17630.24,100.0,94.42913,11.67,8.875788
17630.44,100.0,94.506584,11.67,9.093111
17630.64,100.0,94.7106,11.67,8.927328
17630.84,100.0,96.525986,11.67,9.017273
17631.04,100.0,93.57338,11.67,8.341198
17631.24,100.0,91.84323,11.67,8.688366
17631.44,100.0,95.2554,11.67,8.686974
17631.64,100.0,98.8705,11.67,8.599375
17631.84,100.0,94.72746,11.67,8.44993
17632.04,100.0,98.13264,11.67,8.515153
17632.24,100.0,99.55783,11.67,8.788174
17632.44,100.0,97.458046,11.67,8.886253
17632.64,100.0,99.531815,11.67,8.690081
17632.84,100.0,91.60649,11.67,8.512917
17633.04,100.0,98.3463,11.67,8.933802
17633.24,100.0,97.83445,11.67,8.567816
17633.44,100.0,90.016594,11.67,8.538514
17633.64,100.0,95.1983,11.67,8.718266
17633.84,100.0,101.863205,11.67,8.556948
17634.04,100.0,98.97882,11.67,8.676867
17634.24,100.0,96.30369,11.67,8.519128
17634.44,100.0,96.9262,11.67,8.813633
17634.64,100.0,97.47228,11.67,8.595877
17634.84,100.0,96.387,11.67,8.453476
17635.04,100.0,96.94676,11.67,8.826725
17635.24,100.0,86.2112,11.67,8.628575
17635.44,100.0,95.72947,11.67,8.594763
17635.64,100.0,95.890755,11.67,8.556961
17635.84,100.0,94.19421,11.67,8.757889
17636.04,100.0,88.96066,11.67,8.691908
17636.24,100.0,98.49532,11.67,8.572147
17636.44,100.0,94.95216,11.67,8.722682
17636.64,100.0,98.02143,11.67,8.508862
17636.84,100.0,100.51653,11.67,8.437588
17637.04,100.0,100.54105,11.67,8.417267
17637.24,100.0,96.82479,11.67,8.639821
17637.44,100.0,87.71897,11.67,8.599595
17637.64,100.0,93.81055,11.67,8.709511
17637.84,100.0,101.09424,11.67,8.600872
17638.04,100.0,96.018524,11.67,8.733538
17638.24,100.0,91.30432,11.67,8.591646
17638.44,100.0,104.71217,11.67,8.478565
17638.64,100.0,99.283745,11.67,8.590054
17638.84,100.0,95.56308,11.67,8.804434
17639.04,100.0,95.165695,11.67,8.721207
17639.24,100.0,93.273796,11.67,8.546021
17639.44,100.0,98.023636,11.67,8.755466
17639.64,100.0,100.57449,11.67,8.715199
17639.84,100.0,99.5495,11.67,8.677355
17640.04,100.0,99.966385,11.67,8.754
17640.24,100.0,101.486176,11.67,8.873373
17640.44,100.0,97.19047,11.67,8.818781
17640.64,100.0,98.222435,11.67,8.832278
17640.84,100.0,93.696396,11.67,8.906078
17641.04,100.0,95.601006,11.67,8.808994
17641.24,100.0,96.26607,11.67,8.863984
17641.44,100.0,96.309616,11.67,9.051907
17641.64,100.0,100.20839,11.67,8.8740015
17641.84,100.0,96.74813,11.67,8.858303
17642.04,100.0,98.179375,11.67,8.994392
17642.24,100.0,96.39601,11.67,8.829927
17642.44,100.0,94.93125,11.67,9.013172
17642.64,100.0,95.28685,11.67,8.868905
17642.84,100.0,98.996506,11.67,9.033442
17643.04,100.0,99.75967,11.67,9.030073
17643.24,100.0,100.27814,11.67,8.943052
17643.44,100.0,104.634705,11.67,9.081671
17643.64,100.0,100.49997,11.67,9.133391
17643.84,100.0,101.65303,11.67,9.003786
17644.04,100.0,98.35655,11.67,9.259539
17644.24,100.0,101.3309,11.67,9.018617
17644.44,100.0,103.687126,11.67,8.855349
17644.64,100.0,101.39258,11.67,9.263042
17644.84,100.0,96.06194,11.67,9.345505
17645.04,100.0,98.21603,11.67,8.961697
17645.24,100.0,92.635994,11.67,9.13928
17645.44,100.0,98.14258,11.67,9.474983
17645.64,100.0,95.91089,11.67,9.118259
17645.84,100.0,91.89592,11.67,9.353398
17646.04,100.0,97.8,11.67,9.057427
17646.24,100.0,92.72681,11.67,9.171042
17646.44,100.0,94.72305,11.67,9.276133
17646.64,100.0,97.890396,11.67,9.252466
17646.84,100.0,97.394135,11.67,9.39032
17647.04,100.0,97.44738,11.67,9.164728
17647.24,100.0,101.791046,11.67,9.161711
17647.44,100.0,99.00354,11.67,9.03072
17647.64,100.0,95.28879,11.67,9.231205
17647.84,100.0,94.77267,11.67,9.258611
17648.04,100.0,95.92836,11.67,9.24621
17648.24,100.0,90.32559,11.67,9.108942
17648.44,100.0,95.8764,11.67,9.334011
17648.64,100.0,95.99229,11.67,9.202202
17648.84,100.0,99.888794,11.67,9.22459
17649.04,100.0,103.591576,11.67,9.278787
17649.24,100.0,99.654366,11.67,9.347703
17649.44,100.0,99.11523,11.67,9.156135
17649.64,100.0,99.95999,11.67,9.345285
17649.84,100.0,92.898834,11.67,9.392216
17650.04,100.0,97.77924,11.67,9.514393
17650.24,100.0,104.7099,11.67,9.141799
17650.44,100.0,99.42555,11.67,9.266695
17650.64,100.0,103.5478,11.67,9.422322
17650.84,100.0,99.99538,11.67,9.281307
17651.04,100.0,98.07227,11.67,9.48056
17651.24,100.0,94.92241,11.67,9.399715
17651.44,100.0,91.017006,11.67,9.445736
17651.64,100.0,98.76241,11.67,9.38795
17651.84,100.0,100.02824,11.67,9.292449
17652.04,100.0,100.463844,11.67,9.378916
17652.24,100.0,97.34914,11.67,9.229077
17652.44,100.0,100.29948,11.67,9.235112
17652.64,100.0,96.28163,11.67,9.376963
17652.84,100.0,95.271904,11.67,9.263445
17653.04,100.0,96.52359,11.67,9.3471155
17653.24,100.0,98.12981,11.67,9.054316
17653.44,100.0,96.45732,11.67,9.270868
17653.64,100.0,97.9994,11.67,9.24925
17653.84,100.0,104.729,11.67,9.152068
17654.04,100.0,97.025734,11.67,9.107974
17654.24,100.0,103.50679,11.67,9.449678
17654.44,100.0,98.76935,11.67,9.176629
17654.64,100.0,94.98747,11.67,9.189271
17654.84,100.0,97.10923,11.67,9.515039
17655.04,100.0,97.1835,11.67,9.355839
17655.24,100.0,95.72705,11.67,9.259108
17655.44,100.0,97.06051,11.67,9.27216
17655.64,100.0,96.98747,11.67,9.231002
17655.84,100.0,100.29052,11.67,9.222618
17656.04,100.0,96.19051,11.67,9.395348
17656.24,100.0,98.716705,11.67,9.373492
17656.44,100.0,101.78697,11.67,9.392781
17656.64,100.0,93.05383,11.67,9.3857765
17656.84,100.0,102.00423,11.67,9.397634
17657.04,100.0,94.624146,11.67,9.061516
17657.24,100.0,101.19545,11.67,9.487982
17657.44,100.0,100.513336,11.67,9.349395
17657.64,100.0,95.73933,11.67,9.471205
17657.84,100.0,95.18678,11.67,9.326103
17658.04,100.0,97.10898,11.67,9.554663
17658.24,100.0,95.81297,11.67,9.518206
17658.44,100.0,93.775665,11.67,9.364218
17658.64,100.0,99.79819,11.67,9.418636
17658.84,100.0,99.54448,11.67,9.38663
17659.04,100.0,99.22,11.67,9.290014
17659.24,100.0,93.24041,11.67,9.264102
17659.44,100.0,98.5246,11.67,9.381697
17659.64,100.0,96.52235,11.67,9.253984
17659.84,100.0,92.21324,11.67,9.180689
17660.04,100.0,95.82819,11.67,9.394467
17660.24,100.0,95.97212,11.67,9.290163
17660.44,100.0,89.357605,11.67,9.201784
17660.64,100.0,99.38467,11.67,9.283268
17660.84,100.0,98.28294,11.67,9.159868
17661.04,100.0,99.75178,11.67,9.125475
17661.24,100.0,92.894066,11.67,9.346893
17661.44,100.0,93.63658,11.67,9.427767
17661.64,100.0,97.11667,11.67,9.4419565
17661.84,100.0,101.45009,11.67,9.26477
17662.04,100.0,94.74685,11.67,9.325525
17662.24,100.0,98.06749,11.67,9.518403
17662.44,100.0,91.33516,11.67,9.276672
17662.64,100.0,93.38335,11.67,9.302134
17662.84,100.0,99.08498,11.67,9.63625
17663.04,100.0,97.01572,11.67,9.297737
17663.24,100.0,99.84729,11.67,9.150678
17663.44,100.0,101.848045,11.67,9.034444
17663.64,100.0,99.86777,11.67,9.543913
17663.84,100.0,91.81888,11.67,9.429902
17664.04,100.0,90.577515,11.67,9.407139
17664.24,100.0,96.37419,11.67,9.555031
17664.44,100.0,97.48661,11.67,9.463409
17664.64,100.0,91.3257,11.67,9.746294
17664.84,100.0,94.353966,11.67,9.265593
17665.04,100.0,100.75008,11.67,9.624422
17665.24,100.0,98.74758,11.67,9.285266
17665.44,100.0,101.27359,11.67,9.661781
17665.64,100.0,95.19263,11.67,9.326662
17665.84,100.0,103.929276,11.67,9.671259
17666.04,100.0,102.11947,11.67,9.512451
17666.24,100.0,92.91577,11.67,9.454882
17666.44,100.0,94.58567,11.67,9.559233
17666.64,100.0,97.72647,11.67,9.373688
17666.84,100.0,97.81924,11.67,9.467922
17667.04,100.0,97.38647,11.67,9.645532
17667.24,100.0,95.98127,11.67,9.522675
17667.44,100.0,95.915474,11.67,9.335054
17667.64,100.0,95.51202,11.67,9.275265
17667.84,100.0,92.84007,11.67,9.41257
17668.04,100.0,97.73679,11.67,9.267822
17668.24,100.0,94.86412,11.67,9.110197
17668.44,100.0,91.28055,11.67,9.411252
17668.64,100.0,99.00322,11.67,9.687537
17668.84,100.0,103.00106,11.67,9.367445
17669.04,100.0,98.86772,11.67,9.135682
17669.24,100.0,98.39642,11.67,9.337177
17669.44,100.0,104.43788,11.67,9.47002
17669.64,100.0,94.81003,11.67,9.655582
17669.84,100.0,95.79335,11.67,9.497061
17670.04,100.0,92.19011,11.67,9.655848
17670.24,100.0,93.556786,11.67,9.399069
17670.44,100.0,94.645676,11.67,9.654699
17670.64,100.0,96.30176,11.67,9.40133
17670.84,100.0,99.58365,11.67,9.869791
17671.04,100.0,96.641464,11.67,9.435312
17671.24,100.0,94.14416,11.67,9.622175
17671.44,100.0,88.70177,11.67,9.888339
17671.64,100.0,95.97783,11.67,9.88265
17671.84,100.0,90.730804,11.67,9.647
17672.04,100.0,97.454575,11.67,9.712124
17672.24,100.0,98.77031,11.67,9.678068
17672.44,100.0,99.395584,11.67,9.846436
17672.64,100.0,97.64259,11.67,9.55286
17672.84,100.0,94.4563,11.67,9.736308
17673.04,100.0,94.90469,11.67,9.562334
17673.24,100.0,95.1756,11.67,9.633909
17673.44,100.0,94.932144,11.67,9.699579
17673.64,100.0,98.931946,11.67,9.596701
17673.84,100.0,95.922134,11.67,9.628525
17674.04,100.0,100.08935,11.67,9.632214
17674.24,100.0,100.17975,11.67,9.439089
17674.44,100.0,98.31149,11.67,9.719308
17674.64,100.0,95.60906,11.67,9.945385
17674.84,100.0,92.15259,11.67,9.686978
17675.04,100.0,97.80739,11.67,9.821883
17675.24,100.0,96.506546,11.67,9.822153
17675.44,100.0,94.954216,11.67,9.879388
17675.64,100.0,93.33557,11.67,9.885218
17675.84,100.0,96.18606,11.67,9.956473
17676.04,100.0,94.54196,11.67,9.700829
17676.24,100.0,97.20124,11.67,9.827352
17676.44,100.0,95.61759,11.67,9.68739
17676.64,100.0,91.59181,11.67,9.775496
17676.84,100.0,94.33101,11.67,9.764812
17677.04,100.0,96.72503,11.67,10.004454
17677.24,100.0,92.44546,11.67,9.782629
17677.44,100.0,92.96741,11.67,9.915089
17677.64,100.0,96.920944,11.67,9.804933
17677.84,100.0,102.16192,11.67,9.739779
17678.04,100.0,95.88296,11.67,9.76717
17678.24,100.0,91.0623,11.67,9.704157
17678.44,100.0,95.803116,11.67,9.609749
17678.64,100.0,104.55255,11.67,9.540182
17678.84,100.0,93.805176,11.67,9.83923
17679.04,100.0,93.653755,11.67,9.857431
17679.24,100.0,98.84364,11.67,9.705315
17679.44,100.0,101.91774,11.67,9.618251
17679.64,100.0,98.2949,11.67,9.640493
17679.84,100.0,99.447945,11.67,9.723266
17680.04,100.0,101.35869,11.67,9.733348
17680.24,100.0,95.60103,11.67,9.618236
17680.44,100.0,93.9772,11.67,9.967034
17680.64,100.0,99.05073,11.67,9.750118
17680.84,100.0,93.21579,11.67,9.7067375
17681.04,100.0,100.765274,11.67,9.544439
17681.24,100.0,99.539314,11.67,9.392255
17681.44,100.0,92.703476,11.67,9.637554
17681.64,100.0,93.23901,11.67,9.572747
17681.84,100.0,98.964096,11.67,9.414663
17682.04,100.0,89.79844,11.67,9.686731
17682.24,100.0,98.1579,11.67,9.59528
17682.44,100.0,103.106995,11.67,9.619841
17682.64,100.0,98.183975,11.67,9.426224
17682.84,100.0,94.49135,11.67,9.838435
17683.04,100.0,90.5547,11.67,9.679577
17683.24,100.0,103.071266,11.67,9.832621
17683.44,100.0,91.85712,11.67,9.476023
17683.64,100.0,93.22217,11.67,9.7439785
17683.84,100.0,100.36585,11.67,9.597786
17684.04,100.0,102.88076,11.67,9.577116
17684.24,100.0,99.38174,11.67,9.81904
17684.44,100.0,101.552795,11.67,9.535486
17684.64,100.0,101.34986,11.67,9.517313
17684.84,100.0,101.76396,11.67,9.874171
17685.04,100.0,100.1772,11.67,9.726063
17685.24,100.0,97.81709,11.67,9.823464
17685.44,100.0,95.82189,11.67,9.84782
17685.64,100.0,96.55011,11.67,9.727924
17685.84,100.0,95.142235,11.67,9.931494
17686.04,100.0,95.91007,11.67,9.87729
17686.24,100.0,94.17432,11.67,10.010041
17686.44,100.0,95.8926,11.67,10.000877
17686.64,100.0,96.869705,11.67,9.882809
17686.84,100.0,96.08113,11.67,9.85972
17687.04,100.0,94.71706,11.67,9.9553795
17687.24,100.0,95.10918,11.67,9.865305
17687.44,100.0,99.50866,11.67,10.080593
17687.64,100.0,95.65641,11.67,9.739876
17687.84,100.0,99.12059,11.67,9.96332
17688.04,100.0,95.880264,11.67,9.738048
17688.24,100.0,98.21358,11.67,9.868271
17688.44,100.0,98.89033,11.67,9.724747
17688.64,100.0,97.30957,11.67,9.828578
17688.84,100.0,98.337,11.67,9.874905
17689.04,100.0,96.012375,11.67,9.697875
17689.24,100.0,95.86954,11.67,9.70431
17689.44,100.0,97.18506,11.67,9.803644
17689.64,100.0,93.61536,11.67,9.803099
17689.84,100.0,94.89522,11.67,9.62135
17690.04,100.0,98.668,11.67,9.785986
17690.24,100.0,99.85952,11.67,9.89683
17690.44,100.0,99.6677,11.67,9.702812
17690.64,100.0,96.83285,11.67,9.838327
17690.84,100.0,100.78245,11.67,9.917656
17691.04,100.0,97.44463,11.67,9.742407
17691.24,100.0,93.491486,11.67,9.707974
17691.44,100.0,100.351456,11.67,9.603371
17691.64,100.0,97.10905,11.67,9.746027
17691.84,100.0,98.164116,11.67,9.858711
17692.04,100.0,101.54381,11.67,9.414002
17692.24,100.0,102.46167,11.67,9.615648
17692.44,100.0,94.29646,11.67,9.8052845
17692.64,100.0,98.90806,11.67,9.551315
17692.84,100.0,100.2184,11.67,9.649371
17693.04,100.0,97.1504,11.67,9.68151
17693.24,100.0,95.9031,11.67,9.871279
17693.44,100.0,101.446686,11.67,9.837222
17693.64,100.0,100.15712,11.67,9.625023
17693.84,100.0,93.35863,11.67,9.71788
17694.04,100.0,99.80708,11.67,9.714421
17694.24,100.0,95.97119,11.67,9.769498
17694.44,100.0,95.79673,11.67,9.742147
17694.64,100.0,96.388214,11.67,9.769712
17694.84,100.0,94.12357,11.67,9.787378
17695.04,100.0,94.662186,11.67,9.934647
17695.24,100.0,96.20083,11.67,9.919577
17695.44,100.0,94.2009,11.67,9.75852
17695.64,100.0,92.17327,11.67,9.838451
17695.84,100.0,93.456955,11.67,9.724261
17696.04,100.0,94.22359,11.67,9.845179
17696.24,100.0,97.66379,11.67,9.721219
17696.44,100.0,100.70417,11.67,9.657949
17696.64,100.0,99.29707,11.67,9.536617
17696.84,100.0,99.54148,11.67,9.641486
17697.04,100.0,95.84748,11.67,9.646843
17697.24,100.0,101.91346,11.67,9.483949
17697.44,100.0,101.96565,11.67,9.471722
17697.64,100.0,100.41785,11.67,9.656214
17697.84,100.0,96.94805,11.67,9.826883
17698.04,100.0,101.25232,11.67,9.601322
17698.24,100.0,93.42756,11.67,9.786038
17698.44,100.0,92.86235,11.67,9.771578
17698.64,100.0,98.04152,11.67,9.69589
17698.84,100.0,91.98459,11.67,9.795593
17699.04,100.0,95.828026,11.67,9.912394
17699.24,100.0,93.898026,11.67,9.926353
17699.44,100.0,94.56277,11.67,9.938367
17699.64,100.0,97.34392,11.67,9.776425
17699.84,100.0,99.2036,11.67,9.734051
17700.04,100.0,99.39475,11.67,9.613704
17700.24,100.0,96.29978,11.67,9.890909
17700.44,100.0,97.90373,11.67,9.73776
17700.64,100.0,102.3176,11.67,9.576538
17700.84,100.0,101.60123,11.67,9.484214
17701.04,100.0,100.10461,11.67,9.567957
17701.24,100.0,94.93693,11.67,9.60957
17701.44,100.0,95.37999,11.67,9.578306
17701.64,100.0,99.39415,11.67,9.721261
17701.84,100.0,100.73132,11.67,9.585943
17702.04,100.0,91.64098,11.67,9.746136
17702.24,100.0,95.56661,11.67,9.770359
17702.44,100.0,95.471664,11.67,9.653978
17702.64,100.0,87.52472,11.67,9.638405
17702.84,100.0,101.171616,11.67,9.853095
17703.04,100.0,99.06952,11.67,9.461693
17703.24,100.0,98.660385,11.67,9.680503
17703.44,100.0,99.63496,11.67,9.350412
17703.64,100.0,94.96917,11.67,9.691207
17703.84,100.0,92.76431,11.67,9.651639
17704.04,100.0,101.01061,11.67,9.526989
17704.24,100.0,95.96666,11.67,9.611163
17704.44,100.0,95.21062,11.67,9.424921
17704.64,100.0,103.61993,11.67,9.615284
17704.84,100.0,95.74618,11.67,9.497637
17705.04,100.0,97.7323,11.67,9.766718
17705.24,100.0,102.02731,11.67,9.524086
17705.44,100.0,102.95892,11.67,9.394648
17705.64,100.0,99.37021,11.67,9.557265
17705.84,100.0,95.70352,11.67,9.498627
17706.04,100.0,97.07908,11.67,9.508577
17706.24,100.0,98.22434,11.67,9.55982
17706.44,100.0,102.52309,11.67,9.638536
17706.64,100.0,100.43976,11.67,9.329803
17706.84,100.0,105.53949,11.67,9.577639
17707.04,100.0,100.6489,11.67,9.400657
17707.24,100.0,98.2084,11.67,9.544813
17707.44,100.0,100.71095,11.67,9.593632
17707.64,100.0,103.79199,11.67,9.331051
17707.84,100.0,99.4065,11.67,9.389868
17708.04,100.0,98.13593,11.67,9.658655
17708.24,100.0,100.887985,11.67,9.492407
17708.44,100.0,99.28903,11.67,9.4092655
17708.64,100.0,95.260376,11.67,9.732059
17708.84,100.0,95.688354,11.67,9.501846
17709.04,100.0,96.665245,11.67,9.583288
17709.24,100.0,101.97173,11.67,9.510373
17709.44,100.0,99.270134,11.67,9.60304
17709.64,100.0,101.57859,11.67,9.400563
17709.84,100.0,102.90343,11.67,9.511215
17710.04,100.0,99.229324,11.67,9.531641
17710.24,100.0,97.94959,11.67,9.637974
17710.44,100.0,93.72243,11.67,9.507761
17710.64,100.0,91.96648,11.67,9.719402
17710.84,100.0,94.20616,11.67,9.751993
17711.04,100.0,96.45597,11.67,9.427982
17711.24,100.0,98.64344,11.67,9.510908
17711.44,100.0,93.99812,11.67,9.576797
17711.64,100.0,97.95271,11.67,9.515575
17711.84,100.0,99.91117,11.67,9.482392
17712.04,100.0,100.62551,11.67,9.433862
17712.24,100.0,95.67095,11.67,9.597685
17712.44,100.0,102.445335,11.67,9.287104
17712.64,100.0,91.407845,11.67,9.220949
17712.84,100.0,93.40366,11.67,9.2940645
17713.04,100.0,103.14333,11.67,9.445271
17713.24,100.0,91.74729,11.67,9.279547
17713.44,100.0,99.07069,11.67,9.521563
17713.64,100.0,102.18111,11.67,9.585186
17713.84,100.0,97.64821,11.67,9.122384
17714.04,100.0,90.72893,11.67,9.494278
17714.24,100.0,95.6104,11.67,9.512726
17714.44,100.0,85.88068,11.67,9.455744
17714.64,100.0,100.246796,11.67,9.506796
17714.84,100.0,101.75189,11.67,9.437838
17715.04,100.0,97.138466,11.67,9.490049
17715.24,100.0,104.908104,11.67,9.45709
17715.44,100.0,103.07299,11.67,9.020912
17715.64,100.0,95.16789,11.67,9.25942
17715.84,100.0,95.290634,11.67,9.293842
17716.04,100.0,100.46731,11.67,9.510302
17716.24,100.0,98.97844,11.67,9.193369
17716.44,100.0,106.10901,11.67,9.27055
17716.64,100.0,102.34923,11.67,9.314552
17716.84,100.0,95.75983,11.67,9.2922
17717.04,100.0,94.76477,11.67,9.345089
17717.24,100.0,92.666756,11.67,9.425061
17717.44,100.0,103.07031,11.67,9.637147
17717.64,100.0,103.88849,11.67,9.319767
17717.84,100.0,96.04157,11.67,9.0886135
17718.04,100.0,99.95134,11.67,9.188137
17718.24,100.0,97.59932,11.67,9.234121
17718.44,100.0,97.89618,11.67,9.378572
17718.64,100.0,105.18878,11.67,9.244165
17718.84,100.0,104.61149,11.67,9.285831
17719.04,100.0,98.41381,11.67,9.355364
17719.24,100.0,95.44718,11.67,9.262831
17719.44,100.0,89.5413,11.67,9.481514
17719.64,100.0,92.849144,11.67,9.5393715
17719.84,100.0,97.72974,11.67,9.4358425
17720.04,100.0,98.106705,11.67,9.387653
17720.24,100.0,99.086685,11.67,9.292065
17720.44,100.0,106.15458,11.67,9.190748
17720.64,100.0,100.33699,11.67,9.296745
17720.84,100.0,86.93969,11.67,9.368137
17721.04,100.0,101.17709,11.67,9.374815
17721.24,100.0,100.79133,11.67,9.317203
17721.44,100.0,102.35657,11.67,9.031044
17721.64,100.0,96.184715,11.67,9.312871
17721.84,100.0,96.38181,11.67,9.102253
17722.04,100.0,96.694435,11.67,9.501012
17722.24,100.0,99.68845,11.67,9.324753
17722.44,100.0,91.8244,11.67,9.437731
17722.64,100.0,92.81987,11.67,9.210688
17722.84,100.0,101.80809,11.67,9.354376
17723.04,100.0,92.285126,11.67,9.310434
17723.24,100.0,97.847046,11.67,9.330154
17723.44,100.0,96.22145,11.67,9.385504
17723.64,100.0,102.61944,11.67,9.141108
17723.84,100.0,102.46174,11.67,9.365561
17724.04,100.0,97.24791,11.67,9.122984
17724.24,100.0,92.336464,11.67,9.400055
17724.44,100.0,93.4847,11.67,9.206109
17724.64,100.0,101.07249,11.67,9.289513
17724.84,100.0,98.34955,11.67,9.13387
17725.04,100.0,100.674095,11.67,9.161245
17725.24,100.0,102.13553,11.67,9.085283
17725.44,100.0,100.62946,11.67,9.235531
17725.64,100.0,98.50041,11.67,9.150761
17725.84,100.0,99.53188,11.67,9.224184
17726.04,100.0,95.188736,11.67,9.034819
17726.24,100.0,100.94885,11.67,9.1836815
17726.44,100.0,100.360916,11.67,9.070562
17726.64,100.0,92.93761,11.67,9.199589
17726.84,100.0,98.05061,11.67,9.341549
17727.04,100.0,94.7406,11.67,9.22015
17727.24,100.0,95.699196,11.67,9.090132
17727.44,100.0,93.46324,11.67,9.191572
17727.64,100.0,97.66147,11.67,9.227222
17727.84,100.0,94.32839,11.67,9.213326
17728.04,100.0,95.66062,11.67,9.225798
17728.24,100.0,98.46225,11.67,9.212779
17728.44,100.0,92.632614,11.67,9.396463
17728.64,100.0,95.55304,11.67,9.238443
17728.84,100.0,92.363846,11.67,9.18295
17729.04,100.0,103.4129,11.67,9.292337
17729.24,100.0,101.49784,11.67,9.067532
17729.44,100.0,100.54808,11.67,8.89609
17729.64,100.0,103.68855,11.67,9.169975
17729.84,100.0,106.46165,11.67,8.95835
17730.04,100.0,99.029465,11.67,9.237724
17730.24,100.0,92.99847,11.67,9.131855
17730.44,100.0,101.74914,11.67,9.205105
17730.64,100.0,97.67618,11.67,9.0576515
17730.84,100.0,95.42798,11.67,9.0789995
17731.04,100.0,94.8701,11.67,9.266029
17731.24,100.0,103.561,11.67,9.135331
17731.44,100.0,95.76891,11.67,9.0498905
17731.64,100.0,99.78039,11.67,8.786694
17731.84,100.0,98.115204,11.67,9.084463
17732.04,100.0,97.00839,11.67,9.090691
17732.24,100.0,95.36087,11.67,9.243502
17732.44,100.0,95.13725,11.67,9.198427
17732.64,100.0,101.02148,11.67,9.312751
17732.84,100.0,94.89312,11.67,9.05916
17733.04,100.0,92.71376,11.67,9.283838
17733.24,100.0,97.1344,11.67,9.121581
17733.44,100.0,94.38395,11.67,9.128122
17733.64,100.0,89.16261,11.67,9.210522
17733.84,100.0,95.94978,11.67,9.230673
17734.04,100.0,93.197525,0.0,9.099968
17734.24,100.0,96.88199,0.0,9.155253
17734.44,100.0,98.52641,0.0,9.152249
17734.64,100.0,99.39131,0.0,8.986549
17734.84,100.0,99.46603,0.0,9.077086
17735.04,100.0,95.82909,0.0,8.977571
17735.24,100.0,97.97465,0.0,9.107876
17735.44,100.0,89.14473,0.0,9.137533
17735.64,100.0,90.87855,0.0,9.106398
17735.84,100.0,94.52356,0.0,9.189802
17736.04,100.0,98.19577,0.0,9.120823
17736.24,100.0,101.02461,0.0,8.980913
17736.44,100.0,97.93519,0.0,8.846546
17736.64,100.0,101.75725,0.0,8.890343
17736.84,100.0,100.53491,0.0,8.881866
17737.04,100.0,94.511185,0.0,9.01087
17737.24,100.0,98.86175,0.0,8.992517
17737.44,100.0,91.788345,0.0,8.864981
17737.64,100.0,93.51946,0.0,8.985192
17737.84,100.0,97.86955,0.0,8.892828
17738.04,100.0,95.21139,0.0,8.793692
17738.24,100.0,96.55859,0.0,9.00132
17738.44,100.0,101.58345,0.0,8.867958
17738.64,100.0,97.72167,0.0,8.76284
17738.84,100.0,91.16021,0.0,8.88188
17739.04,100.0,96.22794,0.0,8.861347
17739.24,100.0,94.83575,0.0,8.974833
17739.44,100.0,98.06645,0.0,8.9280205
17739.64,100.0,96.728264,0.0,9.003919
17739.84,100.0,103.843254,0.0,8.733158
17740.04,100.0,97.90843,0.0,8.764034
17740.24,100.0,96.83903,0.0,8.891715
17740.44,100.0,101.39556,0.0,8.855471
17740.64,100.0,93.67761,0.0,8.82688
17740.84,100.0,100.56523,0.0,9.038049
17741.04,100.0,94.79642,0.0,8.730446
17741.24,100.0,100.798676,0.0,8.956465
17741.44,100.0,99.79482,0.0,8.855393
17741.64,100.0,93.25238,0.0,8.77313
17741.84,100.0,88.25612,0.0,8.91393
17742.04,100.0,100.161514,0.0,9.071575
17742.24,100.0,97.64839,0.0,8.83214
17742.44,100.0,95.307144,0.0,9.0849695
17742.64,100.0,109.24281,0.0,8.917133
17742.84,100.0,97.68631,0.0,8.878438
17743.04,100.0,96.55625,0.0,8.906982
17743.24,100.0,100.03131,0.0,9.033114
17743.44,100.0,102.93842,0.0,8.850296
17743.64,100.0,93.93693,0.0,9.085301
17743.84,100.0,100.837906,0.0,9.092801
17744.04,100.0,102.36828,0.0,8.823149
17744.24,100.0,103.632324,0.0,8.890889
17744.44,100.0,95.86811,0.0,8.702293
17744.64,100.0,88.39733,0.0,8.868256
17744.84,100.0,98.09864,0.0,8.867058
17745.04,100.0,97.42232,0.0,8.856819
17745.24,100.0,93.31395,0.0,8.870741
17745.44,100.0,99.96221,0.0,8.993866
17745.64,100.0,99.218155,0.0,8.835844
17745.84,100.0,91.0167,0.0,8.976125
17746.04,100.0,96.657486,0.0,8.953936
17746.24,100.0,96.63945,0.0,8.829738
17746.44,100.0,97.1921,0.0,9.012363
17746.64,100.0,96.72938,0.0,8.886818
17746.84,100.0,98.25096,0.0,8.818999
17747.04,100.0,98.944756,0.0,8.837797
17747.24,100.0,109.45174,0.0,8.701733
17747.44,100.0,101.87148,0.0,8.820836
17747.64,100.0,96.37258,0.0,8.800908
17747.84,100.0,96.69463,0.0,8.902787
17748.04,100.0,94.09558,0.0,8.8409195
17748.24,100.0,101.259636,0.0,8.811595
17748.44,100.0,97.97223,0.0,8.702433
17748.64,100.0,98.94459,0.0,8.775215
17748.84,100.0,96.485054,0.0,8.934415
17749.04,100.0,99.01738,0.0,8.828351
17749.24,100.0,93.652985,0.0,8.8585415
17749.44,100.0,100.76779,0.0,8.665199
17749.64,100.0,93.916565,0.0,8.603258
17749.84,100.0,91.31015,0.0,8.890924
17750.04,100.0,91.55327,0.0,8.689253
17750.24,100.0,96.18262,0.0,8.701377
17750.44,100.0,91.83733,0.0,8.896534
17750.64,100.0,103.51225,0.0,8.695724
17750.84,100.0,93.150055,0.0,8.53356
17751.04,100.0,88.53295,0.0,8.5746975
17751.24,100.0,92.80974,0.0,8.471146
17751.44,100.0,91.84309,0.0,8.3313
17751.64,100.0,93.051094,0.0,8.209345
17751.84,100.0,98.595184,0.0,8.2531
17752.04,100.0,94.88892,0.0,8.137592
17752.24,100.0,95.652504,0.0,7.835708
17752.44,100.0,94.14378,0.0,7.9093056
17752.64,100.0,84.427795,0.0,7.6399918
17752.84,100.0,97.62077,0.0,6.915134
17753.04,100.0,89.00182,0.0,6.9035654
17753.24,100.0,91.95375,0.0,7.0358057
17753.44,100.0,87.312744,0.0,6.2916408
17753.64,100.0,97.52528,0.0,5.331809
17753.84,100.0,94.185555,0.0,5.400546
17754.04,100.0,96.29384,0.0,5.95595
17754.24,100.0,100.09265,0.0,5.402593
17754.44,100.0,104.12879,0.0,4.876255
17754.64,100.0,108.67801,0.0,4.3752456
17754.84,100.0,108.03047,0.0,4.265164
17755.04,100.0,104.49536,0.0,3.2468548
17755.24,100.0,108.19577,0.0,2.6694856
17755.44,100.0,111.439224,0.0,3.2217782
17755.64,100.0,109.27852,0.0,1.996122
17755.84,100.0,115.18448,0.0,0.8003969
17756.04,100.0,111.174774,0.0,0.57301664
17756.24,100.0,119.54367,0.0,0.12343025
17756.44,100.0,112.947205,0.0,-0.0046830177
17756.64,100.0,113.60391,0.0,-0.2181983
17756.84,100.0,114.14221,0.0,0.13359237
17757.04,100.0,119.1129,0.0,-0.09975338
17757.24,100.0,111.777115,0.0,-0.1858139
17757.44,100.0,123.414764,0.0,0.2561853
17757.64,100.0,118.95356,0.0,-0.003492117
17757.84,100.0,119.11211,0.0,-0.2745695
17758.04,100.0,118.65779,0.0,-0.22418022
17758.24,100.0,115.86651,0.0,-0.34042263
17758.44,100.0,108.77998,0.0,-0.37917757
17758.64,100.0,114.89429,0.0,-0.35762787
17758.84,100.0,113.3734,0.0,-0.425354
17759.04,100.0,109.28702,0.0,-0.43051052
17759.24,100.0,116.67255,0.0,-0.4396243
17759.44,100.0,113.91218,0.0,-0.44600916
17759.64,100.0,112.172516,0.0,-0.42599058
17759.84,100.0,113.24318,0.0,-0.4341526
17760.04,100.0,111.83908,0.0,-0.41334295
17760.24,100.0,112.864845,0.0,-0.3977847
17760.44,100.0,115.45847,0.0,-0.44569063
17760.64,100.0,111.93622,0.0,-0.40501404
17760.84,100.0,114.61558,0.0,-0.44344568
17761.04,100.0,111.901566,0.0,-0.3893175
17761.24,100.0,114.13734,0.0,-0.4134822
17761.44,100.0,106.6886,0.0,-0.37182665
17761.64,100.0,103.6759,0.0,-0.34424734
17761.84,100.0,99.57307,0.0,-0.2873354
17762.04,100.0,101.57789,0.0,-0.34148932
17762.24,100.0,112.61336,0.0,-0.37536764
17762.44,100.0,107.249756,0.0,-0.37360525
17762.64,100.0,112.03937,0.0,-0.39110804
17762.84,100.0,112.25116,0.0,-0.33834505
17763.04,100.0,114.15045,0.0,-0.38832045
17763.24,100.0,107.72325,0.0,-0.32374048
17763.44,100.0,112.36687,0.0,-0.37284803
17763.64,100.0,108.65851,0.0,-0.3314271
17763.84,100.0,109.482056,0.0,-0.3628583
17764.04,100.0,104.766556,0.0,-0.28673744
17764.24,100.0,103.12485,0.0,-0.30419588
17764.44,100.0,107.501526,0.0,-0.35585928
17764.64,100.0,108.759155,0.0,-0.32701683
17764.84,100.0,103.03184,0.0,-0.29567385
17765.04,100.0,108.30034,0.0,-0.28418112
17765.24,100.0,108.4746,0.0,-0.33804178
17765.44,100.0,104.23306,0.0,-0.27013254
17765.64,100.0,106.207954,0.0,-0.29644394
17765.84,100.0,102.34666,0.0,-0.22214127
17766.04,100.0,97.46926,0.0,-0.20817804
17766.24,100.0,101.781006,0.0,-0.2921872
17766.44,100.0,103.12407,0.0,-0.23279715
17766.64,100.0,103.21231,0.0,-0.2547207
17766.84,100.0,105.268265,0.0,-0.24878025
17767.04,100.0,102.89088,0.0,-0.25029135
17767.24,100.0,101.947174,0.0,-0.27689838
17767.44,100.0,106.35883,0.0,-0.27740574
17767.64,100.0,105.996155,0.0,-0.27381468
17767.84,100.0,107.31267,0.0,-0.27690125
17768.04,100.0,104.62277,0.0,-0.27448463
17768.24,100.0,105.90453,0.0,-0.24275017
17768.44,100.0,103.17435,0.0,-0.24466515
17768.64,100.0,104.03084,0.0,-0.27497435
17768.84,100.0,105.757034,0.0,-0.25109386
17769.04,100.0,111.81024,0.0,-0.28122807
17769.24,100.0,103.80558,0.0,-0.23285341
17769.44,100.0,102.92009,0.0,-0.21283531
17769.64,100.0,107.712746,0.0,-0.28408623
17769.84,100.0,103.70964,0.0,-0.24941206
17770.04,100.0,105.17893,0.0,-0.25020075
17770.24,100.0,104.93394,0.0,-0.25723886
17770.44,100.0,106.405045,0.0,-0.2536664
17770.64,100.0,101.91557,0.0,-0.23589373
17770.84,100.0,105.991425,0.0,-0.26717043
17771.04,100.0,100.73163,0.0,-0.23254204
17771.24,100.0,103.83382,0.0,-0.24464369
17771.44,100.0,103.86678,0.0,-0.2630291
17771.64,100.0,99.46637,0.0,-0.23573542
17771.84,100.0,105.593124,0.0,-0.24894142
17772.04,100.0,101.492966,0.0,-0.2428875
17772.24,100.0,102.74984,0.0,-0.25516748
17772.44,100.0,106.6478,0.0,-0.2556386
17772.64,100.0,100.80681,0.0,-0.23234463
17772.84,100.0,99.62604,0.0,-0.21709013
17773.04,100.0,105.86945,0.0,-0.2503848
17773.24,100.0,104.63588,0.0,-0.26139832
17773.44,100.0,104.02504,0.0,-0.25033283
17773.64,100.0,106.89012,0.0,-0.28518057
17773.84,100.0,105.22398,0.0,-0.2450676
17774.04,100.0,103.27161,0.0,-0.24436092
17774.24,100.0,105.34711,0.0,-0.27228594
17774.44,100.0,101.48639,0.0,-0.23592758
17774.64,100.0,101.70962,0.0,-0.24783993
17774.84,100.0,110.414566,0.0,-0.2727189
17775.04,100.0,104.53288,0.0,-0.2527485
17775.24,100.0,103.54643,0.0,-0.25214195
17775.44,100.0,104.641365,0.0,-0.2566867
17775.64,100.0,105.10247,0.0,-0.26923084
17775.84,100.0,106.215836,0.0,-0.25758028
17776.04,100.0,101.86771,0.0,-0.24495983
17776.24,100.0,105.47595,0.0,-0.28241253
17776.44,100.0,106.022125,0.0,-0.2639146
17776.64,100.0,102.42563,0.0,-0.26177263
17776.84,100.0,98.98203,0.0,-0.22804356
17777.04,100.0,108.5096,0.0,-0.2590027
17777.24,100.0,105.82202,0.0,-0.25013256
17777.44,100.0,107.284256,0.0,-0.2390275
17777.64,100.0,104.556915,0.0,-0.22125196
17777.84,100.0,103.735245,0.0,-0.20665026
17778.04,100.0,107.10575,0.0,-0.23113585
17778.24,100.0,101.24871,0.0,-0.20300913
17778.44,100.0,102.10161,0.0,-0.22025585
17778.64,100.0,106.43216,0.0,-0.24426985
17778.84,100.0,113.09717,0.0,-0.2962551
17779.04,100.0,107.15897,0.0,-0.24278164
17779.24,100.0,103.1994,0.0,-0.22527647
17779.44,100.0,101.430786,0.0,-0.19863224
17779.64,100.0,104.25445,0.0,-0.2252016
17779.84,100.0,103.56832,0.0,-0.20766306
17780.04,100.0,101.091995,0.0,-0.23887444
17780.24,100.0,104.039215,0.0,-0.22219801
17780.44,100.0,106.02742,0.0,-0.24835205
17780.64,100.0,105.64061,0.0,-0.27651072
17780.84,100.0,102.35344,0.0,-0.22849083
17781.04,100.0,107.854744,0.0,-0.2476244
17781.24,100.0,109.37802,0.0,-0.2899537
17781.44,100.0,112.568085,0.0,-0.3100767
17781.64,100.0,107.08551,0.0,-0.23326159
17781.84,100.0,102.78006,0.0,-0.25409126
17782.04,100.0,102.964645,0.0,-0.22223616
17782.24,100.0,105.05624,0.0,-0.24748516
17782.44,100.0,106.359406,0.0,-0.24784279
17782.64,100.0,106.05052,0.0,-0.24461222
17782.84,100.0,110.51658,0.0,-0.26438427
17783.04,100.0,109.68735,0.0,-0.2503209
17783.24,100.0,105.59599,0.0,-0.20455027
17783.44,100.0,100.392944,0.0,-0.20896149
17783.64,100.0,107.265915,0.0,-0.26517677
17783.84,100.0,114.5892,0.0,-0.25621986
17784.04,100.0,108.84126,0.0,-0.2643609
17784.24,100.0,107.78477,0.0,-0.23950815
17784.44,100.0,112.90915,0.0,-0.22828388
17784.64,100.0,108.882324,0.0,-0.21641207
17784.84,100.0,102.45472,0.0,-0.17604399
17785.04,100.0,102.100464,0.0,-0.18086481
17785.24,100.0,104.29141,0.0,-0.18969011
17785.44,100.0,102.53829,0.0,-0.21006536
17785.64,100.0,102.205284,0.0,-0.16901636
17785.84,100.0,103.67015,0.0,-0.19662046
17786.04,100.0,110.37565,0.0,-0.22890568
17786.24,100.0,106.8277,0.0,-0.19728851
17786.44,100.0,104.59934,0.0,-0.19275045
17786.64,100.0,107.31176,0.0,-0.20174694
17786.84,100.0,104.88118,0.0,-0.18865013
17787.04,100.0,107.870316,0.0,-0.21422195
17787.24,100.0,106.613014,0.0,-0.2155075
17787.44,100.0,109.06813,0.0,-0.22062683
17787.64,100.0,111.03218,0.0,-0.24743032
17787.84,100.0,112.210106,0.0,-0.27660704
17788.04,100.0,107.1904,0.0,-0.21180153
17788.24,100.0,109.837036,0.0,-0.20782375
17788.44,100.0,109.36133,0.0,-0.23565626
17788.64,100.0,100.86517,0.0,-0.18184805
17788.84,100.0,104.173935,0.0,-0.17478848
17789.04,100.0,104.257,0.0,-0.19111347
17789.24,100.0,101.9194,0.0,-0.17498302
17789.44,100.0,106.2975,0.0,-0.21898603
17789.64,100.0,107.446075,0.0,-0.23107481
17789.84,100.0,110.571335,0.0,-0.2466569
17790.04,100.0,112.33798,0.0,-0.26399088
17790.24,100.0,115.0246,0.0,-0.2878356
17790.44,100.0,111.31465,0.0,-0.2324214
17790.64,100.0,110.92502,0.0,-0.27276087
17790.84,100.0,108.211624,0.0,-0.2156806
17791.04,100.0,106.696625,0.0,-0.21538496
17791.24,100.0,109.9261,0.0,-0.21524
17791.44,100.0,107.0461,0.0,-0.23113632
17791.64,100.0,109.27617,0.0,-0.21164846
17791.84,100.0,110.25951,0.0,-0.23265791
17792.04,100.0,107.43788,0.0,-0.20922709
17792.24,100.0,97.02114,0.0,-0.11840868
17792.44,100.0,105.835304,0.0,-0.22430277
17792.64,100.0,112.10114,0.0,-0.24127102
17792.84,100.0,111.38062,0.0,-0.2570243
17793.04,100.0,109.10162,0.0,-0.19290924
17793.24,100.0,113.12647,0.0,-0.23878717
17793.44,100.0,113.15263,0.0,-0.25049973
17793.64,100.0,113.54651,0.0,-0.24031734
17793.84,100.0,110.9918,0.0,-0.24421835
17794.04,100.0,112.90083,0.0,-0.22285175
17794.24,100.0,106.80701,0.0,-0.23642969
17794.44,100.0,106.760284,0.0,-0.23474169
17794.64,100.0,105.91573,0.0,-0.19427443
17794.84,100.0,108.38515,0.0,-0.17727041
17795.04,100.0,105.294624,0.0,-0.18082476
17795.24,100.0,105.47914,0.0,-0.18040848
17795.44,100.0,109.37201,0.0,-0.23611021
17795.64,100.0,106.81749,0.0,-0.21160316
17795.84,100.0,111.266624,0.0,-0.23819113
17796.04,100.0,112.614624,0.0,-0.26066732
17796.24,100.0,109.91243,0.0,-0.24568224
17796.44,100.0,114.37302,0.0,-0.26587296
17796.64,100.0,112.917435,0.0,-0.23930788
17796.84,100.0,113.30849,0.0,-0.26929283
17797.04,100.0,111.311066,0.0,-0.25297832
17797.24,100.0,107.11788,0.0,-0.23726892
17797.44,100.0,106.9149,0.0,-0.17071152
17797.64,100.0,111.40842,0.0,-0.20464182
17797.84,100.0,109.569824,0.0,-0.21917772
17798.04,100.0,110.478195,0.0,-0.21118355
17798.24,100.0,109.10821,0.0,-0.20980883
17798.44,100.0,104.00211,0.0,-0.17924356
17798.64,100.0,108.847885,0.0,-0.23533869
17798.84,100.0,105.0261,0.0,-0.1966939
17799.04,100.0,110.282906,0.0,-0.19726229
17799.24,100.0,109.44997,0.0,-0.2191062
17799.44,100.0,110.010025,0.0,-0.2022605
17799.64,100.0,112.82831,0.0,-0.23296499
17799.84,100.0,110.125015,0.0,-0.19507647
17800.04,100.0,108.72659,0.0,-0.20788813
17800.24,100.0,113.81511,0.0,-0.22330475
17800.44,100.0,112.98167,0.0,-0.24119425
17800.64,100.0,111.2692,0.0,-0.21053743
17800.84,100.0,114.84309,0.0,-0.1949668
17801.04,100.0,114.368576,0.0,-0.25239277
17801.24,100.0,115.8183,0.0,-0.25159407
17801.44,100.0,108.74164,0.0,-0.16697454
17801.64,100.0,111.743286,0.0,-0.22770834
17801.84,100.0,116.322174,0.0,-0.2491908
17802.04,100.0,116.6946,0.0,-0.25042868
17802.24,100.0,109.44236,0.0,-0.23174286
17802.44,100.0,109.31558,0.0,-0.1877613
17802.64,100.0,105.84279,0.0,-0.17003107
17802.84,100.0,108.11424,0.0,-0.15160608
17803.04,100.0,102.523674,0.0,-0.16889954
17803.24,100.0,107.56303,0.0,-0.14085627
17803.44,100.0,116.04373,0.0,-0.24171591
17803.64,100.0,115.347,0.0,-0.22263384
17803.84,100.0,111.58469,0.0,-0.2142744
17804.04,100.0,114.11056,0.0,-0.18769121
17804.24,100.0,109.25716,0.0,-0.17795563
17804.44,100.0,110.55578,0.0,-0.21241903
17804.64,100.0,107.997955,0.0,-0.16228771
17804.84,100.0,111.49144,0.0,-0.19935703
17805.04,100.0,111.98395,0.0,-0.20031166
17805.24,100.0,119.47947,0.0,-0.26120186
17805.44,100.0,111.25268,0.0,-0.14145374
17805.64,100.0,108.578606,0.0,-0.18587303
17805.84,100.0,115.94451,0.0,-0.19473124
17806.04,100.0,116.48755,0.0,-0.2660513
17806.24,100.0,110.797966,0.0,-0.19209385
17806.44,100.0,113.293434,0.0,-0.23070955
17806.64,100.0,113.25402,0.0,-0.1904645
17806.84,100.0,109.4037,0.0,-0.17992973
17807.04,100.0,111.722176,0.0,-0.1284604
17807.24,100.0,110.57338,0.0,-0.18037605
17807.44,100.0,108.06067,0.0,-0.17224693
17807.64,100.0,110.01059,0.0,-0.18968391
17807.84,100.0,117.09053,0.0,-0.20515823
17808.04,100.0,109.0058,0.0,-0.17196131
17808.24,100.0,110.871414,0.0,-0.20830584
17808.44,100.0,111.26328,0.0,-0.15826702
17808.64,100.0,109.11919,0.0,-0.16423988
17808.84,100.0,107.72969,0.0,-0.16052008
17809.04,100.0,106.36996,0.0,-0.1677661
17809.24,100.0,109.25992,0.0,-0.17077541
17809.44,100.0,115.83263,0.0,-0.23861074
17809.64,100.0,110.65953,0.0,-0.16282749
17809.84,100.0,105.05639,0.0,-0.14800882
17810.04,100.0,116.3539,0.0,-0.20455694
17810.24,100.0,110.014046,0.0,-0.15896559
17810.44,100.0,107.39134,0.0,-0.18048954
17810.64,100.0,115.757286,0.0,-0.2596979
17810.84,100.0,114.93039,0.0,-0.18672895
17811.04,100.0,119.15366,0.0,-0.26713943
17811.24,100.0,114.51158,0.0,-0.18019152
17811.44,100.0,112.41314,0.0,-0.16829109
17811.64,100.0,115.85471,0.0,-0.23357296
17811.84,100.0,116.42762,0.0,-0.17769861
17812.04,100.0,114.66339,0.0,-0.17292166
17812.24,100.0,110.799545,0.0,-0.15069532
17812.44,100.0,116.15289,0.0,-0.2110796
17812.64,100.0,110.22157,0.0,-0.15017176
17812.84,100.0,106.54777,0.0,-0.123369694
17813.04,100.0,113.778244,0.0,-0.2071433
17813.24,100.0,118.91377,0.0,-0.21165991
17813.44,100.0,110.14458,0.0,-0.14810753
17813.64,100.0,109.50317,0.0,-0.14534426
17813.84,100.0,113.94196,0.0,-0.1765008
17814.04,100.0,114.82039,0.0,-0.09405041
17814.24,100.0,117.49686,0.0,-0.15932655
17814.44,100.0,119.44582,0.0,-0.1697216
17814.64,100.0,115.8884,0.0,-0.14336824
17814.84,100.0,107.12686,0.0,-0.13893127
17815.04,100.0,109.68818,0.0,-0.1010685
17815.24,100.0,108.105835,0.0,-0.094668865
17815.44,100.0,109.36017,0.0,-0.116794586
17815.64,100.0,111.60033,0.0,-0.110777855
17815.84,100.0,117.48594,0.0,-0.13459969
17816.04,100.0,116.40273,0.0,-0.17891979
17816.24,100.0,112.548,0.0,-0.15092802
17816.44,100.0,111.3109,0.0,-0.08693266
17816.64,100.0,115.1971,0.0,-0.11754227
17816.84,100.0,119.55769,0.0,-0.19839859
17817.04,100.0,117.46824,0.0,-0.104382515
17817.24,100.0,112.62677,0.0,-0.113149166
17817.44,100.0,119.42433,0.0,-0.14281464
17817.64,100.0,123.47309,0.0,-0.18622923
17817.84,100.0,120.474754,0.0,-0.13136292
17818.04,100.0,110.41865,0.0,-0.032122135
17818.24,100.0,118.768555,0.0,-0.12685442
17818.44,100.0,115.94309,0.0,-0.11696005
17818.64,100.0,113.77395,0.0,-0.09617615
17818.84,100.0,114.79417,0.0,-0.042654276
17819.04,100.0,116.78459,0.0,-0.09260321
17819.24,100.0,117.21434,0.0,-0.018610716
17819.44,100.0,114.67987,0.0,-0.035714626
17819.64,100.0,104.34653,0.0,0.022888184
17819.84,100.0,115.19606,0.0,-0.09185839
17820.04,100.0,118.128494,0.0,-0.033085108
17820.24,100.0,118.59131,0.0,-0.11863184
17820.44,100.0,119.36741,0.0,-0.0073316097
17820.64,100.0,120.21346,0.0,0.035470247
17820.84,100.0,114.899185,0.0,0.0334177
17821.04,100.0,109.847855,0.0,0.14555502
17821.24,100.0,111.87128,0.0,0.05961132
17821.44,100.0,116.01263,0.0,0.015573502
17821.64,100.0,115.79863,0.0,0.11682129
17821.84,100.0,119.84513,0.0,-0.007919073
17822.04,100.0,120.59269,0.0,0.023024082
17822.24,100.0,120.823166,0.0,-0.05051422
17822.44,100.0,114.47059,0.0,0.04787588
17822.64,100.0,117.00296,0.0,0.027333021
17822.84,100.0,116.03903,0.0,0.10016155
17823.04,0.0,116.51547,0.0,0.115356445
17823.24,0.0,116.91008,0.0,0.02115202
17823.44,0.0,113.60237,0.0,0.3466351
17823.64,0.0,120.84562,0.0,0.07407999
17823.84,0.0,113.75338,0.0,0.08587098
17824.04,0.0,115.125565,0.0,0.27186298
17824.24,0.0,120.92073,0.0,0.016401052
17824.44,0.0,123.913185,0.0,0.09078407
17824.64,0.0,116.83044,0.0,0.1829381
17824.83,0.0,110.11014,0.0,0.020226717
17825.03,0.0,117.790825,0.0,0.045915127
17825.23,0.0,116.101776,0.0,0.61942315
17825.43,0.0,116.9534,0.0,0.1952343
17825.63,0.0,116.48158,0.0,0.112659216
17825.83,0.0,117.32359,0.0,0.10587072
17826.03,0.0,118.34587,0.0,0.20906925
17826.23,0.0,116.354416,0.0,0.26453757
17826.43,0.0,116.24683,0.0,0.34457898
17826.63,0.0,117.13545,0.0,0.6387925
17826.83,0.0,120.558586,0.0,0.17818356
17827.03,0.0,112.91132,0.0,0.24716854
17827.23,0.0,122.99547,0.0,0.0042877197
17827.43,0.0,113.28862,0.0,0.5859096
17827.63,0.0,113.95313,0.0,0.3359182
17827.83,0.0,123.38563,0.0,0.19439459
17828.03,0.0,119.4982,0.0,0.09064984
17828.23,0.0,114.67467,0.0,0.5300846
17828.43,0.0,120.484116,0.0,0.02826953
17828.63,0.0,119.382545,0.0,0.37868
17828.83,0.0,117.68037,0.0,0.44327474
17829.03,0.0,114.51778,0.0,0.9603026
17829.23,0.0,118.34683,0.0,0.6270344
17829.43,0.0,113.1708,0.0,1.2956495
17829.63,0.0,121.51906,0.0,0.20694208
17829.83,0.0,110.384155,0.0,0.78513765
17830.03,0.0,119.79565,0.0,0.48700666
17830.23,0.0,114.40158,0.0,0.5023513
17830.43,0.0,105.8192,0.0,1.4622765
17830.63,0.0,112.93589,0.0,0.6581783
17830.83,0.0,112.68319,0.0,0.73481655
17831.03,0.0,114.89775,0.0,0.4808023
17831.23,0.0,116.09102,0.0,0.8795905
17831.43,0.0,115.04163,0.0,0.27678347
17831.63,0.0,114.27572,0.0,0.52323985
17831.83,0.0,108.536385,0.0,1.8758769
17832.03,0.0,116.446,0.0,0.42071438
17832.23,0.0,113.34189,0.0,0.7669096
17832.43,0.0,114.14635,0.0,0.64918613
17832.63,0.0,112.67461,0.0,1.1050353
17832.83,0.0,122.86982,0.0,0.41294503
17833.03,0.0,115.32542,0.0,0.656728
17833.23,0.0,115.17044,0.0,0.8118367
17833.43,0.0,121.11401,0.0,0.54397845
17833.63,0.0,116.91728,0.0,0.66862845
17833.83,0.0,111.1057,0.0,0.5451772
17834.03,0.0,116.28139,0.0,0.55930376
17834.23,0.0,117.55673,0.0,0.4494741
17834.43,0.0,108.6018,0.0,0.9765837
17834.63,0.0,111.86679,0.0,1.0370512
17834.83,0.0,111.42462,0.0,1.3528969
17835.03,0.0,110.97829,0.0,0.9161227
17835.23,0.0,107.0762,0.0,0.8906138
17835.43,0.0,106.85087,0.0,0.8562231
17835.63,0.0,114.22044,0.0,0.7951989
17835.83,0.0,110.50073,0.0,1.560168
17836.03,0.0,118.256935,0.0,0.4301095
17836.23,0.0,116.26802,0.0,1.2029183
17836.43,0.0,118.71776,0.0,1.3133855
17836.63,0.0,111.13872,0.0,1.423152
17836.83,0.0,112.656815,0.0,0.8470185
17837.03,0.0,108.4803,0.0,1.9133067
17837.23,0.0,114.18259,0.0,0.990716
17837.43,0.0,100.19873,0.0,0.8596082
17837.63,0.0,110.98395,0.0,0.9451959
17837.83,0.0,102.85321,0.0,1.379719
17838.03,0.0,95.57578,0.0,0.7811215
17838.23,0.0,86.9622,0.0,1.726418
17838.43,0.0,97.69358,0.0,0.6789942
17838.63,0.0,79.153496,0.0,0.908304
17838.83,0.0,81.64191,0.0,1.3949516
17839.03,0.0,79.4395,0.0,0.4710226
17839.23,0.0,69.46342,0.0,0.61887884
17839.43,0.0,60.508156,0.0,1.1472185
17839.63,0.0,52.518127,0.0,1.5424209
17839.83,0.0,56.620342,0.0,1.2939887
17840.03,0.0,48.237923,0.0,0.5647142
17840.23,0.0,41.648296,0.0,0.69094014
17840.43,0.0,47.47,0.0,0.137779
17840.63,0.0,35.20658,0.0,0.17231011
17840.83,0.0,29.740143,0.0,0.1604619
17841.03,0.0,33.91486,0.0,0.24890661
17841.23,0.0,27.30098,0.0,0.12034845
17841.43,0.0,22.458485,0.0,0.22511005
17841.63,0.0,21.67461,0.0,0.12142205
17841.83,0.0,19.986794,0.0,0.298522
17842.03,0.0,20.350498,10.0,0.072824955
17842.23,0.0,19.32999,10.0,0.07599425
17842.43,0.0,15.836731,10.0,0.09291983
17842.63,0.0,13.96965,10.0,0.19205236
17842.83,0.0,15.025646,10.0,0.11263943
17843.03,0.0,8.845787,10.0,0.24158835
17843.23,0.0,12.83569,10.0,0.14364624
17843.43,0.0,12.2798195,10.0,0.036770105
17843.63,0.0,11.361591,10.0,0.02597022
17843.83,0.0,11.008423,10.0,0.07654929
17844.03,0.0,10.268417,10.0,0.06963658
17844.23,0.0,7.26696,10.0,0.15527892
17844.43,0.0,8.746162,10.0,0.25138068
17844.63,0.0,7.809349,10.0,0.072202206
17844.83,0.0,11.147781,10.0,-0.013722181
17845.03,0.0,9.35688,10.0,0.053316116
17845.23,0.0,6.8824463,10.0,0.088326454
17845.43,0.0,7.2997513,10.0,0.09835386
17845.63,0.0,8.219009,10.0,0.12949729
17845.83,0.0,6.6293106,10.0,0.15977621
17846.03,0.0,7.9596634,10.0,0.008939028
17846.23,0.0,7.3341675,10.0,0.05123663
17846.43,0.0,7.3847656,10.0,0.0008535385
17846.63,0.0,7.6595993,10.0,0.027694702
17846.83,0.0,5.197632,10.0,0.16758657
17847.03,0.0,5.9141235,10.0,0.18354034
17847.23,0.0,5.0453796,10.0,0.14957428
17847.43,0.0,6.586975,10.0,0.100854635
17847.63,0.0,5.002632,10.0,0.16275811
17847.83,0.0,5.9803314,10.0,0.023815393
17848.03,0.0,6.314102,10.0,0.03450632
17848.23,0.0,4.5639725,10.0,0.16289115
17848.43,0.0,4.440605,10.0,0.16876388
17848.63,0.0,4.328453,10.0,0.176023
17848.83,0.0,5.361496,10.0,0.08074927
17849.03,0.0,4.8236313,10.0,0.09152293
17849.23,0.0,5.61689,10.0,0.058024168
17849.43,0.0,4.8119354,10.0,0.03374815
17849.63,0.0,4.570915,10.0,0.10281038
17849.83,0.0,4.8004684,10.0,0.083022594
17850.03,0.0,4.6703796,10.0,0.06865835
17850.23,0.0,4.6200485,10.0,0.08488464
17850.43,0.0,4.4153595,10.0,0.08117652
17850.63,0.0,5.7676773,10.0,-0.00026130676
17850.83,0.0,4.9016113,10.0,0.09253621
17851.03,0.0,3.6533356,10.0,0.13813853
17851.23,0.0,3.4655228,10.0,0.09417486
17851.43,0.0,4.3118896,10.0,0.07105756
17851.63,0.0,3.88842,10.0,0.059502125
17851.83,0.0,4.4843597,10.0,0.06268096
17852.03,0.0,3.8506393,10.0,0.08679509
17852.23,0.0,4.237564,10.0,0.1403718
17852.43,0.0,2.430252,10.0,0.16532469
17852.63,0.0,3.8563766,10.0,0.06086254
17852.83,0.0,3.906395,10.0,0.07406664
17853.03,0.0,2.7962036,10.0,0.18267655
17853.23,0.0,2.8800888,10.0,0.12322569
17853.43,0.0,3.973526,10.0,0.04715514
17853.63,0.0,3.5623856,10.0,0.09776521
17853.83,0.0,3.5231628,10.0,0.048141718
17854.03,0.0,4.1993484,10.0,0.039310932
17854.23,0.0,3.1461334,10.0,0.12695122
17854.43,0.0,3.1401978,10.0,0.18522501
17854.63,0.0,2.8663788,10.0,0.14541864
17854.83,0.0,3.4252014,10.0,0.067190886
17855.03,0.0,4.443123,10.0,0.047988653
17855.23,0.0,3.875946,10.0,0.02773285
17855.43,0.0,3.544983,10.0,0.07404208
17855.63,0.0,3.2694855,10.0,0.051224947
17855.83,0.0,3.1059494,10.0,0.06537962
17856.03,0.0,3.2460785,10.0,0.05227542
17856.23,0.0,4.027336,10.0,0.018196106
17856.43,0.0,2.969902,10.0,0.08998561
17856.63,0.0,3.7196808,10.0,0.028415203
17856.83,0.0,3.0626373,10.0,0.13536263
17857.03,0.0,2.2157288,10.0,0.094400644
17857.23,0.0,3.2252197,10.0,0.03156519
17857.43,0.0,4.0347443,10.0,0.07308507
17857.63,0.0,2.1076736,10.0,0.29386687
17857.83,0.0,1.9496307,10.0,0.12161875
17858.03,0.0,2.7093658,10.0,0.08214378
17858.23,0.0,2.44693,10.0,0.1491468
17858.43,0.0,2.4593353,10.0,0.08860779
17858.63,0.0,2.884674,10.0,0.10669327
17858.83,0.0,2.464737,10.0,0.093227625
17859.03,0.0,2.7942123,10.0,0.055986643
17859.23,0.0,2.3636856,10.0,0.07566476
17859.43,0.0,2.8464127,10.0,0.033206463
17859.63,0.0,3.6433868,10.0,0.033147573
17859.83,0.0,2.3337479,10.0,0.15400839
17860.03,0.0,2.4965286,10.0,0.14881587
17860.23,0.0,2.637123,10.0,0.04001975
17860.43,0.0,2.5241165,10.0,0.14369702
17860.63,0.0,2.0381012,10.0,0.11902857
17860.83,0.0,2.8215332,10.0,0.03517294
17861.03,0.0,3.1306763,10.0,0.042463303
17861.23,0.0,2.4843063,10.0,0.14346385
17861.43,0.0,1.8566742,10.0,0.11459613
17861.63,0.0,2.5278778,10.0,0.031665087
17861.83,0.0,3.3349915,10.0,-0.0119133
17862.03,0.0,2.2110062,10.0,0.047680378
17862.23,0.0,2.3019943,10.0,0.07358718
17862.43,0.0,2.2746124,10.0,0.058063745
17862.63,0.0,2.297699,10.0,0.074380875
17862.83,0.0,2.4829178,10.0,0.10041118
17863.03,0.0,2.4002075,10.0,0.08700752
17863.23,0.0,2.2170715,10.0,0.03061843
17863.43,0.0,2.5554733,10.0,0.14198875
17863.63,0.0,1.8127441,10.0,0.22113872
17863.83,0.0,1.6132736,10.0,0.19528699
17864.03,0.0,1.67379,10.0,0.19800329
17864.23,0.0,2.4834442,10.0,0.05742073
17864.43,0.0,1.9157104,10.0,0.16906428
17864.63,0.0,1.8964767,10.0,0.29815888
17864.83,0.0,2.1040497,10.0,0.14077091
17865.03,0.0,1.8848267,10.0,0.18862653
17865.23,0.0,1.8028946,10.0,0.28712225
17865.43,0.0,1.815567,10.0,0.23681927
17865.63,0.0,2.0626678,10.0,0.24677348
17865.83,0.0,2.2949448,10.0,0.29999018
17866.03,0.0,1.8019943,10.0,0.16543245
17866.23,0.0,2.2817764,10.0,0.17470479
17866.43,0.0,2.2065659,10.0,0.3490677
17866.63,0.0,2.0851593,10.0,0.45261383
17866.83,0.0,2.3694763,10.0,0.57831144
17867.03,0.0,2.336258,10.0,0.7529502
17867.23,0.0,2.047264,10.0,0.94032073
17867.43,0.0,2.6605835,10.0,1.0909097
17867.63,0.0,2.4066849,10.0,1.371259
17867.83,0.0,2.9479218,10.0,1.9053566
17868.03,0.0,1.9396591,10.0,1.6881869
17868.23,0.0,2.3866882,10.0,2.5604682
17868.43,0.0,2.110443,10.0,3.1008723
17868.63,0.0,2.3824005,10.0,1.8807983
17868.83,0.0,2.1378021,10.0,2.883647
17869.03,0.0,3.4584122,10.0,2.9227095
17869.23,0.0,2.2486267,10.0,4.1888804
17869.43,0.0,0.8002243,10.0,5.5999317
17869.63,0.0,0.32550812,10.0,6.3237486
17869.83,0.0,1.2564087,10.0,5.3981285
17870.03,0.0,-0.22309113,10.0,6.335517
17870.23,0.0,1.8062973,10.0,6.040938
17870.43,0.0,-0.23488617,10.0,7.0119677
17870.63,0.0,-0.16762543,10.0,7.4648094
17870.83,0.0,-1.5052414,10.0,7.7904005
17871.03,0.0,-1.6337128,10.0,8.08618
17871.23,0.0,-1.469284,10.0,8.467182
17871.43,0.0,-0.93117523,10.0,8.397442
17871.63,0.0,-1.3366089,10.0,8.368618
17871.83,0.0,-2.0255966,10.0,8.761164
17872.03,0.0,-1.2743073,10.0,8.722431
17872.23,0.0,-2.3088608,10.0,9.06537
17872.43,0.0,-1.9700623,10.0,9.0504875
17872.63,0.0,-1.4376755,10.0,8.839294
17872.83,0.0,-2.6595688,10.0,9.282682
17873.03,0.0,-0.35260773,10.0,9.631971
17873.23,0.0,-1.5485001,10.0,9.192802
17873.43,0.0,-1.6887741,10.0,9.461073
17873.63,0.0,0.09825134,10.0,9.839361
17873.83,0.0,-0.42006683,10.0,9.686541
17874.03,0.0,-1.1927414,10.0,9.70553
17874.23,0.0,2.2285767,10.0,9.745613
17874.43,0.0,0.3668747,10.0,9.9184265
17874.63,0.0,0.5901489,10.0,10.065701
17874.83,0.0,-0.9988251,10.0,9.832428
17875.03,0.0,-0.12805939,10.0,9.938118
17875.23,0.0,0.5859909,10.0,10.310898
17875.43,0.0,0.9901428,10.0,10.2406645
17875.63,0.0,0.4337921,10.0,9.999113
17875.83,0.0,-0.90701294,10.0,10.246243
17876.03,0.0,0.5697479,10.0,10.454002
17876.23,0.0,3.3820648,10.0,10.330789
17876.43,0.0,2.7411804,10.0,10.217728
17876.63,0.0,3.158516,10.0,10.276581
17876.83,0.0,3.5186691,10.0,10.569492
17877.03,0.0,0.4221344,10.0,10.427404
17877.23,0.0,1.5053482,10.0,10.478556
17877.43,0.0,1.6288376,10.0,10.562162
17877.63,0.0,1.4341812,10.0,10.540506
17877.83,0.0,1.0399857,10.0,10.476417
17878.03,0.0,1.3400955,10.0,10.575981
17878.23,0.0,2.0353928,10.0,10.637066
17878.43,0.0,1.1449203,10.0,10.69836
17878.63,0.0,3.821762,10.0,10.708265
17878.83,0.0,2.085266,10.0,10.696754
17879.03,0.0,2.4484787,10.0,10.626583
17879.23,0.0,3.2000122,10.0,10.709616
17879.43,0.0,2.6061096,10.0,10.863571
17879.63,0.0,2.6256638,10.0,10.996124
17879.83,0.0,2.5144577,10.0,10.849373
17880.03,0.0,2.338707,10.0,10.691314
17880.23,0.0,2.1121445,10.0,10.843037
17880.43,0.0,1.878128,10.0,10.784657
17880.63,0.0,1.9415131,10.0,10.803004
17880.83,0.0,3.2616577,10.0,10.861734
17881.03,0.0,2.1700745,10.0,11.073666
17881.23,0.0,2.5840225,10.0,10.941383
17881.43,0.0,3.3286133,10.0,10.787931
17881.63,0.0,2.2582474,10.0,10.861555
17881.83,0.0,2.437729,10.0,10.999157
17882.03,0.0,3.6167603,10.0,11.190044
17882.23,0.0,3.4092865,10.0,11.044109
17882.43,0.0,2.8293533,10.0,11.117666
17882.63,0.0,3.8084335,10.0,11.029123
17882.83,0.0,4.3216324,10.0,11.064621
17883.03,0.0,2.7406082,10.0,11.0065775
17883.23,0.0,4.453064,10.0,11.014774
17883.43,0.0,3.7559814,10.0,11.120513
17883.63,0.0,1.903862,10.0,11.191798
17883.83,0.0,1.5570755,10.0,10.96942
17884.03,0.0,3.4652863,10.0,11.073011
17884.23,0.0,2.8133698,10.0,11.360203
17884.43,0.0,3.9533768,10.0,11.222302
17884.63,0.0,5.308571,10.0,11.627064
17884.83,0.0,5.014717,10.0,11.312937
17885.03,0.0,3.4953613,10.0,11.268324
17885.23,0.0,3.7313004,10.0,11.088921
17885.43,0.0,4.3307266,10.0,11.461643
17885.63,0.0,3.9826813,10.0,11.301015
17885.83,0.0,4.619545,10.0,11.286549
17886.03,0.0,5.9751434,10.0,11.215703
17886.23,0.0,6.49955,10.0,11.16104
17886.43,0.0,5.4972763,10.0,11.5662155
17886.63,0.0,6.944565,10.0,11.2225895
17886.83,0.0,6.9966507,10.0,11.219038
17887.03,0.0,7.3032837,10.0,11.344162
17887.23,0.0,5.304306,10.0,11.665943
17887.43,0.0,4.2804184,10.0,11.144473
17887.63,0.0,6.14756,10.0,11.279367
17887.83,0.0,7.630951,10.0,11.584225
17888.03,0.0,5.9466705,10.0,11.478832
17888.23,0.0,5.6316376,10.0,11.312811
17888.43,0.0,5.3158264,10.0,11.408844
17888.63,0.0,5.3957825,10.0,11.462001
17888.83,0.0,6.773819,10.0,11.411093
17889.03,0.0,6.628311,10.0,11.625429
17889.23,0.0,7.3678207,10.0,11.41354
17889.43,0.0,6.330391,10.0,11.536883
17889.63,0.0,5.624687,10.0,11.356012
17889.83,0.0,5.7046127,10.0,11.283266
17890.03,0.0,3.8107224,10.0,11.45367
17890.23,0.0,9.460892,10.0,11.533236
17890.43,0.0,7.907608,10.0,11.829613
17890.63,0.0,9.137016,10.0,11.540466
17890.83,0.0,7.509552,10.0,11.979412
17891.03,0.0,5.940361,10.0,11.870833
17891.23,0.0,7.137932,10.0,11.6103325
17891.43,0.0,5.895584,10.0,11.566116
17891.63,0.0,7.151268,10.0,11.673281
17891.83,0.0,6.928604,10.0,11.512174
17892.03,0.0,9.661484,10.0,11.76646
17892.23,0.0,6.6947174,10.0,11.654568
17892.43,0.0,7.5886307,10.0,11.399101
17892.63,0.0,7.827881,10.0,11.507332
17892.83,0.0,9.423122,10.0,11.894768
17893.03,0.0,8.1549,10.0,12.184214
17893.23,0.0,9.790764,10.0,12.046196
17893.43,0.0,8.713959,10.0,11.775518
17893.63,0.0,9.894173,10.0,11.7336235
17893.83,0.0,5.683197,10.0,11.803801
17894.03,0.0,8.177406,10.0,11.790348
17894.23,0.0,7.99189,10.0,11.955933
17894.43,0.0,9.00499,10.0,11.996208
17894.63,0.0,7.0317307,10.0,11.861155
17894.83,0.0,8.0273285,10.0,11.455643
17895.03,0.0,5.468788,10.0,11.853838
17895.23,0.0,8.420593,10.0,11.925541
17895.43,0.0,8.156609,10.0,12.282585
17895.63,0.0,6.7270203,10.0,11.847467
17895.83,0.0,12.077171,10.0,12.064201
17896.03,0.0,10.63026,10.0,11.944321
17896.23,0.0,7.9784164,10.0,11.920069
17896.43,0.0,6.574394,10.0,12.135662
17896.63,0.0,6.780998,10.0,11.918299
17896.83,0.0,6.958252,10.0,12.249182
17897.03,0.0,8.580132,10.0,11.942688
17897.23,0.0,7.8632965,10.0,11.756859
17897.43,0.0,6.722748,10.0,12.016775
17897.63,0.0,9.038826,10.0,12.137457
17897.83,0.0,8.759422,10.0,11.746069
17898.03,0.0,9.168846,10.0,11.692009
17898.23,0.0,8.223778,10.0,11.812914
17898.43,0.0,7.207939,10.0,11.986895
17898.63,0.0,10.858692,10.0,11.929926
17898.83,0.0,11.773769,10.0,11.866542
17899.03,0.0,10.595184,10.0,11.882088
17899.23,0.0,8.748314,10.0,11.880085
17899.43,0.0,8.619736,10.0,12.095535
17899.63,0.0,12.27821,10.0,11.594505
17899.83,0.0,10.973553,10.0,11.930967
17900.03,0.0,12.130833,10.0,11.7639265
17900.23,0.0,8.012184,10.0,11.571292
17900.43,0.0,10.773434,10.0,11.835669
17900.63,0.0,9.055603,10.0,11.926339
17900.83,0.0,8.007668,10.0,11.720038
17901.03,0.0,9.609291,10.0,11.857742
17901.23,0.0,9.111885,10.0,11.6855545
17901.43,0.0,8.936356,10.0,11.987949
17901.63,0.0,9.98476,10.0,11.8088665
17901.83,0.0,10.516594,10.0,12.240728
17902.03,0.0,8.843704,10.0,11.957415
17902.23,0.0,10.868698,10.0,11.795427
17902.43,0.0,9.784195,10.0,11.7812395
17902.63,0.0,12.35799,10.0,11.464395
17902.83,0.0,8.316513,10.0,11.736332
17903.03,0.0,9.145157,10.0,11.849568
17903.23,0.0,15.539925,10.0,11.815472
17903.43,0.0,11.760185,10.0,12.216585
17903.63,0.0,11.42374,10.0,11.82939
17903.83,0.0,9.389301,10.0,12.011353
17904.03,0.0,12.759895,10.0,12.004316
17904.23,0.0,14.32412,10.0,12.301926
17904.43,0.0,14.072365,10.0,12.068754
17904.63,0.0,11.28764,10.0,12.059011
17904.83,0.0,11.572632,10.0,11.867313
17905.03,0.0,9.714336,10.0,11.835459
17905.23,0.0,11.468227,10.0,11.785835
17905.43,0.0,10.562244,10.0,12.009275
17905.63,0.0,12.599937,10.0,11.910416
17905.83,0.0,12.149612,10.0,12.199123
17906.03,0.0,9.237164,10.0,12.031206
17906.23,0.0,10.815472,10.0,11.760477
17906.43,0.0,10.308651,10.0,12.109903
17906.63,0.0,9.641548,10.0,11.901647
17906.83,0.0,9.469898,10.0,12.042637
17907.03,0.0,10.602402,10.0,11.936361
17907.23,0.0,12.396957,10.0,12.002609
17907.43,0.0,9.286785,10.0,12.155359
17907.63,0.0,9.74176,10.0,11.84302
17907.83,0.0,9.717903,10.0,12.242434
17908.03,0.0,10.175442,10.0,12.226149
17908.23,0.0,12.332695,10.0,11.869045
17908.43,0.0,10.318924,10.0,11.981203
17908.63,0.0,10.542622,10.0,11.845638
17908.83,0.0,13.544945,10.0,11.898325
17909.03,0.0,10.959484,10.0,11.8108635
17909.23,0.0,11.940987,10.0,12.455038
17909.43,0.0,14.572472,10.0,12.307573
17909.63,0.0,13.4198265,10.0,12.132786
17909.83,0.0,15.155994,10.0,12.483101
17910.03,0.0,13.964699,10.0,12.222797
17910.23,0.0,14.97419,10.0,11.754083
17910.43,0.0,12.788368,10.0,12.4594555
17910.63,0.0,10.5989,10.0,12.045883
17910.83,0.0,14.589146,10.0,12.180336
17911.03,0.0,13.707088,10.0,12.027599
17911.23,0.0,11.801601,10.0,12.066128
17911.43,0.0,9.511044,10.0,12.140661
17911.63,0.0,13.236717,10.0,11.955772
17911.83,0.0,14.022514,10.0,11.951176
17912.03,0.0,11.863636,10.0,11.903469
17912.23,0.0,11.640175,10.0,12.029263
17912.43,0.0,10.768669,10.0,12.031961
17912.63,0.0,12.146107,10.0,12.032515
17912.83,0.0,13.751556,10.0,11.809895
17913.03,0.0,15.400696,10.0,11.99172
17913.23,0.0,12.141205,10.0,12.291906
17913.43,0.0,13.467716,10.0,11.939487
17913.63,0.0,17.555473,10.0,12.307369
17913.83,0.0,16.064087,10.0,12.182314
17914.03,0.0,11.874615,10.0,12.4122505
17914.23,0.0,13.833065,10.0,11.870923
17914.43,0.0,10.187626,10.0,12.211918
17914.63,0.0,10.068348,10.0,12.135546
17914.83,0.0,7.8810043,10.0,12.141369
17915.03,0.0,8.965614,10.0,11.986944
17915.23,0.0,15.620613,10.0,12.113541
17915.43,0.0,15.745739,10.0,12.178396
17915.63,0.0,11.737583,10.0,11.882549
17915.83,0.0,14.649643,10.0,12.059736
17916.03,0.0,14.580055,10.0,11.989124
17916.23,0.0,11.768715,10.0,12.182041
17916.43,0.0,16.95882,10.0,11.993795
17916.63,0.0,15.521351,10.0,12.277264
17916.83,0.0,12.56348,10.0,12.338179
17917.03,0.0,13.222965,10.0,11.759623
17917.23,0.0,13.595165,10.0,12.061171
17917.43,0.0,12.657845,10.0,11.988354
17917.63,0.0,13.742477,10.0,12.108416
17917.83,0.0,14.09259,10.0,12.340845
17918.03,0.0,13.674225,10.0,11.802031
17918.23,0.0,14.191315,10.0,11.9156475
17918.43,0.0,17.777668,10.0,11.79162
17918.63,0.0,12.879959,10.0,11.922903
17918.83,0.0,14.193005,10.0,11.991617
17919.03,0.0,9.483974,10.0,12.202633
17919.23,0.0,7.516815,10.0,12.06654
17919.43,0.0,11.350349,10.0,12.268684
17919.63,0.0,16.08878,10.0,12.105331
17919.83,0.0,11.652702,10.0,11.950201
17920.03,0.0,11.571785,10.0,12.011236
17920.23,0.0,11.594509,10.0,12.194452
17920.43,0.0,12.7932625,10.0,11.553429
17920.63,0.0,11.280216,10.0,11.8307705
17920.83,0.0,12.383095,10.0,12.199781
17921.03,0.0,13.694065,10.0,11.779507
17921.23,0.0,13.431271,10.0,12.161074
17921.43,0.0,16.747555,10.0,12.033356
17921.63,0.0,13.481995,10.0,11.872204
17921.83,0.0,11.41222,10.0,12.349081
17922.03,0.0,13.22908,10.0,11.877179
17922.23,0.0,11.334682,10.0,11.9093
17922.43,0.0,10.554661,10.0,12.325933
17922.63,0.0,17.139221,10.0,12.176811
17922.83,0.0,14.217506,10.0,12.06938
17923.03,0.0,13.641739,10.0,11.977247
17923.23,0.0,16.204811,10.0,12.18108
17923.43,0.0,13.4700775,10.0,11.861898
17923.63,0.0,8.984894,10.0,11.935169
17923.83,0.0,13.28614,10.0,11.796492
17924.03,0.0,11.410362,10.0,12.2416115
17924.23,0.0,20.461243,10.0,11.79966
17924.43,0.0,14.78928,10.0,11.958067
17924.63,0.0,11.354897,10.0,11.750285
17924.83,0.0,15.137863,10.0,12.158598
17925.03,0.0,13.159107,10.0,12.31568
17925.23,0.0,12.592224,10.0,11.925451
17925.43,0.0,16.000786,10.0,11.506858
17925.63,0.0,13.965572,10.0,12.234291
17925.83,0.0,16.354717,10.0,11.852177
17926.03,0.0,16.75748,10.0,11.876771
17926.23,0.0,12.677265,10.0,12.188036
17926.43,0.0,15.973572,10.0,12.008877
17926.63,0.0,19.590248,10.0,11.755059
17926.83,0.0,19.931717,10.0,11.900337
17927.03,0.0,16.691711,10.0,11.9121
17927.23,0.0,14.637581,10.0,11.870009
17927.43,0.0,17.813946,10.0,12.09306
17927.63,0.0,18.076462,10.0,11.5960045
17927.83,0.0,10.567162,10.0,12.263855
17928.03,0.0,13.9235,10.0,11.924896
17928.23,0.0,15.701233,10.0,11.744043
17928.43,0.0,18.709915,10.0,11.70628
17928.63,0.0,15.447018,10.0,11.981382
17928.83,0.0,13.449726,10.0,12.295828
17929.03,0.0,17.098934,10.0,12.354908
17929.23,0.0,16.648846,10.0,11.987932
17929.43,0.0,13.647835,10.0,12.534828
17929.63,0.0,19.300816,10.0,12.028353
17929.83,0.0,15.903233,10.0,12.06613
17930.03,0.0,16.735672,10.0,11.8689785
17930.23,0.0,14.939991,10.0,11.895635
17930.43,0.0,22.040287,10.0,11.7861185
17930.63,0.0,19.02758,10.0,11.528635
17930.83,0.0,12.373093,10.0,11.972706
17931.03,0.0,12.959682,10.0,11.968777
17931.23,0.0,18.585224,10.0,12.061731
17931.43,0.0,15.960449,10.0,12.127192
17931.63,0.0,12.670353,10.0,11.741489
17931.83,0.0,15.098267,10.0,11.8144455
17932.03,0.0,13.854725,10.0,12.16227
17932.23,0.0,20.597492,10.0,11.735918
17932.43,0.0,18.833946,10.0,11.889383
17932.63,0.0,16.647587,10.0,12.027597
17932.83,0.0,17.404057,10.0,11.925744
17933.03,0.0,17.305096,10.0,12.031416
17933.23,0.0,15.331146,10.0,12.232128
17933.43,0.0,14.126804,10.0,11.880375
17933.63,0.0,17.430363,10.0,12.188293
17933.83,0.0,25.01952,10.0,11.816025
17934.03,0.0,21.980679,10.0,11.649781
17934.23,0.0,16.503056,10.0,11.721296
17934.43,0.0,15.772324,10.0,12.1337185
17934.63,0.0,18.678596,10.0,12.206749
17934.83,0.0,18.69334,10.0,11.998074
17935.03,0.0,14.44886,10.0,12.02137
17935.23,0.0,13.527153,10.0,12.224283
17935.43,0.0,11.970074,10.0,12.106386
17935.63,0.0,22.113342,10.0,11.825943
17935.83,0.0,16.857773,10.0,11.798085
17936.03,0.0,14.610943,10.0,11.662561
17936.23,0.0,14.809776,10.0,11.9382305
17936.43,0.0,12.218571,10.0,11.817118
17936.63,0.0,12.507683,10.0,11.828928
17936.83,0.0,13.280357,10.0,12.430851
17937.03,0.0,18.805386,10.0,11.9927025
17937.23,0.0,15.001564,10.0,12.294096
17937.43,0.0,15.531921,10.0,11.627174
17937.63,0.0,9.459785,10.0,12.396795
17937.83,0.0,14.792351,10.0,11.966122
17938.03,0.0,15.066292,10.0,12.356476
17938.23,0.0,14.779053,10.0,12.682669
17938.43,0.0,19.269012,10.0,11.957981
17938.63,0.0,13.029366,10.0,11.919355
17938.83,0.0,14.545021,10.0,11.733227
17939.03,0.0,16.393314,10.0,11.806174
17939.23,0.0,12.62402,10.0,12.216045
17939.43,0.0,14.043873,10.0,12.325062
17939.63,0.0,11.335648,10.0,11.785323
17939.83,0.0,11.142647,10.0,11.529537
17940.03,0.0,9.308506,10.0,12.169081
17940.23,0.0,13.253254,10.0,12.151205
17940.43,0.0,17.439274,10.0,12.539518
17940.63,0.0,9.773338,10.0,11.9521885
17940.83,0.0,11.645718,10.0,12.139349
17941.03,0.0,11.169998,0.0,12.132774
17941.23,0.0,6.953285,0.0,12.695515
17941.43,0.0,8.922119,0.0,12.090315
17941.63,0.0,20.170906,0.0,11.890152
17941.83,0.0,15.465698,0.0,11.59896
17942.03,0.0,12.49482,0.0,12.489183
17942.23,0.0,14.535011,0.0,11.939981
17942.43,0.0,11.101093,0.0,11.977619
17942.63,0.0,11.562649,0.0,11.792725
17942.83,0.0,10.799564,0.0,11.799715
17943.03,0.0,13.031319,0.0,12.547056
17943.23,0.0,15.054611,0.0,11.752964
17943.43,0.0,10.087662,0.0,11.781687
17943.63,0.0,12.247803,0.0,11.963778
17943.83,0.0,16.779709,0.0,12.006945
17944.03,0.0,11.945728,0.0,11.835099
17944.23,0.0,13.968349,0.0,11.373743
17944.43,0.0,13.49371,0.0,12.374388
17944.63,0.0,11.054928,0.0,11.937946
17944.83,0.0,18.717064,0.0,11.481616
17945.03,0.0,16.27768,0.0,11.505113
17945.23,0.0,14.622871,0.0,12.239346
17945.43,0.0,22.405811,0.0,10.936632
17945.63,0.0,17.594883,0.0,11.523881
17945.83,0.0,8.330986,0.0,11.309122
17946.03,0.0,7.7466736,0.0,12.021259
17946.23,0.0,10.157234,0.0,11.920052
17946.43,0.0,11.362934,0.0,11.572178
17946.63,0.0,8.717232,0.0,11.063345
17946.83,0.0,9.623482,0.0,11.624304
17947.03,0.0,7.653412,0.0,12.511234
17947.23,0.0,11.271351,0.0,11.6200905
17947.43,0.0,14.134167,0.0,11.771076
17947.63,0.0,13.526722,0.0,11.88968
17947.83,0.0,12.650799,0.0,12.610338
17948.03,0.0,8.628418,0.0,11.924291
17948.23,0.0,9.168724,0.0,11.671787
17948.43,0.0,8.120773,0.0,11.6568165
17948.63,0.0,11.653919,0.0,12.411627
17948.83,0.0,8.656464,0.0,12.032412
17949.03,0.0,9.411854,0.0,12.096418
17949.23,0.0,5.538681,0.0,11.685805
17949.43,0.0,4.147957,0.0,11.824869
17949.63,0.0,10.469696,0.0,12.163984
17949.83,0.0,9.61227,0.0,11.446569
17950.03,0.0,6.004265,0.0,11.796707
17950.23,0.0,5.648018,0.0,12.05509
17950.43,0.0,7.1757507,0.0,11.671616
17950.63,0.0,10.273602,0.0,11.215637
17950.83,0.0,13.870811,0.0,11.178297
17951.03,0.0,9.514965,0.0,11.633711
17951.23,0.0,12.986782,0.0,11.319998
17951.43,0.0,11.4735565,0.0,11.409361
17951.63,0.0,10.124912,0.0,11.676737
17951.83,0.0,13.398743,0.0,11.114193
17952.03,0.0,13.2035675,0.0,11.3556
17952.23,0.0,7.545105,0.0,12.03377
17952.43,0.0,6.7538223,0.0,10.9207535
17952.63,0.0,6.4551315,0.0,11.570715
17952.83,0.0,4.6038437,0.0,12.356707
17953.03,0.0,9.25145,0.0,10.78977
17953.23,0.0,6.3882065,0.0,12.231926
17953.43,0.0,9.790157,0.0,11.974873
17953.63,0.0,6.388771,0.0,11.688448
17953.83,0.0,9.158546,0.0,11.6038065
17954.03,0.0,9.696373,0.0,11.845578
17954.23,0.0,12.58963,0.0,11.248238
17954.43,0.0,12.473412,0.0,11.504284
17954.63,0.0,8.181206,0.0,11.233761
17954.83,0.0,12.20866,0.0,10.942264
17955.03,0.0,14.125801,0.0,11.79033
17955.23,0.0,8.969994,0.0,11.353727
17955.43,0.0,6.229744,0.0,11.440087
17955.63,0.0,7.3459854,0.0,11.829325
17955.83,0.0,6.08123,0.0,11.609737
17956.03,0.0,10.388615,0.0,11.051622
17956.23,0.0,7.297226,0.0,11.039904
17956.43,0.0,11.378223,0.0,10.795198
17956.63,0.0,6.732506,0.0,10.657058
17956.83,0.0,5.792465,0.0,10.661434
17957.03,0.0,10.730804,0.0,9.88839
17957.23,0.0,11.263042,0.0,10.548938
17957.43,0.0,10.1250305,0.0,10.953869
17957.63,0.0,7.994232,0.0,9.933586
17957.83,0.0,6.604393,0.0,10.336334
17958.03,0.0,8.005951,0.0,9.796137
17958.23,0.0,8.475296,0.0,9.895905
17958.43,0.0,14.548267,0.0,7.8097315
17958.63,0.0,9.321304,0.0,8.826231
17958.83,0.0,12.005974,0.0,8.172248
17959.03,0.0,10.894653,0.0,6.686266
17959.23,0.0,10.768326,0.0,6.560955
17959.43,0.0,12.677181,0.0,3.539533
17959.63,0.0,8.7033,0.0,5.1534195
17959.83,0.0,15.686512,0.0,2.4432487
17960.03,0.0,14.07373,0.0,1.7266986
17960.23,0.0,10.060951,0.0,2.0530467
17960.43,0.0,9.535316,0.0,3.1494827
17960.63,0.0,10.639854,0.0,1.2885182
17960.83,0.0,16.671143,0.0,1.7185497
17961.03,0.0,11.1080475,0.0,0.843318
17961.23,0.0,10.730415,0.0,0.3038516
17961.43,0.0,9.614723,0.0,-0.09710455
17961.63,0.0,13.693527,0.0,-0.080337524
17961.83,0.0,11.232861,0.0,-0.12958765
17962.03,0.0,14.509602,0.0,-0.23132133
17962.23,0.0,13.966087,0.0,-0.21816635
17962.43,0.0,13.240864,0.0,-0.25539732
17962.63,0.0,10.92049,0.0,-0.2615819
17962.83,0.0,12.310276,0.0,-0.24323988
17963.03,0.0,10.521755,0.0,-0.2298131
17963.23,0.0,9.374844,0.0,-0.23259401
17963.43,0.0,10.292263,0.0,-0.22702312
17963.63,0.0,9.715477,0.0,-0.23070765
17963.83,0.0,6.7041855,0.0,-0.18478727
17964.03,0.0,7.780754,0.0,-0.20065117
17964.23,0.0,8.787315,0.0,-0.19096375
17964.43,0.0,7.56826,0.0,-0.18014908
17964.63,0.0,8.454674,0.0,-0.15815115
17964.83,0.0,10.5626335,0.0,-0.16670609
17965.03,0.0,8.565132,0.0,-0.15574503
17965.23,0.0,9.216381,0.0,-0.15287971
17965.43,0.0,14.097584,0.0,-0.09897518
17965.63,0.0,9.500462,0.0,-0.11798239
17965.83,0.0,8.416382,0.0,-0.12822771
17966.03,0.0,10.897987,0.0,-0.11316109
17966.23,0.0,9.727577,0.0,-0.10652447
17966.43,0.0,9.016464,0.0,-0.10988808
17966.63,0.0,9.742634,0.0,-0.09885931
17966.83,0.0,10.194878,0.0,-0.0833559
17967.03,0.0,7.585762,0.0,-0.10597134
17967.23,0.0,8.906822,0.0,-0.09908819
17967.43,0.0,7.488365,0.0,-0.102211
17967.63,0.0,9.745861,0.0,-0.08535576
17967.83,0.0,8.0054245,0.0,-0.09426689
17968.03,0.0,8.767883,0.0,-0.08384323
17968.23,0.0,6.9788055,0.0,-0.088059425
17968.43,0.0,9.353161,0.0,-0.07954073
17968.63,0.0,8.777245,0.0,-0.09030342
17968.83,0.0,7.4195786,0.0,-0.077231884
17969.03,0.0,11.70932,0.0,-0.07603264
17969.23,0.0,8.910233,0.0,-0.06431198
17969.43,0.0,11.423637,0.0,-0.07201004
17969.63,0.0,6.11187,0.0,-0.08316994
17969.83,0.0,5.8307953,0.0,-0.07347536
17970.03,0.0,9.032639,0.0,-0.06649494
17970.23,0.0,7.4241257,0.0,-0.077595234
17970.43,0.0,7.1173935,0.0,-0.06593847
17970.63,0.0,7.6483154,0.0,-0.05844617
17970.83,0.0,6.815941,0.0,-0.06818795
17971.03,0.0,8.990578,0.0,-0.054417133
17971.23,0.0,6.613205,0.0,-0.06688523
17971.43,0.0,6.7207184,0.0,-0.061039686
17971.63,0.0,9.600143,0.0,-0.05799818
17971.83,0.0,8.673874,0.0,-0.04993105
17972.03,0.0,7.210846,0.0,-0.0570724
17972.23,0.0,8.386436,0.0,-0.063304186
17972.43,0.0,9.953907,0.0,-0.04060936
17972.63,0.0,6.3407974,0.0,-0.054690838
17972.83,0.0,8.792702,0.0,-0.06300926
17973.03,0.0,5.8388824,0.0,-0.05474019
17973.23,0.0,6.091133,0.0,-0.07016945
17973.43,0.0,6.751068,0.0,-0.05419445
17973.63,0.0,7.7078476,0.0,-0.058095455
17973.83,0.0,7.876915,0.0,-0.047874212
17974.03,0.0,8.367928,0.0,-0.05605936
17974.23,0.0,8.709602,0.0,-0.042339087
17974.43,0.0,5.2610474,0.0,-0.045687675
17974.63,0.0,6.5740814,0.0,-0.06251335
17974.83,0.0,5.120926,0.0,-0.059529543
17975.03,0.0,5.2923203,0.0,-0.048998117
17975.23,0.0,7.2554626,0.0,-0.061028004
17975.43,0.0,7.5345383,0.0,-0.056668043
17975.63,0.0,9.00248,0.0,-0.04267764
17975.83,0.0,5.407425,0.0,-0.05365467
17976.03,0.0,6.867882,0.0,-0.055128098
17976.23,0.0,4.757263,0.0,-0.043092966
17976.43,0.0,5.1003036,0.0,-0.04423976
17976.63,0.0,5.4414215,0.0,-0.05134368
17976.83,0.0,9.659615,0.0,-0.04297471
17977.03,0.0,7.882637,0.0,-0.03599453
17977.23,0.0,6.292282,0.0,-0.054950476
17977.43,0.0,6.093712,0.0,-0.04596424
17977.63,0.0,8.489937,0.0,-0.048595667
17977.83,0.0,7.5315933,0.0,-0.045541763
17978.03,0.0,7.8709793,0.0,-0.048952103
17978.23,0.0,6.629059,0.0,-0.055270433
17978.43,0.0,7.3892136,0.0,-0.041056395
17978.63,0.0,5.8738785,0.0,-0.060908556
17978.83,0.0,6.9715195,0.0,-0.045870304
17979.03,0.0,4.859619,0.0,-0.057475567
17979.23,0.0,7.199707,0.0,-0.04447198
17979.43,0.0,6.55011,0.0,-0.048060417
17979.63,0.0,7.2244034,0.0,-0.045750618
17979.83,0.0,8.166306,0.0,-0.053399324
17980.03,0.0,5.0246735,0.0,-0.051226616
17980.23,0.0,6.818779,0.0,-0.05727315
17980.43,0.0,4.8163605,0.0,-0.039608955
17980.63,0.0,6.565895,0.0,-0.05701518
17980.83,0.0,9.247414,0.0,-0.042390347
17981.03,0.0,8.856834,0.0,-0.060205936
17981.23,0.0,7.450653,0.0,-0.043078184
17981.43,0.0,7.916481,0.0,-0.05697751
17981.63,0.0,7.544609,0.0,-0.044340134
17981.83,0.0,4.411293,0.0,-0.063001394
17982.03,0.0,4.7166367,0.0,-0.04391122
17982.23,0.0,3.9320526,0.0,-0.03466773
17982.43,0.0,6.1357803,0.0,-0.053255558
17982.63,0.0,3.8878632,0.0,-0.040254116
17982.83,0.0,5.1949997,0.0,-0.057605505
17983.03,0.0,7.3918533,0.0,-0.048916817
17983.23,0.0,4.646797,0.0,-0.04809165
17983.43,0.0,6.027672,0.0,-0.052861452
17983.63,0.0,5.8100357,0.0,-0.043231726
17983.83,0.0,5.215904,0.0,-0.041884184
17984.03,0.0,6.517662,0.0,-0.05049491
17984.23,0.0,7.9069214,0.0,-0.05226016
17984.43,0.0,6.073494,0.0,-0.06335306
17984.63,0.0,8.6310425,0.0,-0.04762745
17984.83,0.0,6.4557343,0.0,-0.06613231
17985.03,0.0,3.6519394,0.0,-0.053640127
17985.23,0.0,5.0089645,0.0,-0.052654505
17985.43,0.0,5.483444,0.0,-0.05652404
17985.63,0.0,5.0692825,0.0,-0.07162285
17985.83,0.0,3.9209824,0.0,-0.060498476
17986.03,0.0,4.32843,0.0,-0.05407262
17986.23,0.0,8.309479,0.0,-0.06667161
17986.43,0.0,6.6042786,0.0,-0.068246126
17986.63,0.0,5.5056,0.0,-0.065214396
17986.83,0.0,2.801506,0.0,-0.032782078
17987.03,0.0,5.8337555,0.0,-0.06578851
17987.23,0.0,5.898819,0.0,-0.06526399
17987.43,0.0,5.3833084,0.0,-0.07633495
17987.63,0.0,5.532463,0.0,-0.058464766
17987.83,0.0,8.414833,0.0,-0.06903219
17988.03,0.0,4.643593,0.0,-0.07025385
17988.23,0.0,3.4307785,0.0,-0.06460571
17988.43,0.0,4.3862,0.0,-0.06729531
17988.63,0.0,6.095764,0.0,-0.07163334
17988.83,0.0,7.4038544,0.0,-0.07059288
17989.03,0.0,3.9128265,0.0,-0.0446651
17989.23,0.0,6.6308746,0.0,-0.085749626
17989.43,0.0,8.223801,0.0,-0.05318451
17989.63,0.0,4.0627365,0.0,-0.066328526
17989.83,0.0,5.8989105,0.0,-0.0744648
17990.03,0.0,8.3628845,0.0,-0.0637691
17990.23,0.0,7.248726,0.0,-0.073470116
17990.43,0.0,4.8665466,0.0,-0.081893444
17990.63,0.0,7.025383,0.0,-0.07512903
17990.83,0.0,5.8015137,0.0,-0.08203602
17991.03,0.0,6.681427,0.0,-0.07501984
17991.23,0.0,4.103607,0.0,-0.06098175
17991.43,0.0,4.4464035,0.0,-0.078802586
17991.63,0.0,6.7609863,0.0,-0.08640146
17991.83,0.0,4.2775345,0.0,-0.084216595
17992.03,0.0,5.202942,0.0,-0.072451115
17992.23,0.0,4.939163,0.0,-0.06587672
17992.43,0.0,3.153038,0.0,-0.08685255
17992.63,0.0,5.646904,0.0,-0.07202864
17992.83,0.0,5.357666,0.0,-0.07839632
17993.03,0.0,7.654175,0.0,-0.080815315
17993.23,0.0,4.1503906,0.0,-0.06967306
17993.43,0.0,4.8504257,0.0,-0.09410381
17993.63,0.0,6.346367,0.0,-0.07962179
17993.83,0.0,5.213539,0.0,-0.06702614
17994.03,0.0,3.0958252,0.0,-0.08055639
17994.23,0.0,7.064659,0.0,-0.10970068
17994.43,0.0,9.077705,0.0,-0.08936453
17994.63,0.0,5.5364914,0.0,-0.09165764
17994.83,0.0,4.833061,0.0,-0.09436989
17995.03,0.0,7.1628036,0.0,-0.109657764
17995.23,0.0,8.143402,0.0,-0.07121706
17995.43,0.0,4.984535,0.0,-0.0958128
17995.63,0.0,8.50898,0.0,-0.104940414
17995.83,0.0,7.3686905,0.0,-0.09247637
17996.03,0.0,4.716652,0.0,-0.0944953
17996.23,0.0,6.1151657,0.0,-0.096812725
17996.43,0.0,7.221054,0.0,-0.098092556
17996.63,0.0,8.316994,0.0,-0.07721996
17996.83,0.0,5.712219,0.0,-0.11289024
17997.03,0.0,6.3393784,0.0,-0.118742466
17997.23,0.0,5.399826,0.0,-0.10256052
17997.43,0.0,8.520218,0.0,-0.10660982
17997.63,0.0,6.707176,0.0,-0.08962774
17997.83,0.0,5.5264816,0.0,-0.108119965
17998.03,0.0,8.30912,0.0,-0.105023384
17998.23,0.0,5.4615936,0.0,-0.095226765
17998.43,0.0,2.8736954,0.0,-0.0932827
17998.63,0.0,7.982132,0.0,-0.10310459
17998.83,0.0,8.893379,0.0,-0.09931803
17999.03,0.0,8.423294,0.0,-0.07423878
17999.23,0.0,5.0861206,0.0,-0.12091923
17999.43,0.0,5.688072,0.0,-0.11732197
17999.63,0.0,6.7865906,0.0,-0.10367441
17999.83,0.0,4.7314224,0.0,-0.11535406
18000.03,0.0,5.0460205,0.0,-0.10937452
18000.23,0.0,8.903931,0.0,-0.09783077
18000.43,0.0,3.553337,0.0,-0.110476494
18000.63,0.0,2.8864746,0.0,-0.1290412
18000.83,0.0,8.032684,0.0,-0.0961175
18001.03,0.0,2.955124,0.0,-0.11016607
18001.23,0.0,3.3311768,0.0,-0.12282705
18001.43,0.0,8.838661,0.0,-0.11801863
18001.63,0.0,6.6337357,0.0,-0.13603735
18001.83,0.0,8.240677,0.0,-0.10895252
18002.03,0.0,6.983879,0.0,-0.094736576
18002.23,0.0,4.947975,0.0,-0.13135386
18002.43,0.0,5.3773804,0.0,-0.12529707
18002.63,0.0,6.6185837,0.0,-0.13081646
18002.83,0.0,3.4477463,0.0,-0.12618399
18003.03,0.0,4.2632065,0.0,-0.12727976
18003.23,0.0,6.2627106,0.0,-0.14642859
18003.43,0.0,6.1624374,0.0,-0.13597822
18003.63,0.0,5.922409,0.0,-0.12157774
18003.83,0.0,5.1391373,0.0,-0.12380934
18004.03,0.0,4.707596,0.0,-0.13853025
18004.23,0.0,4.1516113,0.0,-0.14331388
18004.43,0.0,3.8069992,0.0,-0.12648058
18004.63,0.0,4.642227,0.0,-0.1455226
18004.83,0.0,4.473709,0.0,-0.15109253
18005.03,0.0,4.9712906,0.0,-0.13257933
18005.23,0.0,8.503456,0.0,-0.12857914
18005.43,0.0,5.6520004,0.0,-0.11537027
18005.63,0.0,6.7751923,0.0,-0.14467764
18005.83,0.0,6.994629,0.0,-0.12081909
18006.03,0.0,6.1276474,0.0,-0.1451478
18006.23,0.0,6.7943954,0.0,-0.13972282
18006.43,0.0,3.193779,0.0,-0.15063953
18006.63,0.0,3.9598312,0.0,-0.13376665
18006.83,0.0,4.618515,0.0,-0.166049
18007.03,0.0,5.9125595,0.0,-0.1593523
18007.23,0.0,4.818939,0.0,-0.17578554
18007.43,0.0,4.179924,0.0,-0.14639854
18007.63,0.0,6.035797,0.0,-0.15930367
18007.83,0.0,6.1807404,0.0,-0.16876554
18008.03,0.0,6.8011627,0.0,-0.18607712
18008.23,0.0,6.8142624,0.0,-0.114029884
18008.43,0.0,4.7171783,0.0,-0.16600657
18008.63,0.0,4.7164536,0.0,-0.15921974
18008.83,0.0,7.445862,0.0,-0.14251041
18009.03,0.0,4.085701,0.0,-0.17344618
18009.23,0.0,2.7565384,0.0,-0.18121815
18009.43,0.0,8.174065,0.0,-0.13840628
18009.63,0.0,2.1737442,0.0,-0.16860199
18009.83,0.0,3.331688,0.0,-0.17739964
18010.03,0.0,4.3787384,0.0,-0.17273188
18010.23,0.0,2.7442703,0.0,-0.15159512
18010.43,0.0,6.3208923,0.0,-0.19575882
18010.63,0.0,4.268852,0.0,-0.14147615
18010.83,0.0,5.3072433,0.0,-0.17951727
18011.03,0.0,8.6278,0.0,-0.14131165
18011.23,0.0,9.686817,0.0,-0.15158081
18011.43,0.0,4.1736755,0.0,-0.15383482
18011.63,0.0,6.283058,0.0,-0.18978453
18011.83,0.0,4.6496124,0.0,-0.17681932
18012.03,0.0,4.9637985,0.0,-0.20602322
18012.23,0.0,4.5678253,0.0,-0.18520975
18012.43,0.0,6.9588165,0.0,-0.18071365
18012.63,0.0,2.21492,0.0,-0.17960835
18012.83,0.0,4.222023,0.0,-0.16256666
18013.03,0.0,3.883049,0.0,-0.16981697
18013.23,0.0,4.5274734,0.0,-0.18525362
18013.43,0.0,4.859459,0.0,-0.19549084
18013.63,0.0,4.6727295,0.0,-0.18715572
18013.83,0.0,5.1122894,0.0,-0.1968255
18014.03,0.0,3.0823746,0.0,-0.18599415
18014.23,0.0,4.4032135,0.0,-0.19538116
18014.43,0.0,4.4319534,0.0,-0.1838255
18014.63,0.0,6.530487,0.0,-0.1683898
18014.83,0.0,4.094429,0.0,-0.1670413
18015.03,0.0,5.226738,0.0,-0.16965818
18015.23,0.0,2.5839767,0.0,-0.1502862
18015.43,0.0,3.5810242,0.0,-0.1902628
18015.63,0.0,3.7062607,0.0,-0.18349504
18015.83,0.0,3.6901321,0.0,-0.18931484
18016.03,0.0,2.2768402,0.0,-0.17162704
18016.23,0.0,4.6636353,0.0,-0.20486689
18016.43,0.0,5.066208,0.0,-0.23434639
18016.63,0.0,3.9454422,0.0,-0.20132923
18016.83,0.0,2.7497787,0.0,-0.18354702
18017.03,0.0,3.9915848,0.0,-0.1640706
18017.23,0.0,3.6254349,0.0,-0.17573214
18017.43,0.0,3.525917,0.0,-0.16589689
18017.63,0.0,4.6712112,0.0,-0.18870926
18017.83,0.0,4.044014,0.0,-0.21512508
18018.03,0.0,3.0110168,0.0,-0.20222187
18018.23,0.0,2.6148987,0.0,-0.16220665
18018.43,0.0,2.8060913,0.0,-0.16083908
18018.63,0.0,5.241745,0.0,-0.18534136
18018.83,0.0,3.257454,0.0,-0.1792016
18019.03,0.0,4.011223,0.0,-0.2044859
18019.23,0.0,7.478348,0.0,-0.18864822
18019.43,0.0,6.7594833,0.0,-0.22445965
18019.63,0.0,1.8401642,0.0,-0.16797972
18019.83,0.0,4.5789795,0.0,-0.20921993
18020.03,0.0,2.4025497,0.0,-0.18466806
18020.23,0.0,3.3955078,0.0,-0.20303869
18020.43,0.0,4.00428,0.0,-0.18764019
18020.63,0.0,5.09935,0.0,-0.20269299
18020.83,0.0,4.3716354,0.0,-0.21068192
18021.03,0.0,2.3721313,0.0,-0.1759324
18021.23,0.0,3.0630035,0.0,-0.17923975
18021.43,0.0,4.2618866,0.0,-0.18844175
18021.63,0.0,4.194069,0.0,-0.1883192
18021.83,0.0,3.9059143,0.0,-0.17086649
18022.03,0.0,2.6485825,0.0,-0.14615917
18022.23,0.0,3.08033,0.0,-0.13357544
18022.43,0.0,2.4624329,0.0,-0.17235422
18022.63,0.0,4.4451523,0.0,-0.22329569
18022.83,0.0,3.7775269,0.0,-0.20855856
18023.03,0.0,8.703903,0.0,-0.18639183
18023.23,0.0,5.073021,0.0,-0.14518023
18023.43,0.0,3.8393784,0.0,-0.070916176
18023.63,0.0,2.681755,0.0,-0.03766632
18023.83,0.0,4.333374,0.0,-0.05905056
18024.03,0.0,5.507599,0.0,-0.19070005
18024.23,0.0,2.862877,0.0,-0.08338404
18024.43,0.0,2.1247482,0.0,0.12389541
18024.63,0.0,1.5187912,0.0,0.013667822
18024.83,0.0,4.4872284,0.0,-0.14166689
18025.03,0.0,2.30085,0.0,-0.09683275
18025.23,0.0,3.5256805,0.0,-0.11341095
18025.43,0.0,3.7363815,0.0,-0.057416916
18025.63,0.0,4.840378,0.0,-0.14258718
18025.83,0.0,3.8662415,0.0,-0.06871796
18026.03,0.0,3.6521988,0.0,-0.11079836
18026.23,0.0,4.0381927,0.0,-0.09275293
18026.43,0.0,3.25428,0.0,-0.150527
18026.63,0.0,5.669014,0.0,-0.16360712
18026.83,0.0,2.3428879,0.0,0.073583364
18027.03,0.0,4.3536606,0.0,-0.117176056
18027.23,0.0,6.4945755,0.0,-0.21890593
18027.43,0.0,6.088768,0.0,-0.044339657
18027.63,0.0,3.7214584,0.0,-0.15572357
18027.83,0.0,3.561554,0.0,0.06990576
18028.03,0.0,1.4917755,18.33,0.37849045
18028.23,0.0,3.088974,18.33,0.06644249
18028.43,0.0,5.9034805,18.33,0.076854706
18028.63,0.0,4.6796722,18.33,-0.15684462
18028.83,0.0,4.346054,18.33,-0.019229174
18029.03,0.0,5.4067,18.33,0.09297371
18029.23,0.0,4.7731934,18.33,0.028848171
18029.43,0.0,5.1598816,18.33,0.009825468
18029.63,0.0,3.5023727,18.33,0.4681797
18029.83,0.0,4.0991974,18.33,-0.1031847
18030.03,0.0,4.402092,18.33,-0.07772207
18030.23,0.0,3.299591,18.33,0.002301693
18030.43,0.0,4.567383,18.33,0.39575982
18030.63,0.0,3.5024338,18.33,0.5159545
18030.83,0.0,3.916771,18.33,0.017753363
18031.03,0.0,2.8299103,18.33,-0.03712988
18031.23,0.0,3.3146667,18.33,0.069664955
18031.43,0.0,2.1351852,18.33,0.15216827
18031.63,0.0,4.766899,18.33,0.10182881
18031.83,0.0,3.6174088,18.33,0.8994694
18032.03,0.0,7.114052,18.33,0.6700356
18032.23,0.0,3.8120728,18.33,0.20031357
18032.43,0.0,3.0440063,18.33,0.6390066
18032.63,0.0,4.880043,18.33,1.1026695
18032.83,0.0,2.6395187,18.33,0.6260843
18033.03,0.0,4.86644,18.33,0.4707849
18033.23,0.0,4.5333786,18.33,0.0754323
18033.43,0.0,1.5997696,18.33,0.32103372
18033.63,0.0,5.733406,18.33,0.0637176
18033.83,0.0,3.5453491,18.33,-0.029743195
18034.03,0.0,5.363823,18.33,-0.029378653
18034.23,0.0,6.377266,18.33,0.00919652
18034.43,0.0,7.017006,18.33,0.23882675
18034.63,0.0,2.329895,18.33,0.74874496
18034.83,0.0,3.996704,18.33,1.2178049
18035.03,0.0,6.3048096,18.33,1.140871
18035.23,0.0,8.299355,18.33,1.3649335
18035.43,0.0,2.2461853,18.33,1.744854
18035.63,0.0,2.7134094,18.33,1.5717692
18035.83,0.0,3.3564224,18.33,0.81883264
18036.03,0.0,1.5731125,18.33,1.0009153
18036.23,0.0,2.798996,18.33,0.598721
18036.43,0.0,1.327446,18.33,0.7495153
18036.63,0.0,3.6763763,18.33,0.2977345
18036.83,0.0,2.4200745,18.33,1.3766327
18037.03,0.0,1.2012253,18.33,1.5146825
18037.23,0.0,2.920601,18.33,1.0406542
18037.43,0.0,4.8658676,18.33,1.3838699
18037.63,0.0,3.1531372,18.33,1.3702493
18037.83,0.0,4.3195953,18.33,1.1928384
18038.03,0.0,0.47763062,18.33,2.3087816
18038.23,0.0,1.8187027,18.33,1.9534023
18038.43,0.0,2.6199188,18.33,2.3820758
18038.63,0.0,5.272789,18.33,2.367538
18038.83,0.0,4.062607,18.33,1.2514632
18039.03,0.0,2.1409607,18.33,2.109125
18039.23,0.0,1.444519,18.33,1.6169872
18039.43,0.0,1.3617706,18.33,2.5431237
18039.63,0.0,0.5725403,18.33,2.7300391
18039.83,0.0,0.74167633,18.33,3.7192721
18040.03,0.0,0.9978943,18.33,2.3231814
18040.23,0.0,0.94701385,18.33,1.9100349
18040.43,0.0,3.4840927,18.33,1.8077371
18040.63,0.0,2.1313934,18.33,2.1403334
18040.83,0.0,3.7289505,18.33,3.0804026
18041.03,0.0,5.0791473,18.33,2.6358027
18041.23,0.0,7.1569977,18.33,1.3814914
18041.43,0.0,1.9027481,18.33,1.9151292
18041.63,0.0,8.1178055,18.33,2.9275894
18041.83,0.0,2.883171,18.33,1.728622
18042.03,0.0,3.8873444,18.33,3.8185446
18042.23,0.0,4.627411,18.33,1.8634546
18042.43,0.0,5.867546,18.33,1.5043645
18042.63,0.0,4.1968994,18.33,1.5380492
18042.83,0.0,2.219162,18.33,2.5545
18043.03,0.0,3.0438232,18.33,3.2570271
18043.23,0.0,3.6308289,18.33,2.8353517
18043.43,0.0,2.0411377,18.33,2.6260543
18043.63,0.0,0.23081207,18.33,3.4569952
18043.83,0.0,5.217308,18.33,2.5480332
18044.03,0.0,4.412628,18.33,2.757232
18044.23,0.0,2.587616,18.33,3.1889153
18044.43,0.0,1.0441132,18.33,4.426267
18044.63,0.0,3.34906,18.33,3.3625283
18044.83,0.0,1.2278137,18.33,2.075632
18045.03,0.0,5.2308884,18.33,2.6780534
18045.23,0.0,3.1249466,18.33,4.305057
18045.43,0.0,0.8470917,18.33,3.577808
18045.63,0.0,0.7711792,18.33,3.0327685
18045.83,0.0,2.7682037,18.33,2.434785
18046.03,0.0,1.4924011,18.33,4.014483
18046.23,0.0,3.5455093,18.33,3.4945757
18046.43,0.0,1.0102463,18.33,2.6410394
18046.63,0.0,0.3959427,18.33,3.4864202
18046.83,0.0,2.828125,18.33,5.0629735
18047.03,0.0,-1.0067215,18.33,4.4652658
18047.23,0.0,-0.38715363,18.33,5.257699
18047.43,0.0,-0.2558365,18.33,6.31584
18047.63,0.0,2.5886765,18.33,6.3789835
18047.83,0.0,0.2835617,18.33,6.584673
18048.03,0.0,0.8493271,18.33,7.2795315
18048.23,0.0,-0.4749298,18.33,7.532446
18048.43,0.0,0.4254074,18.33,7.791832
18048.63,0.0,1.0725098,18.33,8.118545
18048.83,0.0,4.7673264,18.33,8.2559185
18049.03,0.0,1.6313934,18.33,8.468138
18049.23,0.0,1.4638596,18.33,8.704964
18049.43,0.0,4.217575,18.33,9.253516
18049.63,0.0,1.3029938,18.33,9.486585
18049.83,0.0,6.071167,18.33,9.7407
18050.03,0.0,2.7370834,18.33,9.537975
18050.23,0.0,0.8692398,18.33,10.208372
18050.43,0.0,3.0363083,18.33,10.120191
18050.63,0.0,1.2329178,18.33,10.685366
18050.83,0.0,-0.5987396,18.33,11.047619
18051.03,0.0,-0.6381912,18.33,11.346777
18051.23,0.0,-1.2353134,18.33,11.673047
18051.43,0.0,-1.4466171,18.33,11.738692
18051.63,0.0,-2.111061,18.33,11.70417
18051.83,0.0,-2.1979828,18.33,12.100967
18052.03,0.0,-2.1605835,18.33,12.609539
18052.23,0.0,-2.1120148,18.33,13.152012
18052.43,0.0,-1.4089737,18.33,13.765327
18052.63,0.0,-0.0394516,18.33,14.109226
18052.83,0.0,1.1905899,18.33,14.658751
18053.03,0.0,0.16999054,18.33,14.700462
18053.23,0.0,0.4056244,18.33,14.6717
18053.43,0.0,2.363266,18.33,14.922218
18053.63,0.0,1.934845,18.33,14.985104
18053.83,0.0,4.0509415,18.33,15.130676
18054.03,0.0,4.528885,18.33,15.210163
18054.23,0.0,8.310303,18.33,15.245932
18054.43,0.0,3.4560547,18.33,15.265989
18054.63,0.0,5.096115,18.33,15.283564
18054.83,0.0,6.260727,18.33,15.332937
18055.03,0.0,6.1221848,18.33,15.376385
18055.23,0.0,7.4176025,18.33,15.305727
18055.43,0.0,9.933155,18.33,15.43425
18055.63,0.0,5.351242,18.33,15.515045
18055.83,0.0,7.1918106,18.33,15.55345
18056.03,0.0,7.405281,18.33,15.419176
18056.23,0.0,5.8064423,18.33,15.39109
18056.43,0.0,9.032478,18.33,15.515106
18056.63,0.0,8.083267,18.33,15.530867
18056.83,0.0,10.863178,18.33,15.532171
18057.03,0.0,8.72831,18.33,15.532333
18057.23,0.0,8.95237,18.33,15.489887
18057.43,0.0,6.443939,18.33,15.500347
18057.63,0.0,8.429459,18.33,15.525986
18057.83,0.0,5.4247665,18.33,15.614977
18058.03,0.0,7.7251816,18.33,15.716604
18058.23,0.0,7.385437,18.33,15.513424
18058.43,0.0,5.6595917,18.33,15.61244
18058.63,0.0,8.08107,18.33,15.559912
18058.83,0.0,6.606758,18.33,15.506245
18059.03,0.0,4.950287,18.33,15.579353
18059.23,0.0,8.032143,18.33,15.565632
18059.43,0.0,5.0187607,18.33,15.483812
18059.63,0.0,4.3720245,18.33,15.478214
18059.83,0.0,4.5164566,18.33,15.421801
18060.03,0.0,4.6459045,18.33,15.618816
18060.23,0.0,5.8657684,18.33,15.542177
18060.43,0.0,5.061371,18.33,15.4081135
18060.63,0.0,5.6019516,18.33,15.424562
18060.83,0.0,6.3585815,18.33,15.428303
18061.03,0.0,6.0944366,18.33,15.463366
18061.23,0.0,6.6623306,18.33,15.411659
18061.43,0.0,4.7105103,18.33,15.31472
18061.63,0.0,4.9952927,18.33,15.448357
18061.83,0.0,4.3441086,18.33,15.436878
18062.03,0.0,4.893631,18.33,15.306744
18062.23,0.0,5.343666,18.33,15.375654
18062.43,0.0,5.416527,18.33,15.467535
18062.63,0.0,3.5298004,18.33,15.529547
18062.83,0.0,4.069252,18.33,15.55579
18063.03,0.0,5.0078506,18.33,15.411198
18063.23,0.0,3.1903534,18.33,15.634319
18063.43,0.0,3.2169724,18.33,15.512449
18063.63,0.0,3.4763184,18.33,15.479473
18063.83,0.0,2.8765259,18.33,15.519741
18064.03,0.0,1.1540222,18.33,15.457199
18064.23,0.0,3.00811,18.33,15.624441
18064.43,0.0,3.424736,18.33,15.449455
18064.63,0.0,4.7721786,18.33,15.466623
18064.83,0.0,7.8752975,18.33,15.441753
18065.03,0.0,3.666275,18.33,15.581209
18065.23,0.0,5.115944,18.33,15.566023
18065.43,0.0,7.9892044,18.33,15.574787
18065.63,0.0,6.6727448,18.33,15.729975
18065.83,0.0,6.5430374,18.33,15.532782
18066.03,0.0,5.8143234,18.33,15.598278
18066.23,0.0,6.4210587,18.33,15.512604
18066.43,0.0,4.644966,18.33,15.565302
18066.63,0.0,4.682022,18.33,15.430826
18066.83,0.0,6.227577,18.33,15.646402
18067.03,0.0,5.5949936,18.33,15.768253
18067.23,0.0,4.804207,18.33,15.45643
18067.43,0.0,3.8267593,18.33,15.55385
18067.63,0.0,4.0728226,18.33,15.572109
18067.83,0.0,3.6033401,18.33,15.5536
18068.03,0.0,5.2987976,18.33,15.80604
18068.23,0.0,6.7002563,18.33,15.666683
18068.43,0.0,8.427925,18.33,15.636166
18068.63,0.0,7.602524,18.33,15.492535
18068.83,0.0,9.686619,18.33,15.651354
18069.03,0.0,9.013359,18.33,15.631153
18069.23,0.0,3.714096,18.33,15.592262
18069.43,0.0,5.7611923,18.33,15.223909
18069.63,0.0,6.937599,18.33,15.47065
18069.83,0.0,4.7589493,18.33,15.234077
18070.03,0.0,4.55365,18.33,15.330116
18070.23,0.0,4.4608765,18.33,15.349884
18070.43,0.0,6.048004,18.33,15.479912
18070.63,0.0,7.059555,18.33,15.471008
18070.83,0.0,4.0218124,18.33,15.465107
18071.03,0.0,5.992813,18.33,15.249283
18071.23,0.0,7.80455,18.33,15.583466
18071.43,0.0,7.533783,18.33,15.464275
18071.63,0.0,6.3118515,18.33,15.430206
18071.83,0.0,9.356468,18.33,15.562466
18072.03,0.0,6.2695312,18.33,15.7071
18072.23,0.0,4.9159164,18.33,15.480017
18072.43,0.0,5.1969833,18.33,15.472651
18072.63,0.0,5.094261,18.33,15.39612
18072.83,0.0,6.3362885,18.33,15.405783
18073.03,0.0,6.3103333,18.33,15.47492
18073.23,0.0,5.0766907,18.33,15.449924
18073.43,0.0,5.774399,18.33,15.490578
18073.63,0.0,7.4748917,18.33,15.483496
18073.83,0.0,5.503731,18.33,15.536816
18074.03,0.0,5.2876587,18.33,15.60372
18074.23,0.0,6.0827484,18.33,15.782061
18074.43,0.0,6.9913177,18.33,15.477617
18074.63,0.0,5.0916977,18.33,15.423811
18074.83,0.0,6.690338,18.33,15.357117
18075.03,0.0,4.7033234,18.33,15.317806
18075.23,0.0,7.769943,18.33,15.459101
18075.43,0.0,8.487541,18.33,15.551586
18075.63,0.0,7.1012955,18.33,15.383526
18075.83,0.0,6.268364,18.33,15.5088005
18076.03,0.0,4.43058,18.33,15.45512
18076.23,0.0,6.803749,18.33,15.341841
18076.43,0.0,5.0826645,18.33,15.599085
18076.63,0.0,7.0019913,18.33,15.420332
18076.83,0.0,7.349945,18.33,15.360781
18077.03,0.0,8.527351,18.33,15.41618
18077.23,0.0,6.7117615,18.33,15.49551
18077.43,0.0,6.2626266,18.33,15.366493
18077.63,0.0,7.169861,18.33,15.350668
18077.83,0.0,5.6848755,18.33,15.380732
18078.03,0.0,5.8855133,18.33,15.32906
18078.23,0.0,5.4542084,18.33,15.223438
18078.43,0.0,6.531578,18.33,15.278767
18078.63,0.0,5.1518555,18.33,15.274008
18078.83,0.0,5.4365463,18.33,15.343443
18079.03,0.0,5.661461,18.33,15.2321415
18079.23,0.0,5.5658264,18.33,15.282436
18079.43,0.0,5.78257,18.33,15.399197
18079.63,0.0,5.9436493,18.33,15.284084
18079.83,0.0,5.1652756,18.33,15.180561
18080.03,0.0,6.6095657,18.33,15.239189
18080.23,0.0,4.0757065,18.33,15.153551
18080.43,0.0,5.4112015,18.33,15.145248
18080.63,0.0,5.1840973,18.33,15.174675
18080.83,0.0,5.9689636,18.33,15.145416
18081.03,0.0,5.261215,18.33,15.192703
18081.23,0.0,4.8080444,18.33,15.108524
18081.43,0.0,5.789871,18.33,15.208479
18081.63,0.0,5.234459,18.33,14.956066
18081.83,0.0,5.4263763,18.33,15.002279
18082.03,0.0,5.8323593,18.33,15.095804
18082.23,0.0,3.9662018,18.33,15.35227
18082.43,0.0,3.5157623,18.33,14.91888
18082.63,0.0,4.5409317,18.33,15.060123
18082.83,0.0,3.4145126,18.33,15.046288
18083.03,0.0,5.5397415,18.33,15.133085
18083.23,0.0,5.977211,18.33,15.135626
18083.43,0.0,4.4369125,18.33,14.998901
18083.63,0.0,3.4953766,18.33,15.057323
18083.83,0.0,5.324066,18.33,14.924408
18084.03,0.0,5.687538,18.33,15.073961
18084.23,0.0,4.6223373,18.33,15.060646
18084.43,0.0,4.7151413,18.33,15.043314
18084.63,0.0,4.719818,18.33,15.079018
18084.83,0.0,6.104347,18.33,15.303709
18085.03,0.0,5.1398773,18.33,15.013306
18085.23,0.0,5.7145615,18.33,15.083612
18085.43,0.0,5.2784348,18.33,14.93544
18085.63,0.0,5.711899,18.33,15.037384
18085.83,0.0,5.154602,18.33,15.283209
18086.03,0.0,7.033287,18.33,15.0131035
18086.23,0.0,6.438339,18.33,15.143253
18086.43,0.0,5.640915,18.33,15.102903
18086.63,0.0,6.339363,18.33,15.043287
18086.83,0.0,6.6423035,18.33,15.000254
18087.03,0.0,4.997284,18.33,15.173403
18087.23,0.0,4.8878937,18.33,14.998276
18087.43,0.0,7.7102203,18.33,14.989569
18087.63,0.0,6.1199417,18.33,15.153896
18087.83,0.0,5.08197,18.33,15.026426
18088.03,0.0,4.9628906,18.33,15.251991
18088.23,0.0,5.854347,18.33,15.14517
18088.43,0.0,5.27063,18.33,15.192936
18088.63,0.0,4.600464,18.33,15.003624
18088.83,0.0,4.5972824,18.33,14.993481
18089.03,0.0,5.5234756,18.33,15.033632
18089.23,0.0,5.7895355,18.33,15.110424
18089.43,0.0,5.233803,18.33,15.193947
18089.63,0.0,5.839821,18.33,15.340019
18089.83,0.0,7.183052,18.33,15.111919
18090.03,0.0,6.0619583,18.33,15.334402
18090.23,0.0,6.2578964,18.33,15.11804
18090.43,0.0,6.046013,18.33,15.03145
18090.63,0.0,6.796524,18.33,15.174456
18090.83,0.0,5.91658,18.33,15.306419
18091.03,0.0,5.8987656,18.33,15.025621
18091.23,0.0,6.893959,18.33,15.086462
18091.43,0.0,5.498314,18.33,15.093798
18091.63,0.0,5.142952,18.33,15.057463
18091.83,0.0,7.952675,18.33,15.162996
18092.03,0.0,6.6643677,18.33,15.209784
18092.23,0.0,5.5378113,18.33,15.1153755
18092.43,0.0,8.325714,18.33,15.260475
18092.63,0.0,8.718903,18.33,15.255985
18092.83,0.0,7.329674,18.33,15.218721
18093.03,0.0,7.096512,18.33,15.324646
18093.23,0.0,4.564148,18.33,15.206806
18093.43,0.0,4.3854065,18.33,15.187181
18093.63,0.0,4.9996185,18.33,15.005808
18093.83,0.0,5.0359116,18.33,15.075855
18094.03,0.0,5.236229,18.33,15.210733
18094.23,0.0,7.875267,18.33,15.150225
18094.43,0.0,6.2382736,18.33,15.168552
18094.63,0.0,6.7247314,18.33,15.054962
18094.83,0.0,6.561554,18.33,15.086666
18095.03,0.0,4.496704,18.33,15.27076
18095.23,0.0,4.1221848,18.33,15.266123
18095.43,0.0,5.3604507,18.33,15.281244
18095.63,0.0,4.941124,18.33,15.132227
18095.83,0.0,7.1306305,18.33,15.286253
18096.03,0.0,5.8215103,18.33,15.222858
18096.23,0.0,5.1068497,18.33,15.261168
18096.43,0.0,6.439148,18.33,15.17771
18096.63,0.0,6.27195,18.33,15.09845
18096.83,0.0,5.797264,18.33,15.270889
18097.03,0.0,4.620476,18.33,15.502256
18097.23,0.0,5.323204,18.33,15.154106
18097.43,0.0,5.6577606,18.33,15.344131
18097.63,0.0,7.1337433,18.33,15.270189
18097.83,0.0,5.257904,18.33,15.257753
18098.03,0.0,4.5031433,18.33,15.37949
18098.23,0.0,6.9260254,18.33,15.287027
18098.43,0.0,5.8276978,18.33,15.38714
18098.63,0.0,5.2046432,18.33,15.205553
18098.83,0.0,3.4403687,18.33,15.237232
18099.03,0.0,4.443657,18.33,15.2036
18099.23,0.0,7.2910767,18.33,15.153252
18099.43,0.0,6.0212173,18.33,15.287657
18099.63,0.0,3.3336334,18.33,15.240135
18099.83,0.0,5.255211,18.33,15.186539
18100.03,0.0,6.565056,18.33,15.144075
18100.23,0.0,3.2832642,18.33,15.144203
18100.43,0.0,3.0940094,18.33,15.067656
18100.63,0.0,5.215187,18.33,15.211489
18100.83,0.0,5.4780197,18.33,14.963198
18101.03,0.0,5.172264,18.33,15.163578
18101.23,0.0,4.7678146,18.33,15.168291
18101.43,0.0,6.3030624,18.33,15.12019
18101.63,0.0,6.2477264,18.33,15.30909
18101.83,0.0,4.1400604,18.33,15.147577
18102.03,0.0,6.5301285,18.33,15.145132
18102.23,0.0,7.09404,18.33,15.091368
18102.43,0.0,9.516968,18.33,15.222517
18102.63,0.0,5.778534,18.33,15.242943
18102.83,0.0,5.933716,18.33,15.188807
18103.03,0.0,5.813759,18.33,15.461893
18103.23,0.0,5.6694565,18.33,15.091366
18103.43,0.0,3.5199738,18.33,15.186258
18103.63,0.0,6.262657,18.33,15.2705
18103.83,0.0,8.756912,18.33,15.094492
18104.03,0.0,3.907547,18.33,15.291901
18104.23,0.0,3.4212494,18.33,15.112883
18104.43,0.0,4.9150467,18.33,15.099997
18104.63,0.0,4.4655533,18.33,15.282991
18104.83,0.0,5.6883163,18.33,15.217924
18105.03,0.0,5.48822,18.33,15.392244
18105.23,0.0,4.0607986,18.33,15.188419
18105.43,0.0,6.8974915,18.33,15.109749
18105.63,0.0,6.030327,18.33,15.200384
18105.83,0.0,3.8934174,18.33,15.319593
18106.03,0.0,5.082924,18.33,15.383799
18106.23,0.0,7.8524017,18.33,15.174839
18106.43,0.0,2.9244614,18.33,15.372707
18106.63,0.0,6.8841934,18.33,15.3817215
18106.83,0.0,4.6153107,18.33,15.19195
18107.03,0.0,3.5637054,18.33,15.206358
18107.23,0.0,4.791359,18.33,15.236046
18107.43,0.0,3.513916,18.33,15.425789
18107.63,0.0,5.2661667,18.33,14.994762
18107.83,0.0,5.0292664,18.33,15.197338
18108.03,0.0,4.796074,18.33,15.332907
18108.23,0.0,4.1365356,18.33,15.16016
18108.43,0.0,6.329834,18.33,15.239841
18108.63,0.0,4.9120407,18.33,15.292299
18108.83,0.0,5.4943085,18.33,15.384903
18109.03,0.0,4.1154785,18.33,15.219471
18109.23,0.0,3.6038132,18.33,15.083326
18109.43,0.0,5.266411,18.33,15.247292
18109.63,0.0,5.2201385,18.33,15.195652
18109.83,0.0,6.1223297,18.33,15.307297
18110.03,0.0,7.198677,18.33,15.070019
18110.23,0.0,6.74514,18.33,15.071239
18110.43,0.0,8.050095,18.33,14.983881
18110.63,0.0,7.7875824,18.33,15.120625
18110.83,0.0,6.0410156,18.33,15.2202
18111.03,0.0,6.08255,18.33,14.853125
18111.23,0.0,4.6812363,18.33,15.049494
18111.43,0.0,5.4308243,18.33,15.084515
18111.63,0.0,3.6141357,18.33,15.171505
18111.83,0.0,6.1927643,18.33,15.177139
18112.03,0.0,5.1338806,18.33,15.21413
18112.23,0.0,4.207329,18.33,15.066217
18112.43,0.0,7.2538986,18.33,15.116669
18112.63,0.0,6.81472,18.33,15.130146
18112.83,0.0,4.5312805,18.33,15.092642
18113.03,0.0,6.4863815,18.33,15.0046215
18113.23,0.0,5.2739563,18.33,15.1703205
18113.43,0.0,4.74955,18.33,15.077316
18113.63,0.0,4.37912,18.33,15.013252
18113.83,0.0,7.951042,18.33,15.107719
18114.03,0.0,9.589523,18.33,14.768547
18114.23,0.0,6.9245453,18.33,15.119949
18114.43,0.0,6.018379,18.33,14.892622
18114.63,0.0,9.007942,18.33,14.907614
18114.83,0.0,9.757206,18.33,15.050861
18115.03,0.0,4.835243,18.33,15.065533
18115.23,0.0,3.9718704,18.33,15.006115
18115.43,0.0,7.3353043,18.33,14.907251
18115.63,0.0,6.6363297,18.33,14.954815
18115.83,0.0,3.2321854,18.33,15.030773
18116.03,0.0,7.918152,18.33,14.783632
18116.23,0.0,9.854992,18.33,14.944857
18116.43,0.0,5.339081,18.33,15.001875
18116.63,0.0,7.576256,18.33,14.962568
18116.83,0.0,7.0161133,18.33,14.987686
18117.03,0.0,7.301399,18.33,14.812145
18117.23,0.0,6.5404587,18.33,15.117008
18117.43,0.0,5.227791,18.33,14.771879
18117.63,0.0,11.36153,18.33,14.875521
18117.83,0.0,9.885902,18.33,14.8828945
18118.03,0.0,6.424408,18.33,14.895552
18118.23,0.0,4.7590714,18.33,15.118931
18118.43,0.0,4.650856,18.33,14.909689
18118.63,0.0,6.354294,18.33,15.022249
18118.83,0.0,5.5189514,18.33,15.077223
18119.03,0.0,6.082062,18.33,14.833595
18119.23,0.0,4.2737503,18.33,15.339964
18119.43,0.0,7.681587,18.33,14.990675
18119.63,0.0,3.9066772,18.33,15.024015
18119.83,0.0,5.75045,18.33,15.134834
18120.03,0.0,8.258804,18.33,14.761366
18120.23,0.0,8.74324,18.33,15.042795
18120.43,0.0,8.162315,18.33,14.866877
18120.63,0.0,6.6777267,18.33,15.07489
18120.83,0.0,6.153824,18.33,15.000935
18121.03,0.0,6.288803,18.33,15.250862
18121.23,0.0,7.016876,18.33,15.046354
18121.43,0.0,5.2842636,18.33,15.30525
18121.63,0.0,7.491173,18.33,15.210409
18121.83,0.0,5.2526855,18.33,15.298229
18122.03,0.0,4.169525,18.33,15.292557
18122.23,0.0,4.047142,18.33,15.162262
18122.43,0.0,6.8396835,18.33,15.390345
18122.63,0.0,5.1448975,18.33,15.19977
18122.83,0.0,4.7512054,18.33,15.312584
18123.03,0.0,1.4075241,18.33,15.512241
18123.23,0.0,2.1650238,18.33,15.285595
18123.43,0.0,5.149536,18.33,15.395599
18123.63,0.0,4.0818176,18.33,15.3322735
18123.83,0.0,4.8870773,18.33,15.247902
18124.03,0.0,5.9819565,18.33,15.435778
18124.23,0.0,8.039093,18.33,15.140755
18124.43,0.0,5.511299,18.33,15.573357
18124.63,0.0,8.606392,18.33,15.182434
18124.83,0.0,5.008362,18.33,15.394012
18125.03,0.0,9.269981,18.33,15.392731
18125.23,0.0,4.0830917,18.33,15.359951
18125.43,0.0,0.6160507,18.33,15.775455
18125.63,0.0,2.4921875,18.33,15.580006
18125.83,0.0,4.4809113,18.33,15.526037
18126.03,0.0,1.716011,18.33,15.671024
18126.23,0.0,0.47338104,18.33,15.7035885
18126.43,0.0,3.1535873,18.33,15.518869
18126.63,0.0,1.4776611,18.33,15.477472
18126.83,0.0,0.8098068,18.33,15.836666
18127.03,0.0,3.3116531,18.33,15.521416
18127.23,0.0,6.587784,18.33,15.270792
18127.43,0.0,4.5861893,18.33,15.5478
18127.63,0.0,5.2325974,18.33,15.489418
18127.83,0.0,1.7120209,18.33,15.630873
18128.03,0.0,3.7069168,18.33,15.431883
18128.23,0.0,4.4398193,18.33,15.581926
18128.43,0.0,-1.3332291,18.33,15.815027
18128.63,0.0,4.121826,18.33,15.660254
18128.83,0.0,7.050659,18.33,15.630335
18129.03,0.0,3.090187,18.33,15.469465
18129.23,0.0,2.0602875,18.33,15.682291
18129.43,0.0,2.8515244,18.33,15.771048
18129.63,0.0,7.194687,18.33,15.343298
18129.83,0.0,2.7564087,18.33,15.764456
18130.03,0.0,4.200485,18.33,15.788116
18130.23,0.0,4.55056,18.33,15.585186
18130.43,0.0,3.41716,18.33,15.606247
18130.63,0.0,2.237053,18.33,15.470377
18130.83,0.0,1.7742996,18.33,15.464926
18131.03,0.0,3.3835068,18.33,15.649651
18131.23,0.0,2.777504,18.33,15.504129
18131.43,0.0,1.4444199,18.33,15.8475
18131.63,0.0,2.3756104,18.33,15.612574
18131.83,0.0,4.0098953,18.33,15.537924
18132.03,0.0,5.4822006,18.33,15.515774
18132.23,0.0,7.661499,18.33,15.303127
18132.43,0.0,2.422577,18.33,15.844664
18132.63,0.0,2.8897934,18.33,15.408579
18132.83,0.0,4.7258453,18.33,15.7633095
18133.03,0.0,2.06353,18.33,15.619101
18133.23,0.0,0.8457489,18.33,15.612408
18133.43,0.0,4.5508423,18.33,15.654409
18133.63,0.0,3.5477142,18.33,15.779192
18133.83,0.0,2.9151077,18.33,15.652445
18134.03,0.0,3.1747437,18.33,15.644405
18134.23,0.0,-0.3262787,18.33,15.656582
18134.43,0.0,0.48116302,18.33,15.840551
18134.63,0.0,5.277443,18.33,15.934877
18134.83,0.0,2.63208,18.33,15.773226
18135.03,0.0,0.6261673,18.33,15.687557
18135.23,0.0,2.8054123,18.33,15.790514
18135.43,0.0,1.5240936,18.33,15.84763
18135.63,0.0,-0.008201599,18.33,15.845055
18135.83,0.0,3.6494827,18.33,15.542305
18136.03,0.0,1.9603348,18.33,15.834316
18136.23,0.0,2.1629486,18.33,15.556822
18136.43,0.0,5.027527,18.33,15.408743
18136.63,0.0,1.5896759,18.33,15.814859
18136.83,0.0,5.1438217,18.33,15.678551
18137.03,0.0,2.9549026,18.33,15.742067
18137.23,0.0,2.8037033,18.33,15.795984
18137.43,0.0,2.6612396,18.33,15.605545
18137.63,0.0,7.0162354,18.33,15.340134
18137.83,0.0,3.3721542,18.33,15.719656
18138.03,0.0,7.277611,18.33,15.583887
18138.23,0.0,3.4860077,18.33,15.494593
18138.43,0.0,0.38018036,18.33,15.660622
18138.63,0.0,1.7014008,18.33,15.522026
18138.83,0.0,0.30622864,18.33,15.516859
18139.03,0.0,2.4026642,18.33,15.695789
18139.23,0.0,5.321739,18.33,15.584177
18139.43,0.0,3.765709,18.33,15.556917
18139.63,0.0,1.6981888,18.33,15.764944
18139.83,0.0,3.5886765,18.33,15.445248
18140.03,0.0,2.578621,18.33,15.667831
18140.23,0.0,2.1553879,18.33,15.357025
18140.43,0.0,4.101448,18.33,15.601482
18140.63,0.0,-0.66444397,18.33,15.711121
18140.83,0.0,1.2912827,18.33,15.872021
18141.03,0.0,1.2168045,18.33,15.616055
18141.23,0.0,-0.65489197,18.33,15.721651
18141.43,0.0,2.7206802,18.33,15.721542
18141.63,0.0,3.7358398,18.33,15.681108
18141.83,0.0,2.1324844,18.33,15.957815
18142.03,0.0,0.1509552,18.33,15.595671
18142.23,0.0,1.6739502,18.33,15.99468
18142.43,0.0,0.64157104,18.33,15.9452915
18142.63,0.0,0.64653015,18.33,15.954046
18142.83,0.0,2.3489609,18.33,15.740795
18143.03,0.0,3.4265137,18.33,15.867172
18143.23,0.0,0.6798172,18.33,16.053946
18143.43,0.0,-0.41866302,18.33,15.779612
18143.63,0.0,1.6052856,18.33,15.638971
18143.83,0.0,0.81422424,18.33,15.899855
18144.03,0.0,2.1908646,18.33,15.848148
18144.23,0.0,3.0168304,18.33,15.804659
18144.43,0.0,-1.5986023,18.33,16.017023
18144.63,0.0,-0.41701508,18.33,16.023592
18144.83,0.0,3.5629349,18.33,15.835287
18145.03,0.0,3.2315216,0.0,15.642134
18145.23,0.0,3.2392197,0.0,15.867619
18145.43,0.0,3.326889,0.0,15.763285
18145.63,0.0,0.97042084,0.0,15.850653
18145.83,0.0,0.040168762,0.0,16.017931
18146.03,0.0,1.7395248,0.0,15.991512
18146.23,0.0,2.2224731,0.0,15.87953
18146.43,0.0,6.645111,0.0,15.669413
18146.63,0.0,6.5854416,0.0,15.770271
18146.83,0.0,0.19511414,0.0,15.797064
18147.03,0.0,3.573288,0.0,15.907724
18147.23,0.0,2.1983109,0.0,15.571823
18147.43,0.0,-0.4043808,0.0,15.797401
18147.63,0.0,1.0663757,0.0,15.722376
18147.83,0.0,2.9008408,0.0,15.824526
18148.03,0.0,1.2991028,0.0,15.678301
18148.23,0.0,4.7870636,0.0,15.709188
18148.43,0.0,2.8353271,0.0,15.79138
18148.63,0.0,7.0991898,0.0,15.900665
18148.83,0.0,4.43853,0.0,15.531363
18149.03,0.0,1.0188828,0.0,15.408903
18149.23,0.0,5.4931564,0.0,15.584984
18149.43,0.0,5.9877167,0.0,15.487902
18149.63,0.0,5.848793,0.0,15.715685
18149.83,0.0,2.671112,0.0,15.589737
18150.03,0.0,1.5817337,0.0,15.863195
18150.23,0.0,2.7341614,0.0,15.34849
18150.43,0.0,4.1277924,0.0,15.583334
18150.63,0.0,1.5437164,0.0,15.527605
18150.83,0.0,7.7098694,0.0,15.550856
18151.03,0.0,9.557724,0.0,15.346323
18151.23,0.0,2.0830765,0.0,15.774776
18151.43,0.0,-0.68788147,0.0,15.159082
18151.63,0.0,6.2464447,0.0,15.2657585
18151.83,0.0,3.2331772,0.0,15.652781
18152.03,0.0,4.4915466,0.0,15.536274
18152.23,0.0,4.5114822,0.0,15.561756
18152.43,0.0,4.004631,0.0,15.381729
18152.63,0.0,6.278404,0.0,15.232788
18152.83,0.0,3.1845245,0.0,15.008873
18153.03,0.0,2.878807,0.0,15.549059
18153.23,0.0,5.0735703,0.0,15.646692
18153.43,0.0,4.579132,0.0,15.181429
18153.63,0.0,1.5505829,0.0,15.220825
18153.83,0.0,4.539749,0.0,15.273432
18154.03,0.0,2.7322311,0.0,15.622929
18154.23,0.0,9.958588,0.0,15.100658
18154.43,0.0,3.75708,0.0,15.513544
18154.63,0.0,3.3594513,0.0,15.248287
18154.83,0.0,3.1889877,0.0,15.353315
18155.03,0.0,9.199348,0.0,15.423817
18155.23,0.0,5.9106903,0.0,15.301704
18155.43,0.0,11.049896,0.0,15.522703
18155.63,0.0,6.0441513,0.0,15.412781
18155.83,0.0,4.3747787,0.0,15.279123
18156.03,0.0,4.333084,0.0,15.264387
18156.23,0.0,3.8125076,0.0,15.324005
18156.43,0.0,5.0731583,0.0,15.233002
18156.63,0.0,6.108902,0.0,15.154646
18156.83,0.0,5.098381,0.0,15.327148
18157.03,0.0,8.470619,0.0,15.115797
18157.23,0.0,8.164314,0.0,14.958061
18157.43,0.0,2.7203827,0.0,15.177296
18157.63,0.0,6.642479,0.0,15.273556
18157.83,0.0,6.216423,0.0,14.922201
18158.03,0.0,7.0128784,0.0,15.453638
18158.23,0.0,7.4054565,0.0,15.150867
18158.43,0.0,6.063156,0.0,15.125431
18158.63,0.0,6.1795883,0.0,15.130423
18158.83,0.0,6.238991,0.0,14.8948555
18159.03,0.0,3.3783798,0.0,14.948359
18159.23,0.0,6.0381775,0.0,14.940676
18159.43,0.0,3.9366379,0.0,15.085016
18159.63,0.0,6.269882,0.0,15.271608
18159.83,0.0,7.790077,0.0,15.062212
18160.03,0.0,3.664116,0.0,14.8774185
18160.23,0.0,5.936058,0.0,15.1862335
18160.43,0.0,6.6133575,0.0,14.342388
18160.63,0.0,5.6881866,0.0,14.624645
18160.83,0.0,8.049164,0.0,14.619745
18161.03,0.0,3.8098526,0.0,14.601212
18161.23,0.0,4.190346,0.0,13.741543
18161.43,0.0,4.715309,0.0,14.352556
18161.63,0.0,-1.6890564,0.0,13.7423725
18161.83,0.0,2.0212631,0.0,13.750175
18162.03,0.0,4.4278107,0.0,13.204851
18162.23,0.0,0.6739044,0.0,13.177572
18162.43,0.0,3.3877869,0.0,12.659756
18162.63,0.0,2.9095688,0.0,12.324003
18162.83,0.0,-0.7508621,0.0,11.974176
18163.03,0.0,2.1577606,0.0,11.628502
18163.23,0.0,2.4735184,0.0,11.390743
18163.43,0.0,2.8352509,0.0,10.819576
18163.63,0.0,0.09020233,0.0,11.498161
18163.83,0.0,5.475113,0.0,9.762551
18164.03,0.0,7.5279465,0.0,10.279395
18164.23,0.0,6.2449417,0.0,9.527386
18164.43,0.0,4.5927353,0.0,9.172905
18164.63,0.0,8.93129,0.0,7.656294
18164.83,0.0,7.2616043,0.0,7.581341
18165.03,0.0,5.6135635,0.0,7.4122524
18165.23,0.0,12.093063,0.0,5.80952
18165.43,0.0,15.516029,0.0,5.4057775
18165.63,0.0,15.961395,0.0,4.6893854
18165.83,0.0,14.798744,0.0,5.4295926
18166.03,0.0,10.880833,0.0,4.4508
18166.23,0.0,12.570858,0.0,3.8704095
18166.43,0.0,15.863537,0.0,3.4766924
18166.63,0.0,20.910923,0.0,2.771423
18166.83,0.0,21.98365,0.0,1.8436003
18167.03,0.0,20.935753,0.0,2.5040386
18167.23,0.0,16.976032,0.0,1.8976092
18167.43,0.0,11.493633,0.0,2.1678658
18167.63,0.0,21.380028,0.0,1.5689449
18167.83,0.0,21.125134,0.0,1.0867031
18168.03,0.0,17.861465,0.0,1.3962486
18168.23,0.0,23.167503,0.0,1.1040018
18168.43,0.0,18.626896,0.0,0.9858389
18168.63,0.0,17.859741,0.0,0.6905577
18168.83,0.0,15.794495,0.0,0.9507389
18169.03,0.0,19.09182,0.0,0.5730345
18169.23,0.0,20.092823,0.0,0.80063033
18169.43,0.0,17.436718,0.0,0.46512675
18169.63,0.0,19.004341,0.0,0.4168017
18169.83,0.0,22.944038,0.0,0.36260748
18170.03,0.0,21.224716,0.0,0.29053426
18170.23,0.0,11.572529,0.0,0.6660726
18170.43,0.0,18.288174,0.0,0.2864163
18170.63,0.0,20.24078,0.0,0.17666745
18170.83,0.0,21.727009,0.0,0.13055491
18171.03,0.0,20.913937,0.0,0.11107254
18171.23,0.0,17.09282,0.0,0.15279531
18171.43,0.0,13.139618,0.0,0.249578
18171.63,0.0,13.116123,0.0,0.1916852
18171.83,0.0,16.931297,0.0,0.12961912
18172.03,0.0,18.430092,0.0,0.015119314
18172.23,0.0,21.959816,0.0,0.023812532
18172.43,0.0,15.010292,0.0,0.18107295
18172.63,0.0,12.791729,0.0,0.22378421
18172.83,0.0,14.79747,0.0,0.056796312
18173.03,0.0,18.525661,0.0,-0.0033464432
18173.23,0.0,13.99036,0.0,0.0067846775
18173.43,0.0,16.612381,0.0,0.058059692
18173.63,0.0,20.622303,0.0,0.023840189
18173.83,0.0,15.146862,0.0,0.024374962
18174.03,0.0,12.858456,0.0,0.08690834
18174.23,0.0,12.304657,0.0,0.051315784
18174.43,0.0,11.966873,0.0,0.002755642
18174.63,0.0,14.878574,0.0,-0.06619787
18174.83,0.0,11.487576,0.0,0.050260305
18175.03,0.0,17.209148,0.0,-0.03560996
18175.23,0.0,16.606243,0.0,-0.063622
18175.43,0.0,15.118877,0.0,-0.01974821
18175.63,0.0,12.799492,0.0,0.001222372
18175.83,0.0,14.619793,0.0,-0.049000263
18176.03,0.0,11.381844,0.0,0.028711796
18176.23,0.0,17.747143,0.0,-0.06368494
18176.43,0.0,12.345692,0.0,0.018999815
18176.63,0.0,14.614674,0.0,-0.050632
18176.83,0.0,12.428978,0.0,-0.0139296055
18177.03,0.0,10.117119,0.0,-0.027102947
18177.23,0.0,9.785641,0.0,-0.007314205
18177.43,0.0,15.021244,0.0,-0.07455349
18177.63,0.0,15.779079,0.0,-0.09232712
18177.83,0.0,13.361916,0.0,-0.044950247
18178.03,0.0,16.885494,0.0,-0.088217735
18178.23,0.0,17.308136,0.0,-0.08424091
18178.43,0.0,15.381538,0.0,-0.098982334
18178.63,0.0,10.902554,0.0,-0.06662321
18178.83,0.0,13.920162,0.0,-0.08463144
18179.03,0.0,15.91433,0.0,-0.11555052
18179.23,0.0,20.131512,0.0,-0.116705894
18179.43,0.0,12.647247,0.0,-0.0665288
18179.63,0.0,13.193176,0.0,-0.072657585
18179.83,0.0,10.845619,0.0,-0.042722225
18180.03,0.0,10.788712,0.0,-0.07546282
18180.23,0.0,11.176632,0.0,-0.10282421
18180.43,0.0,13.176853,0.0,-0.091760635
18180.63,0.0,13.462273,0.0,-0.086452484
18180.83,0.0,10.451702,0.0,-0.0519917
18181.03,0.0,12.802559,0.0,-0.090828896
18181.23,0.0,13.051983,0.0,-0.1076684
18181.43,0.0,14.752117,0.0,-0.10670805
18181.63,0.0,9.34803,0.0,-0.07179546
18181.83,0.0,10.406162,0.0,-0.093615055
18182.03,0.0,12.682114,0.0,-0.04136157
18182.23,0.0,16.003551,0.0,-0.10909033
18182.43,0.0,10.560036,0.0,-0.07878637
18182.63,0.0,16.725513,0.0,-0.11362457
18182.83,0.0,13.722534,0.0,-0.07473183
18183.03,0.0,11.989841,0.0,-0.08995104
18183.23,0.0,11.173641,0.0,-0.081382275
18183.43,0.0,10.666805,0.0,-0.09098101
18183.63,0.0,10.815403,0.0,-0.06230092
18183.83,0.0,12.896343,0.0,-0.102300644
18184.03,0.0,8.058311,0.0,-0.078736305
18184.23,0.0,9.273579,0.0,-0.07330418
18184.43,0.0,10.013699,0.0,-0.09258318
18184.63,0.0,8.506798,0.0,-0.09122515
18184.83,0.0,11.322651,0.0,-0.12102699
18185.03,0.0,11.84449,0.0,-0.10369778
18185.23,0.0,13.370514,0.0,-0.11001825
18185.43,0.0,10.171711,0.0,-0.06939936
18185.63,0.0,12.947319,0.0,-0.11725855
18185.83,0.0,16.367912,0.0,-0.1429801
18186.03,0.0,15.723923,0.0,-0.1458478
18186.23,0.0,11.592804,0.0,-0.12593317
18186.43,0.0,10.718838,0.0,-0.123799324
18186.63,0.0,10.880547,0.0,-0.09687519
18186.83,0.0,13.325893,0.0,-0.12964344
18187.03,0.0,12.945911,0.0,-0.11879158
18187.23,0.0,12.139542,0.0,-0.11739206
18187.43,0.0,12.512997,0.0,-0.1264267
18187.63,0.0,10.721714,0.0,-0.123063564
18187.83,0.0,10.958191,0.0,-0.10783672
18188.03,0.0,9.840179,0.0,-0.07439804
18188.23,0.0,10.464294,0.0,-0.09739828
18188.43,0.0,12.518463,0.0,-0.12671518
18188.63,0.0,9.745457,0.0,-0.10781431
18188.83,0.0,12.917515,0.0,-0.12235594
18189.03,0.0,11.733948,0.0,-0.11641121
18189.23,0.0,9.937927,0.0,-0.10521793
18189.43,0.0,18.864449,0.0,-0.14182615
18189.63,0.0,13.204075,0.0,-0.13762712
18189.83,0.0,11.315891,0.0,-0.13322449
18190.03,0.0,11.259102,0.0,-0.13591576
18190.23,0.0,10.907585,0.0,-0.1105876
18190.43,0.0,12.676281,0.0,-0.113360405
18190.63,0.0,20.055557,0.0,-0.15922832
18190.83,0.0,13.936905,0.0,-0.12844181
18191.03,0.0,16.24142,0.0,-0.16347218
18191.23,0.0,16.21288,0.0,-0.14401197
18191.43,0.0,11.8313675,0.0,-0.13754654
18191.63,0.0,9.603371,0.0,-0.10338879
18191.83,0.0,10.379604,0.0,-0.13242912
18192.03,0.0,14.768047,0.0,-0.12685251
18192.23,0.0,13.415028,0.0,-0.14067888
18192.43,0.0,13.732742,0.0,-0.13599777
18192.63,0.0,12.585865,0.0,-0.13095284
18192.83,0.0,11.758732,0.0,-0.13451481
18193.03,0.0,11.813026,0.0,-0.12488222
18193.23,0.0,10.3557205,0.0,-0.14903116
18193.43,0.0,11.561531,0.0,-0.12012768
18193.63,0.0,13.9447365,0.0,-0.13736105
18193.83,0.0,14.10881,0.0,-0.13778448
18194.03,0.0,13.534763,0.0,-0.15283442
18194.23,0.0,11.895771,0.0,-0.14897537
18194.43,0.0,10.626961,0.0,-0.14243889
18194.63,0.0,12.422371,0.0,-0.14603996
18194.83,0.0,10.467663,0.0,-0.12846851
18195.03,0.0,10.914009,0.0,-0.12788916
18195.23,0.0,13.852627,0.0,-0.14390707
18195.43,0.0,14.864037,0.0,-0.14828062
18195.63,0.0,11.988728,0.0,-0.14540243
18195.83,0.0,13.720173,0.0,-0.1477766
18196.03,0.0,12.832127,0.0,-0.15453959
18196.23,0.0,13.160542,0.0,-0.13817549
18196.43,0.0,11.366299,0.0,-0.15809965
18196.63,0.0,10.257122,0.0,-0.14444637
18196.83,0.0,12.936058,0.0,-0.15771866
18197.03,0.0,15.031715,0.0,-0.16367626
18197.23,0.0,11.636982,0.0,-0.14134073
18197.43,0.0,11.532661,0.0,-0.16184425
18197.63,0.0,12.725002,0.0,-0.1637578
18197.83,0.0,11.240799,0.0,-0.1513815
18198.03,0.0,11.778507,0.0,-0.13347816
18198.23,0.0,10.519905,0.0,-0.14184284
18198.43,0.0,13.739353,0.0,-0.15291119
18198.63,0.0,11.33276,0.0,-0.13833046
18198.83,0.0,12.017567,0.0,-0.16389942
18199.03,0.0,11.612488,0.0,-0.14368677
18199.23,0.0,12.499668,0.0,-0.16367102
18199.43,0.0,15.422333,0.0,-0.1594739
18199.63,0.0,11.823223,0.0,-0.13725662
18199.83,0.0,11.8313675,0.0,-0.16468048
18200.03,0.0,13.074356,0.0,-0.1644578
18200.23,0.0,15.524578,0.0,-0.16112232
18200.43,0.0,12.98904,0.0,-0.15755081
18200.63,0.0,13.224499,0.0,-0.16262245
18200.83,0.0,14.291824,0.0,-0.15283298
18201.03,0.0,13.041164,0.0,-0.15111971
18201.23,0.0,9.504887,0.0,-0.13991451
18201.43,0.0,13.972977,0.0,-0.15559578
18201.63,0.0,10.321953,0.0,-0.1559844
18201.83,0.0,10.088669,0.0,-0.15835571
18202.03,0.0,12.73896,0.0,-0.14905167
18202.23,0.0,15.60014,0.0,-0.16547585
18202.43,0.0,15.0248375,0.0,-0.18359184
18202.63,0.0,15.8507,0.0,-0.14750957
18202.83,0.0,14.379692,0.0,-0.17561483
18203.03,0.0,13.889709,0.0,-0.17983913
18203.23,0.0,13.174698,0.0,-0.15818071
18203.43,0.0,11.541801,0.0,-0.1634121
18203.63,0.0,10.381447,0.0,-0.15390015
18203.83,0.0,10.445179,0.0,-0.16068983
18204.03,0.0,10.223953,0.0,-0.17614317
18204.23,0.0,8.379662,0.0,-0.15943289
18204.43,0.0,11.290928,0.0,-0.14505339
18204.63,0.0,16.75906,0.0,-0.19211245
18204.83,0.0,15.201157,0.0,-0.16716576
18205.03,0.0,15.295757,0.0,-0.17178106
18205.23,0.0,7.807396,0.0,-0.1601758
18205.43,0.0,10.556946,0.0,-0.1589632
18205.63,0.0,11.3165245,0.0,-0.1889224
18205.83,0.0,9.791344,0.0,-0.16923237
18206.03,0.0,9.843624,0.0,-0.1491065
18206.23,0.0,15.568062,0.0,-0.19324446
18206.43,0.0,9.134987,0.0,-0.16653204
18206.63,0.0,8.909813,0.0,-0.17365551
18206.83,0.0,11.723248,0.0,-0.15991545
18207.03,0.0,10.988728,0.0,-0.17195845
18207.23,0.0,13.223942,0.0,-0.16610003
18207.43,0.0,8.862595,0.0,-0.17037821
18207.63,0.0,15.036266,0.0,-0.19313955
18207.83,0.0,11.86108,0.0,-0.18218708
18208.03,0.0,13.552139,0.0,-0.1869669
18208.23,0.0,11.854874,0.0,-0.17941284
18208.43,0.0,10.665394,0.0,-0.16548872
18208.63,0.0,11.362328,0.0,-0.17299175
18208.83,0.0,10.128838,0.0,-0.18337822
18209.03,0.0,9.528816,0.0,-0.1756649
18209.23,0.0,11.419205,0.0,-0.16264582
18209.43,0.0,11.928982,0.0,-0.18306923
18209.63,0.0,11.5211525,0.0,-0.19523954
18209.83,0.0,12.1604805,0.0,-0.18011284
18210.03,0.0,11.813316,0.0,-0.19493532
18210.23,0.0,17.221256,0.0,-0.17107344
18210.43,0.0,12.427044,0.0,-0.18208122
18210.63,0.0,12.572498,0.0,-0.1931014
18210.83,0.0,13.005676,0.0,-0.20692396
18211.03,0.0,11.95129,0.0,-0.18391657
18211.23,0.0,12.423454,0.0,-0.18161917
18211.43,0.0,10.989239,0.0,-0.19781685
18211.63,0.0,10.396156,0.0,-0.20200777
18211.83,0.0,14.400822,0.0,-0.1967144
18212.03,0.0,10.821751,0.0,-0.19086266
18212.23,0.0,10.556793,0.0,-0.17778826
18212.43,0.0,13.267735,0.0,-0.17437744
18212.63,0.0,12.816441,0.0,-0.20212698
18212.83,0.0,9.568745,0.0,-0.20285082
18213.03,0.0,10.825699,0.0,-0.18628454
18213.23,0.0,11.554451,0.0,-0.19192934
18213.43,0.0,9.277718,0.0,-0.19679308
18213.63,0.0,9.749561,0.0,-0.19656086
18213.83,0.0,12.20274,0.0,-0.1977086
18214.03,0.0,14.449287,0.0,-0.19484854
18214.23,0.0,13.640587,0.0,-0.19506407
18214.43,0.0,8.824013,0.0,-0.19217634
18214.63,0.0,6.4009094,0.0,-0.16276312
18214.83,0.0,11.1943245,0.0,-0.1839447
18215.03,0.0,10.955036,0.0,-0.18738317
18215.23,0.0,10.5233,0.0,-0.22806549
18215.43,0.0,12.7565155,0.0,-0.19373846
18215.63,0.0,13.684364,0.0,-0.1934228
18215.83,0.0,13.074261,0.0,-0.20238972
18216.03,0.0,9.448578,0.0,-0.17792892
18216.23,0.0,8.696037,0.0,-0.17559862
18216.43,0.0,9.845463,0.0,-0.19547176
18216.63,0.0,6.7107697,0.0,-0.15502834
18216.83,0.0,9.709881,0.0,-0.18826008
18217.03,0.0,13.139259,0.0,-0.18503094
18217.23,0.0,12.905449,0.0,-0.23028612
18217.43,0.0,7.5053024,0.0,-0.17565823
18217.63,0.0,9.481087,0.0,-0.1895194
18217.83,0.0,11.790108,0.0,-0.20955086
18218.03,0.0,9.557743,0.0,-0.19148588
18218.23,0.0,7.8958282,0.0,-0.1850915
18218.43,0.0,11.258228,0.0,-0.21911716
18218.63,0.0,9.061584,0.0,-0.17512989
18218.83,0.0,11.313435,0.0,-0.2010355
18219.03,0.0,7.5208435,0.0,-0.19472647
18219.23,0.0,8.081154,0.0,-0.16022062
18219.43,0.0,8.4109955,0.0,-0.18024492
18219.63,0.0,7.2885666,0.0,-0.12799406
18219.83,0.0,8.496162,0.0,-0.17608452
18220.03,0.0,11.804993,0.0,-0.18382454
18220.23,0.0,11.81086,0.0,-0.19873095
18220.43,0.0,10.998737,0.0,-0.18558598
18220.63,0.0,6.3885117,0.0,-0.15049267
18220.83,0.0,7.526367,0.0,-0.16218853
18221.03,0.0,9.415932,0.0,-0.20045233
18221.23,0.0,10.963551,0.0,-0.18612146
18221.43,0.0,12.442024,0.0,-0.21581316
18221.63,0.0,7.929756,0.0,-0.18495369
18221.83,0.0,6.9865265,0.0,-0.13571644
18222.03,0.0,9.592201,0.0,-0.18858767
18222.23,0.0,9.12352,0.0,-0.15407515
18222.43,0.0,9.066559,0.0,-0.18135834
18222.63,0.0,12.128769,0.0,-0.17744684
18222.83,0.0,14.728615,0.0,-0.19443607
18223.03,0.0,13.297577,0.0,-0.20079947
18223.23,0.0,8.130508,0.0,-0.18594408
18223.43,0.0,9.742672,0.0,-0.1589303
18223.63,0.0,14.20985,0.0,-0.22437525
18223.83,0.0,8.759468,0.0,-0.17507172
18224.03,0.0,10.22102,0.0,-0.16599083
18224.23,0.0,8.767342,0.0,-0.17983246
18224.43,0.0,8.856537,0.0,-0.1518979
18224.63,0.0,8.213409,0.0,-0.16772604
18224.83,0.0,7.251442,0.0,-0.15664387
18225.03,0.0,6.695648,0.0,-0.08860302
18225.23,0.0,10.277958,0.0,-0.19812632
18225.43,0.0,8.404076,0.0,-0.13416815
18225.63,0.0,7.606064,0.0,-0.1210475
18225.83,0.0,9.75602,0.0,-0.15068865
18226.03,0.0,9.394932,0.0,-0.18849802
18226.23,0.0,10.270424,0.0,-0.15829325
18226.43,0.0,9.618038,0.0,-0.14761925
18226.63,0.0,7.326393,0.0,0.028023958
18226.83,0.0,6.2769165,0.0,-0.039731503
18227.03,0.0,8.992043,0.0,-0.10309172
18227.23,0.0,11.646164,0.0,-0.19196987
18227.43,0.0,10.278275,0.0,-0.1426549
18227.63,0.0,12.559082,0.0,-0.16933966
18227.83,0.0,12.405407,0.0,-0.11532831
18228.03,0.0,6.782379,0.0,0.031943083
18228.23,0.0,7.46064,0.0,0.017006636
18228.43,0.0,9.191673,0.0,-0.08666277
18228.63,0.0,8.992485,0.0,-0.06623793
18228.83,0.0,9.439289,0.0,-0.10721207
18229.03,0.0,7.9939575,0.0,0.0042922497
18229.23,0.0,11.569614,0.0,0.0006670952
18229.43,0.0,9.920376,0.0,-0.044832468
18229.63,0.0,8.578651,0.0,0.029815197
18229.83,0.0,10.665363,0.0,-0.039199352
18230.03,0.0,12.24102,0.0,-0.07882261
18230.23,0.0,7.598175,0.0,0.041944027
18230.43,0.0,8.599312,0.0,0.08990884
18230.63,0.0,10.827755,0.0,0.012279749
18230.83,0.0,7.3174744,0.0,0.16195774
18231.03,0.0,4.2971573,0.0,0.15719819
18231.23,0.0,6.445053,0.0,0.036673784
18231.43,0.0,12.712654,0.0,-0.07950163
18231.63,0.0,11.495262,0.0,-0.10892773
18231.83,0.0,9.045692,0.0,-0.01854539
18232.03,0.0,12.085297,0.0,-0.020456314
18232.23,0.0,14.416866,0.0,-0.06241846
18232.43,0.0,7.7176666,0.0,0.13599014
18232.63,0.0,6.980751,0.0,0.24621725
18232.83,0.0,8.202446,0.0,0.36517859
18233.03,0.0,7.14814,0.0,0.04223275
18233.23,0.0,9.782581,0.0,0.1944592
18233.43,0.0,3.4358292,0.0,0.36029172
18233.63,0.0,4.2213745,0.0,0.58906746
18233.83,0.0,7.071808,0.0,0.29350924
18234.03,0.0,5.775772,0.0,0.30567265
18234.23,0.0,8.809471,0.0,0.3991382
18234.43,0.0,11.9268875,0.0,0.06665969
18234.63,0.0,10.137337,0.0,0.41187143
18234.83,0.0,8.932663,0.0,0.23075771
18235.03,0.0,7.12249,0.0,0.8209243
18235.23,0.0,9.432766,0.0,0.49142718
18235.43,0.0,7.660492,0.0,0.5738301
18235.63,0.0,6.582695,0.0,0.78520346
18235.83,0.0,13.763233,0.0,0.71415305
18236.03,0.0,10.295113,0.0,1.344712
18236.23,0.0,6.1159363,0.0,0.6764233
18236.43,0.0,8.867683,0.0,0.7621937
18236.63,0.0,8.103073,0.0,1.0275269
18236.83,0.0,9.009254,0.0,0.83968353
18237.03,0.0,9.466148,0.0,0.7142458
18237.23,0.0,5.843025,0.0,0.89826155
18237.43,0.0,9.24511,0.0,1.1228018
18237.63,0.0,6.3443756,0.0,0.48457265
18237.83,0.0,3.2531586,0.0,2.0351176
18238.03,0.0,8.84259,0.0,1.9555303
18238.23,0.0,7.255226,0.0,1.8183229
18238.43,0.0,5.971756,0.0,2.012888
18238.63,0.0,9.197624,0.0,1.9857569
18238.83,0.0,9.719452,0.0,2.172068
18239.03,0.0,4.389374,0.0,1.7662704
18239.23,0.0,6.0782013,0.0,2.5828984
18239.43,0.0,4.4985046,0.0,1.7111459
18239.63,0.0,6.360924,0.0,2.284839
18239.83,0.0,4.7975235,0.0,1.4242475
18240.03,0.0,9.446678,0.0,1.4663963
18240.23,0.0,6.3898697,0.0,1.7378302
18240.43,0.0,8.356636,0.0,1.8151116
18240.63,0.0,5.6056366,0.0,2.350192
18240.83,0.0,6.1112976,0.0,1.514782
18241.03,0.0,13.38356,0.0,0.8635638
18241.23,0.0,8.86129,0.0,1.7126284
18241.43,0.0,4.5774536,0.0,2.1512945
18241.63,0.0,7.956581,0.0,2.4013658
18241.83,0.0,10.183659,0.0,2.6466045
18242.03,0.0,4.616188,0.0,3.1406846
18242.23,0.0,7.3583527,0.0,2.5061374
18242.43,0.0,7.0361633,0.0,3.0250912
18242.63,0.0,7.4479446,0.0,3.1104631
18242.83,0.0,6.083519,0.0,3.078022
18243.03,0.0,2.0771255,0.0,3.474795
18243.23,0.0,1.6282883,0.0,2.9468508
18243.43,0.0,3.1263351,0.0,3.4966874
18243.63,0.0,6.479912,0.0,3.1512005
18243.83,0.0,9.040024,0.0,3.1531367
18244.03,0.0,8.4739685,0.0,3.2347183
18244.23,0.0,6.6867523,0.0,3.7034404
18244.43,0.0,5.7867584,0.0,2.7455416
18244.63,0.0,1.3629532,0.0,4.2258253
18244.83,0.0,2.7605438,0.0,4.1528916
18245.03,0.0,3.9447403,0.0,3.8999257
18245.23,0.0,8.960747,0.0,3.4128017
18245.43,0.0,10.648712,0.0,2.3720965
18245.63,0.0,3.6905212,0.0,3.640633
18245.83,0.0,2.3879623,0.0,3.098208
18246.03,0.0,3.52565,0.0,3.847969
18246.23,0.0,6.2636642,0.0,3.5642745
18246.43,0.0,4.551796,0.0,3.7401466
18246.63,0.0,3.0639725,0.0,4.052547
18246.83,0.0,6.4040604,0.0,4.940141
18247.03,0.0,4.008011,0.0,4.3324757
18247.23,0.0,5.6674957,0.0,3.8913214
18247.43,0.0,6.0677795,0.0,3.9090831
18247.63,0.0,1.8029709,0.0,4.0070143
18247.83,0.0,3.9549942,0.0,3.915385
18248.03,0.0,3.9821854,0.0,4.7713914
18248.23,0.0,4.140892,0.0,3.308754
18248.43,0.0,4.53125,0.0,3.3234618
18248.63,0.0,4.465828,0.0,4.140237
18248.83,0.0,2.2279434,0.0,4.017286
18249.03,0.0,1.8406906,0.0,4.4764795
18249.23,0.0,3.648079,0.0,5.307864
18249.43,0.0,7.530998,0.0,4.9754953
18249.63,0.0,5.765976,0.0,3.3642023
18249.83,0.0,6.101715,0.0,3.9935014
18250.03,0.0,7.3792114,0.0,4.9941163
18250.23,0.0,3.5752182,0.0,5.6467247
18250.43,0.0,1.27845,0.0,4.7943916
18250.63,0.0,3.7477722,0.0,4.827777
18250.83,0.0,5.4310074,0.0,4.9619823
18251.03,0.0,2.9353027,0.0,4.5485663
18251.23,0.0,2.8029022,0.0,4.8414884
18251.43,0.0,4.596237,0.0,4.761273
18251.63,0.0,7.3143845,0.0,5.216426
18251.83,0.0,0.9969559,0.0,3.8211613
18252.03,0.0,1.2648163,0.0,5.2188888
18252.23,0.0,2.9230118,0.0,4.819038
18252.43,0.0,2.3565598,0.0,5.041994
18252.63,0.0,1.4614487,0.0,5.032258
18252.83,0.0,7.1219406,0.0,5.6055326
18253.03,0.0,3.2711182,0.0,4.919657
18253.23,0.0,3.337059,0.0,5.337438
18253.43,0.0,2.6200485,0.0,5.549247
18253.63,0.0,2.9012756,0.0,6.180361
18253.83,0.0,3.5449219,0.0,5.2424974
18254.03,0.0,2.5674286,0.0,4.367232
18254.23,0.0,1.4665451,0.0,4.5839205
18254.43,0.0,2.6010513,0.0,5.503861
18254.63,0.0,3.4806442,0.0,4.609563
18254.83,0.0,0.6041031,0.0,5.2232695
18255.03,0.0,4.450737,0.0,5.793375
18255.23,0.0,1.1713028,0.0,5.346789
18255.43,0.0,0.42707062,0.0,5.948925
18255.63,0.0,2.3341064,0.0,5.785389
18255.83,0.0,0.88570404,0.0,5.2694893
18256.03,0.0,-0.3330536,0.0,5.128561
18256.23,0.0,1.9942245,0.0,6.266737
18256.43,0.0,1.9162903,0.0,5.300065
18256.63,0.0,1.7277908,0.0,5.105741
18256.83,0.0,0.90553284,0.0,5.49085
18257.03,0.0,1.9647751,0.0,4.5197635
18257.23,0.0,-0.8535919,0.0,4.585177
18257.43,0.0,-2.4745026,0.0,4.864157
18257.63,0.0,-1.4877853,0.0,4.9524956
18257.83,0.0,0.30835724,0.0,4.98981
18258.03,0.0,1.3737411,0.0,4.571855
18258.23,0.0,-0.8986664,0.0,5.0674605
18258.43,0.0,-2.3986588,0.0,5.1518908
18258.63,0.0,-1.6895218,0.0,5.4805646
18258.83,0.0,-0.42478943,0.0,5.9812794
18259.03,0.0,-1.5647202,0.0,5.4980073
18259.23,0.0,-0.5319748,0.0,5.970039
18259.43,0.0,2.812233,0.0,6.0386305
18259.63,0.0,-1.5808182,0.0,5.784197
18259.83,0.0,-1.8176117,0.0,6.2007422
18260.03,0.0,0.74368286,0.0,6.227763
18260.23,0.0,-0.057022095,0.0,5.732231
18260.43,0.0,0.33190918,0.0,5.60734
18260.63,0.0,1.1344376,0.0,6.1421056
18260.83,0.0,-1.1855392,0.0,6.015789
18261.03,0.0,-0.7613754,0.0,5.796441
18261.23,0.0,-0.47260284,0.0,5.6067324
18261.43,0.0,0.30112457,0.0,5.598066
18261.63,0.0,-0.037231445,0.0,5.5631227
18261.83,0.0,1.6419296,0.0,6.151099
18262.03,0.0,-0.7779083,0.0,6.050827
18262.23,0.0,-1.6737747,0.0,5.32293
18262.43,0.0,0.16529083,0.0,5.546407
18262.63,0.0,-2.5902252,0.0,5.374376
18262.83,0.0,-2.1634598,0.0,5.852703
18263.03,0.0,-2.1274567,0.0,5.973354
18263.23,0.0,-2.831932,0.0,5.8955126
18263.43,0.0,0.43434143,0.0,6.302429
18263.63,0.0,-2.2011414,0.0,5.6963587
18263.83,0.0,-3.031105,0.0,5.791175
18264.03,0.0,-1.8290634,0.0,5.7995
18264.23,0.0,-2.5912476,0.0,6.287282
18264.43,0.0,-0.9469681,0.0,6.1768656
18264.63,0.0,-0.11104584,0.0,6.21587
18264.83,0.0,-2.532402,0.0,5.9801264
18265.03,0.0,-3.617752,0.0,5.433709
18265.23,0.0,-3.4887848,0.0,5.8390493
18265.43,0.0,-2.1212463,0.0,5.810236
18265.63,0.0,-1.2070923,0.0,6.2631207
18265.83,0.0,-2.3158035,0.0,5.3345327
18266.03,0.0,-3.4526825,0.0,4.900131
18266.23,0.0,-2.709076,0.0,5.6140924
18266.43,0.0,-2.7818756,0.0,5.1321516
18266.63,0.0,-2.698059,0.0,6.1368957
18266.83,0.0,-2.9197693,0.0,5.4343796
18267.03,0.0,-2.1767578,0.0,6.2610703
18267.23,0.0,-3.161789,0.0,5.512876
18267.43,0.0,-2.9713058,0.0,5.331159
18267.63,0.0,-2.2976913,0.0,5.2777877
18267.83,0.0,0.0849762,0.0,6.2420673
18268.03,0.0,-2.4278793,0.0,5.607332
18268.23,0.0,1.8115463,0.0,6.0374513
18268.43,0.0,-0.1391983,0.0,5.729335
18268.63,0.0,-3.7816849,0.0,5.760375
18268.83,0.0,-2.4612503,0.0,5.383145
18269.03,0.0,-2.3271103,0.0,5.225931
18269.23,0.0,-3.7301178,0.0,5.305911
18269.43,0.0,-4.186058,0.0,5.6482205
18269.63,0.0,-2.1274796,0.0,6.484845
18269.83,0.0,-0.63552094,0.0,5.8417244
18270.03,0.0,0.35074615,0.0,6.308634
18270.23,0.0,-3.742279,0.0,4.92424
18270.43,0.0,-1.9210663,0.0,5.6063766
18270.63,0.0,-2.4481277,0.0,4.7787614
18270.83,0.0,-3.799286,0.0,5.297844
18271.03,0.0,-2.0969849,0.0,6.2484155
18271.23,0.0,-2.136589,0.0,6.0315914
18271.43,0.0,-2.7042542,0.0,6.102372
18271.63,0.0,-4.8090515,0.0,5.181375
18271.83,0.0,-2.6977615,0.0,5.959939
18272.03,0.0,-4.40654,0.0,5.561331
18272.23,0.0,-4.299988,0.0,5.6512218
18272.43,0.0,-4.1654205,0.0,5.2972355
18272.63,0.0,-3.6313019,0.0,5.9352055
18272.83,0.0,-3.150299,0.0,5.094808
18273.03,0.0,-5.5019226,0.0,5.4662757
18273.23,0.0,-3.4756622,0.0,5.5373816
18273.43,0.0,-4.3021393,0.0,6.0247326
18273.63,0.0,-5.1986084,0.0,4.460537
18273.83,0.0,-4.2428894,0.0,5.01844
18274.03,0.0,-4.629524,0.0,5.946847
18274.23,0.0,-1.872055,0.0,6.175903
18274.43,0.0,-4.156662,0.0,5.412848
18274.63,0.0,-3.7123718,0.0,5.636071
18274.83,0.0,-3.365425,0.0,4.8054686
18275.03,0.0,-3.7566986,0.0,5.401606
18275.23,0.0,-4.904358,0.0,5.577878
18275.43,0.0,-4.909546,0.0,5.0191407
18275.63,0.0,-3.953453,0.0,6.0755234
18275.83,0.0,-2.2217865,0.0,5.830679
18276.03,0.0,-4.688957,0.0,5.835435
18276.23,0.0,-5.2108154,0.0,5.616457
18276.43,0.0,-1.7713623,0.0,6.4943056
18276.63,0.0,-2.5157318,0.0,5.5779014
18276.83,0.0,-4.5989914,0.0,5.783221
18277.03,0.0,-5.766083,0.0,5.1614037
18277.23,0.0,-3.271202,0.0,5.7943892
18277.43,0.0,-4.0648956,0.0,5.7482996
18277.63,0.0,-5.2882004,0.0,5.3698807
18277.83,0.0,-5.959244,0.0,5.24045
18278.03,0.0,-5.7469254,0.0,5.1552567
18278.23,0.0,-5.5543823,0.0,4.9146028
18278.43,0.0,-3.1790085,0.0,5.6335154
18278.63,0.0,-4.4236374,0.0,5.2921686
18278.83,0.0,-4.779442,0.0,5.4765162
18279.03,0.0,-5.2067566,0.0,5.154052
18279.23,0.0,-4.7915573,0.0,4.872185
18279.43,0.0,-4.2075424,0.0,5.588592
18279.63,0.0,-3.9287033,0.0,5.0974627
18279.83,0.0,-4.3354034,0.0,5.461116
18280.03,0.0,-4.1717834,0.0,5.478957
18280.23,0.0,-4.201233,0.0,4.758129
18280.43,0.0,-5.3884125,0.0,5.6285
18280.63,0.0,-5.0534744,0.0,5.8780193
18280.83,0.0,-5.4383926,0.0,6.20759
18281.03,0.0,-5.328079,0.0,5.659766
18281.23,0.0,-3.09346,0.0,5.739062
18281.43,0.0,-5.167244,0.0,5.105507
18281.63,0.0,-4.2039948,0.0,5.3094964
18281.83,0.0,-3.9130783,0.0,4.933017
18282.03,0.0,-3.22538,0.0,6.082101
18282.23,0.0,-3.0553894,0.0,5.554483
18282.43,0.0,-4.860527,0.0,4.891539
18282.63,0.0,-4.50148,0.0,5.723321
18282.83,0.0,-3.8508682,0.0,4.76005
18283.03,0.0,-3.5614548,0.0,5.256222
18283.23,0.0,-4.883774,0.0,5.799589
18283.43,0.0,-4.557205,0.0,6.0901327
18283.63,0.0,-4.2814636,0.0,5.57113
18283.83,0.0,-1.3759995,0.0,6.11835
18284.03,0.0,-4.149399,0.0,4.9696474
18284.23,0.0,-5.138672,0.0,5.631218
18284.43,0.0,-6.354843,0.0,5.3842697
18284.63,0.0,-5.420868,0.0,5.4852614
18284.83,0.0,-4.6721954,0.0,5.9994354
18285.03,0.0,-4.1984406,0.0,5.3299246
18285.23,0.0,-3.7482758,0.0,5.3295107
18285.43,0.0,-4.53627,0.0,4.81393
18285.63,0.0,-5.0842133,0.0,4.917906
18285.83,0.0,-4.0753555,0.0,3.7168155
18286.03,0.0,-3.4724197,0.0,4.3426843
18286.23,0.0,-3.6831894,0.0,5.0867558
18286.43,0.0,-6.158516,0.0,5.004303
18286.63,0.0,-3.0503616,0.0,4.5842285
18286.83,0.0,-4.584831,0.0,3.9887369
18287.03,0.0,-5.824463,0.0,4.915617
18287.23,0.0,-4.598633,0.0,5.213933
18287.43,0.0,-5.611656,0.0,4.8646426
18287.63,0.0,-4.8269577,0.0,5.598636
18287.83,0.0,-2.608345,0.0,5.2715697
18288.03,0.0,-4.410759,0.0,5.2473397
18288.23,0.0,-5.7198563,0.0,5.285203
18288.43,0.0,-5.729126,0.0,4.8156366
18288.63,0.0,-3.9110794,0.0,3.7205951
18288.83,0.0,-5.1667404,0.0,5.1191216
18289.03,0.0,-5.322876,0.0,5.5218678
18289.23,0.0,-5.143814,0.0,5.11427
18289.43,0.0,-4.22847,0.0,5.419416
18289.63,0.0,-5.4822693,0.0,5.091929
18289.83,0.0,-4.2863693,0.0,3.9908822
18290.03,0.0,-4.0231094,0.0,3.7441504
18290.23,0.0,-5.487526,0.0,5.30447
18290.43,0.0,-5.75264,0.0,4.7080917
18290.63,0.0,-4.3122025,0.0,5.6464434
18290.83,0.0,-4.963417,0.0,4.93176
18291.03,0.0,-4.7415466,0.0,3.8606644
18291.23,0.0,-5.466301,0.0,5.033915
18291.43,0.0,-5.957344,0.0,5.8604174
18291.63,0.0,-6.660454,0.0,5.5011725
18291.83,0.0,-5.0392914,0.0,5.723669
18292.03,0.0,-5.373314,0.0,5.879915
18292.23,0.0,-5.8319473,0.0,4.925004
18292.43,0.0,-6.288666,0.0,5.43895
18292.63,0.0,-5.542488,0.0,4.7962437
18292.83,0.0,-6.6929016,0.0,4.7656794
18293.03,0.0,-5.9670105,0.0,4.6242247
18293.23,0.0,-6.030258,0.0,5.6109424
18293.43,0.0,-4.452324,0.0,5.032859
18293.63,0.0,-4.6071243,0.0,4.878619
18293.83,0.0,-5.8801727,0.0,4.4579716
18294.03,0.0,-4.121887,0.0,3.9807274
18294.23,0.0,-5.877327,0.0,5.2624135
18294.43,0.0,-5.9614944,0.0,5.2408223
18294.63,0.0,-5.442215,0.0,4.9242935
18294.83,0.0,-6.073082,0.0,5.754762
18295.03,0.0,-5.021469,0.0,4.2651873
18295.23,0.0,-6.351097,0.0,4.701974
18295.43,0.0,-4.8658295,0.0,4.6794033
18295.63,0.0,-4.38414,0.0,5.0063343
18295.83,0.0,-6.9239426,0.0,5.6550727
18296.03,0.0,-4.806427,0.0,4.9691505
18296.23,0.0,-6.6012726,0.0,5.1807575
18296.43,0.0,-4.902664,0.0,4.973746
18296.63,0.0,-5.6261444,0.0,4.2571893
18296.83,0.0,-6.611389,0.0,4.6950655
18297.03,0.0,-5.007019,0.0,4.6651254
18297.23,0.0,-5.788559,0.0,5.291915
18297.43,0.0,-4.8424606,0.0,4.9782214
18297.63,0.0,-5.5573044,0.0,5.5086894
18297.83,0.0,-6.5006866,0.0,5.205223
18298.03,0.0,-4.8306503,0.0,5.649234
18298.23,0.0,-5.0700684,0.0,5.0460277
18298.43,0.0,-7.069313,0.0,5.216893
18298.63,0.0,-6.5880814,0.0,5.2927837
18298.83,0.0,-5.6458664,0.0,4.0705433
18299.03,0.0,-5.998375,0.0,5.0307517
18299.23,0.0,-5.6846695,0.0,5.507155
18299.43,0.0,-5.931694,0.0,5.259979
18299.63,0.0,-6.49559,0.0,4.90932
18299.83,0.0,-5.769623,0.0,6.217
18300.03,0.0,-5.480255,0.0,4.674441
18300.23,0.0,-7.933502,0.0,4.962702
18300.43,0.0,-6.73127,0.0,5.3889017
18300.63,0.0,-6.603241,0.0,4.47378
18300.83,0.0,-5.6447754,0.0,5.547577
18301.03,0.0,-2.9639435,0.0,3.848193
18301.23,0.0,-5.0835724,0.0,4.947227
18301.43,0.0,-6.666298,0.0,5.3636036
18301.63,0.0,-6.392555,0.0,4.6807623
18301.83,0.0,-7.2859726,0.0,5.057291
18302.03,0.0,-5.1678314,0.0,4.8332596
18302.23,0.0,-5.225685,0.0,5.5043173
18302.43,0.0,-5.720375,0.0,4.5662074
18302.63,0.0,-5.083374,0.0,4.2545505
18302.83,0.0,-3.976593,0.0,4.982911
18303.03,0.0,1.1814499,0.0,5.1852164
18303.23,0.0,-3.6220245,0.0,2.967434
18303.43,0.0,-6.306999,0.0,5.2389493
18303.63,0.0,-7.400032,0.0,4.7649784
18303.83,0.0,-6.09729,0.0,5.2329164
18304.03,0.0,-5.746353,0.0,4.5665865
18304.23,0.0,-7.141655,0.0,4.9522924
18304.43,0.0,-3.219017,0.0,3.36903
18304.63,0.0,-4.380234,0.0,3.312663
18304.83,0.0,-5.8453674,0.0,4.6542773
18305.03,0.0,-2.762642,0.0,4.0839615
18305.23,0.0,-3.419014,0.0,3.7763557
18305.43,0.0,-5.442253,0.0,5.937129
18305.63,0.0,-5.6036453,0.0,5.469366
18305.83,0.0,-6.071663,0.0,4.151946
18306.03,0.0,-5.1339417,0.0,3.2102861
18306.23,0.0,-4.7036514,0.0,5.033266
18306.43,0.0,-5.2337265,0.0,4.969158
18306.63,0.0,-4.133789,0.0,6.0984573
18306.83,0.0,-4.3216934,0.0,6.2231493
18307.03,0.0,-4.4392014,0.0,5.9499536
18307.23,0.0,-5.399582,0.0,5.092629
18307.43,0.0,-7.118904,0.0,5.3029137
18307.63,0.0,-1.9136429,0.0,3.0987701
18307.83,0.0,-5.9198227,0.0,5.724616
18308.03,0.0,-6.835373,0.0,5.2928696
18308.23,0.0,-7.2407303,0.0,4.9464545
18308.43,0.0,-5.035286,0.0,5.245072
18308.63,0.0,-5.1550446,0.0,5.2150164
18308.83,0.0,-6.0982895,0.0,4.325727
18309.03,0.0,-6.557686,0.0,5.6182537
18309.23,0.0,-7.218231,0.0,5.466983
18309.43,0.0,-4.2581406,0.0,5.0769906
18309.63,0.0,-5.218384,0.0,6.147131
18309.83,0.0,-4.682213,0.0,5.9195476
18310.03,0.0,-6.1475983,0.0,6.2985964
18310.23,0.0,-6.558731,0.0,5.375369
18310.43,0.0,-5.5314865,0.0,4.0887403
18310.63,0.0,-4.3000717,0.0,4.8784914
18310.83,0.0,-5.2500153,0.0,5.740775
18311.03,0.0,-7.1355057,0.0,5.5637054
18311.23,0.0,-4.6511536,0.0,3.8332124
18311.43,0.0,-4.209648,0.0,3.95618
18311.63,0.0,-5.3460693,0.0,5.221786
18311.83,0.0,-4.030426,0.0,4.113288
18312.03,0.0,-3.706871,0.0,4.668933
18312.23,0.0,-4.2112885,0.0,4.812414
18312.43,0.0,-7.104805,0.0,5.6773133
18312.63,0.0,-5.90419,0.0,3.579604
18312.83,0.0,-5.276207,0.0,4.0861497
18313.03,0.0,-4.0070953,0.0,5.1283684
18313.23,0.0,-5.126831,0.0,5.699302
18313.43,0.0,-3.5409546,0.0,3.38234
18313.63,0.0,-5.659073,0.0,4.732708
18313.83,0.0,-3.1959534,0.0,4.7878857
18314.03,0.0,-3.196968,0.0,3.7930095
18314.23,0.0,-2.915657,0.0,4.0446486
18314.43,0.0,-5.1588516,0.0,3.178234
18314.63,0.0,-5.0722046,0.0,3.7759938
18314.83,0.0,-2.1956863,0.0,2.9488382
18315.03,0.0,-6.4644547,0.0,5.047019
18315.23,0.0,-4.731201,0.0,4.3982153
18315.43,0.0,-4.358055,0.0,3.5987604
18315.63,0.0,-3.303299,0.0,3.0612893
18315.83,0.0,-3.3069382,0.0,5.349537
18316.03,0.0,-4.9457855,0.0,3.8801727
18316.23,0.0,-5.4690857,0.0,5.501968
18316.43,0.0,-5.994217,0.0,4.3859825
18316.63,0.0,-6.0101547,0.0,4.2801847
18316.83,0.0,-2.9950638,0.0,2.6220603
18317.03,0.0,-5.0955353,0.0,4.1036267
18317.23,0.0,-3.5428467,0.0,4.1825585
18317.43,0.0,-3.4184647,0.0,5.4973564
18317.63,0.0,-4.2004547,0.0,3.250484
18317.83,0.0,-6.406639,0.0,4.5987525
18318.03,0.0,-4.8772125,0.0,4.9405503
18318.23,0.0,-5.599701,0.0,4.8016753
18318.43,0.0,-2.8961563,0.0,4.0247803
18318.63,0.0,-5.7994385,0.0,5.8965807
18318.83,0.0,-6.4744034,0.0,5.6157856
18319.03,0.0,-5.6343155,0.0,4.989977
18319.23,0.0,-4.392029,0.0,4.380001
18319.43,0.0,-6.2823334,0.0,5.069933
18319.63,0.0,-5.2241745,0.0,7.631894
18319.83,0.0,-4.387169,0.0,2.8996367
18320.03,0.0,-4.3387833,0.0,5.114225
18320.23,0.0,-5.235794,0.0,6.6187344
18320.43,0.0,-5.4759216,0.0,4.874198
18320.63,0.0,-4.5838623,0.0,4.1095037
18320.83,0.0,-3.9944992,0.0,6.513509
18321.03,0.0,-4.3754883,0.0,4.7199316
18321.23,0.0,-2.7063522,0.0,6.205319
18321.43,0.0,-5.201828,0.0,5.5445814
18321.63,0.0,-5.5583267,0.0,5.931554
18321.83,0.0,-6.0686493,0.0,4.8178287
18322.03,0.0,-6.9752274,0.0,5.5995884
18322.23,0.0,-4.0307007,0.0,4.6250796
18322.43,0.0,-5.8037033,0.0,4.939418
18322.63,0.0,-3.435379,0.0,4.18338
18322.83,0.0,-5.02623,0.0,5.928501
18323.03,0.0,-4.8017654,0.0,5.44542
18323.23,0.0,-5.5229874,0.0,6.3670797
18323.43,0.0,-4.3732224,0.0,3.8880932
18323.63,0.0,-4.721039,0.0,6.044561
18323.83,0.0,-4.6812134,0.0,3.6411724
18324.03,0.0,-4.0533676,0.0,4.007536
18324.23,0.0,-5.115677,0.0,4.6802044
18324.43,0.0,-6.704651,0.0,6.1381607
18324.63,0.0,-5.631218,0.0,5.996792
18324.83,0.0,-5.1393127,0.0,5.780019
18325.03,0.0,-5.4945526,0.0,6.5586815
18325.23,0.0,-4.2585297,0.0,6.874042
18325.43,0.0,-3.3434753,0.0,3.227847
18325.63,0.0,-6.416954,0.0,6.514771
18325.83,0.0,-4.552513,0.0,6.0523863
18326.03,0.0,-4.7193146,0.0,3.5128725
18326.23,0.0,-5.7428894,0.0,4.257305
18326.43,0.0,-5.4177322,0.0,6.2832594
18326.63,0.0,-2.9121323,0.0,5.0097766
18326.83,0.0,-3.5285416,0.0,6.176483
18327.03,0.0,-3.4403152,0.0,5.82198
18327.23,0.0,-5.1471024,0.0,5.846463
18327.43,0.0,-5.1907654,0.0,5.1165156
18327.63,0.0,-4.4712524,0.0,6.7306547
18327.83,0.0,-3.4320602,0.0,4.578366
18328.03,0.0,-5.1812363,0.0,7.6617928
18328.23,0.0,-4.6644287,0.0,4.4859586
18328.43,0.0,-4.966629,0.0,5.7554255
18328.63,0.0,-3.3827744,0.0,7.9063344
18328.83,0.0,-4.680977,0.0,7.5650387
18329.03,0.0,-5.726303,0.0,6.163237
18329.23,0.0,-2.5520782,0.0,4.006008
18329.43,0.0,-4.3408737,0.0,5.990385
18329.63,0.0,-4.3979645,0.0,7.2589397
18329.83,0.0,-6.637184,0.0,6.9950466
18330.03,0.0,-7.7603073,0.0,6.4948673
18330.23,0.0,-5.655014,0.0,7.486783
18330.43,0.0,-0.9680176,0.0,3.8729765
18330.63,0.0,-2.6329193,0.0,4.127127
18330.83,0.0,-4.3163986,0.0,3.8973162
18331.03,0.0,-6.2735443,0.0,6.0352325
18331.23,0.0,-6.339958,0.0,6.4346905
18331.43,0.0,-4.9268723,0.0,5.103899
18331.63,0.0,-4.1499557,0.0,4.8755574
18331.83,0.0,-4.960289,0.0,5.5818825
18332.03,0.0,-3.7560272,0.0,3.9713461
18332.23,0.0,-2.9214554,0.0,4.32491
18332.43,0.0,-2.6499557,0.0,2.4761992
18332.63,0.0,-5.4993134,0.0,6.280328
18332.83,0.0,-6.0456467,0.0,7.222043
18333.03,0.0,-3.9532776,0.0,2.5949254
18333.23,0.0,-2.698349,0.0,4.1103096
18333.43,0.0,-3.727745,0.0,6.2045774
18333.63,0.0,-4.596718,0.0,4.9439025
18333.83,0.0,-5.6906204,0.0,5.6335034
18334.03,0.0,-3.7338486,0.0,3.8422759
18334.23,0.0,-5.525177,0.0,7.277589
18334.43,0.0,-5.29937,0.0,7.353801
18334.63,0.0,-2.5879288,0.0,4.3082776
18334.83,0.0,-4.5401382,0.0,5.2163095
18335.03,0.0,-6.119377,0.0,7.4123797
18335.23,0.0,-6.0631256,0.0,5.153224
18335.43,0.0,-5.603691,0.0,5.5830536
18335.63,0.0,-4.7168274,0.0,7.0956516
18335.83,0.0,-4.2250137,0.0,6.7538385
18336.03,0.0,-4.7373123,0.0,7.6802597
18336.23,0.0,-3.961113,0.0,5.1900873
18336.43,0.0,-4.883095,0.0,6.4333
18336.63,0.0,-4.5961914,0.0,7.794838
18336.83,0.0,-2.457016,0.0,6.825018
18337.03,0.0,-1.2692184,0.0,3.0693238
18337.23,0.0,-6.1861954,0.0,7.597316
18337.43,0.0,-5.78611,0.0,6.243062
18337.63,0.0,-4.105942,0.0,4.922549
18337.83,0.0,-5.174988,0.0,5.698309
18338.03,0.0,-4.69265,0.0,7.016849
18338.23,0.0,-3.9648209,0.0,5.6851535
18338.43,0.0,-5.1385574,0.0,6.8670864
18338.63,0.0,-2.5040588,0.0,4.490834
18338.83,0.0,-4.4628143,0.0,6.1234565
18339.03,0.0,-5.595436,0.0,5.813382
18339.23,0.0,-5.9101105,0.0,7.17511
18339.43,0.0,-4.5201645,0.0,6.6832776
18339.63,0.0,-4.102768,0.0,4.7482076
18339.83,0.0,-2.3593445,0.0,3.4362578
18340.03,0.0,-2.5781784,0.0,4.982392
18340.23,0.0,-3.6890793,0.0,6.198522
18340.43,0.0,-4.6567917,0.0,4.7696424
18340.63,0.0,-2.7471695,0.0,7.9999957
18340.83,0.0,-3.8797073,0.0,4.5578094
18341.03,0.0,-2.6700363,0.0,4.317476
18341.23,0.0,-2.7229614,0.0,2.4193752
18341.43,0.0,-3.4917068,0.0,3.8485384
18341.63,0.0,-5.3085938,0.0,6.1019735
18341.83,0.0,-4.1876755,0.0,6.565666
18342.03,0.0,-5.0794983,0.0,8.823382
18342.23,0.0,-5.0765076,0.0,5.744937
18342.43,0.0,-5.429657,0.0,5.334665
18342.63,0.0,-3.9470978,0.0,6.9466834
18342.83,0.0,-2.9837036,0.0,5.2877517
18343.03,0.0,-6.6283035,0.0,8.630827
18343.23,0.0,-3.514473,0.0,4.351977
18343.43,0.0,-4.6942673,0.0,8.096397
18343.63,0.0,-1.9807816,0.0,4.242268
18343.83,0.0,-3.948967,0.0,7.8392496
18344.03,0.0,-4.131775,0.0,4.748484
18344.23,0.0,-4.5059814,0.0,5.780077
18344.43,0.0,-4.525688,0.0,6.0313897
18344.63,0.0,-4.0598297,0.0,6.6331367
18344.83,0.0,-1.9562607,0.0,5.0412607
18345.03,0.0,-5.787857,0.0,7.6339407
18345.23,0.0,-4.07164,0.0,8.349628
18345.43,0.0,-3.4258804,0.0,4.314001
18345.63,0.0,-5.3437653,0.0,6.3662596
18345.83,0.0,-2.5841522,0.0,8.99156
18346.03,0.0,-4.6783524,0.0,6.140742
18346.23,0.0,-3.9279556,0.0,6.4863462
18346.43,0.0,-4.8425446,0.0,5.515729
18346.63,0.0,-4.626114,0.0,3.3555367
18346.83,0.0,-3.129547,0.0,7.5424447
18347.03,0.0,-2.1929474,0.0,3.0517068
18347.23,0.0,-5.492317,0.0,6.9292927
18347.43,0.0,-5.833046,0.0,6.90904
18347.63,0.0,-3.4263458,0.0,6.079815
18347.83,0.0,-1.1098099,0.0,4.2117066
18348.03,0.0,-3.5321503,0.0,5.109517
18348.23,0.0,-5.09494,0.0,6.130663
18348.43,0.0,-2.96521,0.0,4.692367
18348.63,0.0,-5.129654,0.0,5.118335
18348.83,0.0,-3.6784897,0.0,6.107874
18349.03,0.0,-4.1354904,0.0,5.057868
18349.23,0.0,-4.2889023,0.0,6.4724717
18349.43,0.0,-4.0246506,0.0,5.302891
18349.63,0.0,-2.446228,0.0,3.339725
18349.83,0.0,-5.795906,0.0,8.442412
18350.03,0.0,-3.144989,0.0,5.349489
18350.23,0.0,-3.79982,0.0,6.7189837
18350.43,0.0,-6.52137,0.0,6.681147
18350.63,0.0,-3.3140335,0.0,4.834719
18350.83,0.0,-3.2301788,0.0,5.131027
18351.03,0.0,-2.0581741,0.0,5.4730687
18351.23,0.0,-0.9456024,0.0,3.7181916
18351.43,0.0,-2.912651,0.0,7.125622
18351.63,0.0,-3.7211533,0.0,4.1026673
18351.83,0.0,-3.0402985,0.0,6.264477
18352.03,0.0,-3.950676,0.0,5.4156365
18352.23,0.0,1.9382248,0.0,7.009324
18352.43,0.0,-3.297432,0.0,5.2155704
18352.63,0.0,-4.8305435,0.0,7.3822327
18352.83,0.0,-3.8499756,0.0,6.860034
18353.03,0.0,-3.9136276,0.0,6.023978
18353.23,0.0,-3.8696136,0.0,7.51116
18353.43,0.0,-4.102623,0.0,8.168201
18353.63,0.0,-5.5821,0.0,7.26941
18353.83,0.0,-6.074341,0.0,6.915703
18354.03,0.0,-5.028473,0.0,8.939107
18354.23,0.0,-5.240303,0.0,8.042818
18354.43,0.0,-3.6797485,0.0,3.912418
18354.63,0.0,-7.111084,0.0,6.627162
18354.83,0.0,-3.9731216,0.0,8.120785
18355.03,0.0,-3.1363907,0.0,6.565016
18355.23,0.0,-3.5937958,0.0,5.671626
18355.43,0.0,-5.970566,0.0,5.930527
18355.63,0.0,-2.1431732,0.0,3.5707748
18355.83,0.0,-3.2362213,0.0,5.043735
18356.03,0.0,-2.7678604,0.0,6.4257474
18356.23,0.0,-3.708702,0.0,6.4675417
18356.43,0.0,-4.7993927,0.0,8.317617
18356.63,0.0,-3.0608368,0.0,3.5126376
18356.83,0.0,-1.275322,0.0,5.0554667
18357.03,0.0,-3.6485748,0.0,5.621006
18357.23,0.0,-2.5124512,0.0,7.7348113
18357.43,0.0,-2.585518,0.0,5.215409
18357.63,0.0,-3.7948608,0.0,7.8681426
18357.83,0.0,-3.508049,0.0,4.4446316
18358.03,0.0,-5.2602158,0.0,5.8189774
18358.23,0.0,-4.1486435,0.0,8.122347
18358.43,0.0,-3.4067764,0.0,7.3430977
18358.63,0.0,-2.5600586,0.0,6.5573893
18358.83,0.0,-4.453499,0.0,5.0808163
18359.03,0.0,-2.884613,0.0,5.5206685
18359.23,0.0,-3.9128418,0.0,7.9558687
18359.43,0.0,-1.3721924,0.0,4.725701
18359.63,0.0,-1.3474426,0.0,4.8784637
18359.83,0.0,2.6550064,0.0,10.142315
18360.03,0.0,-3.4648514,0.0,4.6136575
18360.23,0.0,-3.5844574,0.0,4.6825414
18360.43,0.0,-3.0403976,0.0,6.957857
18360.63,0.0,-2.7355957,0.0,8.99773
18360.83,0.0,-5.077568,0.0,7.620695
18361.03,0.0,-4.35688,0.0,5.908456
18361.23,0.0,-2.7446976,0.0,6.324232
18361.43,0.0,12.661034,0.0,6.7068543
18361.63,0.0,-5.6890945,0.0,8.361614
18361.83,0.0,-4.227173,0.0,6.494643
18362.03,0.0,-5.8142166,0.0,7.5710297
18362.23,0.0,-3.0383606,0.0,5.302799
18362.43,0.0,-4.644417,0.0,6.684755
18362.63,0.0,-2.0297546,0.0,4.8888617
18362.83,0.0,-2.8806686,0.0,8.724508
18363.03,0.0,-4.932068,0.0,6.5645638
18363.23,0.0,-1.5075531,0.0,5.5022283
18363.43,0.0,-0.96673584,0.0,3.949109
18363.63,0.0,-1.4561615,0.0,3.6549149
18363.83,0.0,-2.1020508,0.0,6.779293
18364.03,0.0,-1.5124359,0.0,6.8263
18364.23,0.0,-1.118721,0.0,5.36247
18364.43,0.0,-0.6390152,0.0,7.8068886
18364.63,0.0,-2.085373,0.0,3.0292583
18364.83,0.0,-2.8657074,0.0,6.329579
18365.03,0.0,-3.7358475,0.0,5.762786
18365.23,0.0,-4.949959,0.0,7.0139713
18365.43,0.0,-2.3150406,0.0,4.7742567
18365.63,0.0,-2.2447128,0.0,3.667748
18365.83,0.0,-0.98013306,0.0,5.5763383
18366.03,0.0,-1.8471603,0.0,2.1926103
18366.23,0.0,-3.2335663,0.0,4.859437
18366.43,0.0,-3.174591,0.0,3.643952
18366.63,0.0,-5.9720306,0.0,6.312831
18366.83,0.0,-3.4108124,0.0,3.96522
18367.03,0.0,-2.1630325,0.0,6.4906044
18367.23,0.0,-0.9837265,0.0,3.9267948
18367.43,0.0,-5.8848495,0.0,8.78938
18367.63,0.0,-2.8840485,0.0,5.765863
18367.83,0.0,-2.5440826,0.0,5.0054135
18368.03,0.0,-2.41893,0.0,3.812508
18368.23,0.0,-1.9813385,0.0,4.804164
18368.43,0.0,-3.955368,0.0,3.4664102
18368.63,0.0,-5.1139984,0.0,8.982847
18368.83,0.0,-1.8408661,0.0,6.817255
18369.03,0.0,-5.7212524,0.0,8.955692
18369.23,0.0,-2.0329971,0.0,2.2950811
18369.43,0.0,-1.2321625,0.0,4.9613433
18369.63,0.0,-2.8284073,0.0,4.6138163
18369.83,0.0,-2.235405,0.0,6.142907
18370.03,0.0,-2.962822,0.0,6.24001
18370.23,0.0,-0.9375458,0.0,5.197762
18370.43,0.0,-1.9752121,0.0,5.2188177
18370.63,0.0,-2.437767,0.0,4.6088634
18370.83,0.0,-3.4949493,0.0,6.3365993
18371.03,0.0,3.1289978,0.0,7.718498
18371.23,0.0,-4.4813385,0.0,6.294454
18371.43,0.0,-1.4932098,0.0,2.8113854
18371.63,0.0,-1.7936401,0.0,9.411108
18371.83,0.0,-4.167053,0.0,8.398853
18372.03,0.0,-4.958618,0.0,8.267632
18372.23,0.0,1.1918716,0.0,4.322892
18372.43,0.0,-2.4260864,0.0,9.017116
18372.63,0.0,-0.9876175,0.0,4.2626724
18372.83,0.0,-1.970993,0.0,4.775676
18373.03,0.0,-4.3349075,0.0,8.099096
18373.23,0.0,-4.790535,0.0,10.270279
18373.43,0.0,-3.8338623,0.0,8.444726
18373.63,0.0,-1.8294601,0.0,3.1360178
18373.83,0.0,-3.7957993,0.0,5.6006947
18374.03,0.0,-3.6365128,0.0,3.2716372
18374.23,0.0,-6.2319717,0.0,7.285859
18374.43,0.0,-6.034706,0.0,6.215767
18374.63,0.0,0.35029602,0.0,10.831032
18374.83,0.0,-5.023857,0.0,4.6226635
18375.03,0.0,-2.6290894,0.0,6.0245514
18375.23,0.0,-4.7653046,0.0,6.0844026
18375.43,0.0,-5.1056213,0.0,8.470064
18375.63,0.0,-3.1409378,0.0,6.311084
18375.83,0.0,-4.624153,0.0,7.7357607
18376.03,0.0,-3.7178345,0.0,7.783306
18376.23,0.0,-3.6148834,0.0,5.8848
18376.43,0.0,-2.3368988,0.0,2.426944
18376.63,0.0,-2.146637,0.0,5.481843
18376.83,0.0,-2.8540878,0.0,5.676871
18377.03,0.0,-2.9723434,0.0,3.8604317
18377.23,0.0,-5.4069443,0.0,5.384851
18377.43,0.0,-3.678215,0.0,6.2502203
18377.63,0.0,-6.802109,0.0,8.238634
18377.83,0.0,-3.2422333,0.0,7.3998938
18378.03,0.0,-1.1642227,0.0,8.238548
18378.23,0.0,-1.894577,0.0,6.6296344
18378.43,0.0,-3.4189377,0.0,6.248354
18378.63,0.0,-5.1380997,0.0,7.624153
18378.83,0.0,-2.0714645,0.0,6.367566
18379.03,0.0,0.11236572,0.0,6.553692
18379.23,0.0,-3.1927795,0.0,8.297212
18379.43,0.0,-4.703499,0.0,8.283411
18379.63,0.0,-2.9321213,0.0,5.1080875
18379.83,0.0,-5.56604,0.0,7.842643
18380.03,0.0,-5.59713,0.0,7.8321953
18380.23,0.0,-4.474701,0.0,8.062148
18380.43,0.0,-2.0649796,0.0,4.336693
18380.63,0.0,-1.6955261,0.0,8.635862
18380.83,0.0,-1.7177505,0.0,5.119589
18381.03,0.0,-2.063301,0.0,6.334341
18381.23,0.0,-4.0542374,0.0,5.2895527
18381.43,0.0,-6.806572,0.0,8.137604
18381.63,0.0,-2.4586105,0.0,7.9557467
18381.83,0.0,-0.12960815,0.0,4.7993875
18382.03,0.0,-3.4520035,0.0,2.8258886
18382.23,0.0,-3.0742035,0.0,6.675899
18382.43,0.0,-4.4206696,0.0,6.9972954
18382.63,0.0,-5.1641006,0.0,8.521011
18382.83,0.0,-3.626381,0.0,10.775246
18383.03,0.0,-4.8126297,0.0,7.045955
18383.23,0.0,-3.457512,0.0,7.28553
18383.43,0.0,-2.7231598,0.0,7.047337
18383.63,0.0,-4.4106064,0.0,4.6691513
18383.83,0.0,-5.9266434,0.0,8.253638
18384.03,0.0,-4.609833,0.0,7.9661207
18384.23,0.0,-7.262123,0.0,6.6868696
18384.43,0.0,0.42060852,0.0,3.3332624
18384.63,0.0,-2.4414902,0.0,5.501325
18384.83,0.0,-4.7470703,0.0,9.003937
18385.03,0.0,-4.403427,0.0,7.8546777
18385.23,0.0,-4.6126404,0.0,7.773056
18385.43,0.0,-1.8994751,0.0,6.7888994
18385.63,0.0,-3.247017,0.0,5.562237
18385.83,0.0,-2.6015701,0.0,8.740181
18386.03,0.0,-2.7089005,0.0,5.7008615
18386.23,0.0,-1.9003525,0.0,5.925582
18386.43,0.0,4.4067154,0.0,9.34519
18386.63,0.0,0.25401306,0.0,2.942004
18386.83,0.0,-2.3711395,0.0,7.496277
18387.03,0.0,-1.5376892,0.0,3.9926584
18387.23,0.0,-4.142807,0.0,5.166177
18387.43,0.0,-4.345772,0.0,8.933004
18387.63,0.0,-3.003151,0.0,6.8987827
18387.83,0.0,-0.577919,0.0,4.246675
18388.03,0.0,-4.1914444,0.0,7.125716
18388.23,0.0,-5.5096207,0.0,8.750101
18388.43,0.0,-1.8672256,0.0,6.089139
18388.63,0.0,-4.923332,0.0,7.0936947
18388.83,0.0,-2.1278152,0.0,7.9010744
18389.03,0.0,-5.713974,0.0,9.673943
18389.23,0.0,1.0881729,0.0,9.121101
18389.43,0.0,-5.655792,0.0,8.127288
18389.63,0.0,-0.98703,0.0,3.509694
18389.83,0.0,0.04510498,0.0,10.582077
18390.03,0.0,-3.8983536,0.0,7.356977
18390.23,0.0,-3.7418365,0.0,6.772873
18390.43,0.0,-4.1833572,0.0,10.459667
18390.63,0.0,-3.9387665,0.0,9.896212
18390.83,0.0,-5.665802,0.0,8.455531
18391.03,0.0,-4.5482025,0.0,4.9081564
18391.23,0.0,-2.2070236,0.0,7.569669
18391.43,0.0,-3.194687,0.0,9.620047
18391.63,0.0,-4.886688,0.0,8.697868
18391.83,0.0,-4.255165,0.0,7.526534
18392.03,0.0,-3.1793747,0.0,6.893506
18392.23,0.0,-5.395645,0.0,9.77549
18392.43,0.0,-4.2748566,0.0,9.361082
18392.63,0.0,-4.9421387,0.0,7.082651
18392.83,0.0,-3.0175629,0.0,8.742298
18393.03,0.0,-3.2289886,0.0,7.9578576
18393.23,0.0,-6.165596,0.0,9.981001
18393.43,0.0,-3.2479706,0.0,7.8141685
18393.63,0.0,-4.187378,0.0,6.706774
18393.83,0.0,-0.1354065,0.0,5.7175293
18394.03,0.0,-1.5738068,0.0,10.39436
18394.23,0.0,-1.7345276,0.0,6.8255424
18394.43,0.0,-3.4723663,0.0,10.053091
18394.63,0.0,-3.9506378,0.0,6.51217
18394.83,0.0,-5.0749283,0.0,10.036219
18395.03,0.0,-3.4831696,0.0,8.282719
18395.23,0.0,-3.130745,0.0,8.324688
18395.43,0.0,-3.170555,0.0,8.099808
18395.63,0.0,-4.1794357,0.0,6.467245
18395.83,0.0,-3.4304657,0.0,9.238748
18396.03,0.0,1.6528854,0.0,8.6116905
18396.23,0.0,-2.5660706,0.0,7.7345767
18396.43,0.0,-4.0213547,0.0,9.612182
18396.63,0.0,-4.48333,0.0,8.863352
18396.83,0.0,-2.0678864,0.0,7.51605
18397.03,0.0,-5.5822525,0.0,8.280748
18397.23,0.0,-2.8378677,0.0,7.8778515
18397.43,0.0,-2.849411,0.0,9.747592
18397.63,0.0,-4.3452377,0.0,6.8502913
18397.83,0.0,-3.227127,0.0,5.572897
18398.03,0.0,-1.966713,0.0,4.7612467
18398.23,0.0,-4.4168015,0.0,8.870098
18398.43,0.0,-4.909767,0.0,6.9624233
18398.63,0.0,-3.4354782,0.0,9.810242
18398.83,0.0,-3.791771,0.0,7.8451595
18399.03,0.0,-3.2689362,0.0,6.8065495
18399.23,0.0,-3.0120392,0.0,5.718069
18399.43,0.0,-2.9635391,0.0,7.2528286
18399.63,0.0,-4.5551147,0.0,7.0732126
18399.83,0.0,-2.8631287,0.0,5.194538
18400.03,0.0,-4.3337708,0.0,6.2615614
18400.23,0.0,-3.661087,0.0,11.053431
18400.43,0.0,-1.8794174,0.0,9.059172
18400.63,0.0,-4.345558,0.0,8.707316
18400.83,0.0,-0.897377,0.0,9.039637
18401.03,0.0,-5.4855804,0.0,8.004475
18401.23,0.0,-6.5111847,0.0,8.956378
18401.43,0.0,-4.673546,0.0,6.742244
18401.63,0.0,-5.2400665,0.0,9.61237
18401.83,0.0,-4.747406,0.0,8.001162
18402.03,0.0,-4.987877,0.0,7.671809
18402.23,0.0,-2.5412827,0.0,6.3008757
18402.43,0.0,-5.0433273,0.0,9.6053295
18402.63,0.0,-4.260048,0.0,8.155865
18402.83,0.0,-2.0103989,0.0,4.262109
18403.03,0.0,-2.1043777,0.0,10.265775
18403.23,0.0,-1.3914032,0.0,8.294072
18403.43,0.0,-0.68048096,0.0,1.7762744
18403.63,0.0,-3.0252151,0.0,6.004338
18403.83,0.0,-3.4631424,0.0,6.835023
18404.03,0.0,-3.0861511,0.0,4.464856
18404.23,0.0,-3.5353546,0.0,12.077887
18404.43,0.0,3.9416351,0.0,10.23101
18404.63,0.0,-0.23522949,0.0,3.6494222
18404.83,0.0,-3.9050827,0.0,7.7050734
18405.03,0.0,-3.6977997,0.0,9.819585
18405.23,0.0,-5.243019,0.0,9.784545
18405.43,0.0,-5.08712,0.0,7.260745
18405.63,0.0,-3.4212875,0.0,8.147442
18405.83,0.0,-2.487732,0.0,9.435177
18406.03,0.0,-3.05439,0.0,7.276945
18406.23,0.0,10.483452,0.0,10.305432
18406.43,0.0,-4.224121,0.0,7.3648224
18406.63,0.0,-2.8241425,0.0,10.637363
18406.83,0.0,-2.8514862,0.0,12.007282
18407.03,0.0,-1.3507233,0.0,9.377884
18407.23,0.0,-4.168785,0.0,8.754744
18407.43,0.0,-4.896866,0.0,8.814044
18407.63,0.0,-6.2316895,0.0,8.729091
18407.83,0.0,-6.064644,0.0,10.087863
18408.03,0.0,-1.3704224,0.0,8.181643
18408.23,0.0,-4.5832367,0.0,10.77972
18408.43,0.0,-6.3514404,0.0,11.172566
18408.63,0.0,-6.043808,0.0,7.8242073
18408.83,0.0,-1.3938522,0.0,3.8821144
18409.03,0.0,-0.32544708,0.0,2.5711153
18409.23,0.0,-5.1798706,0.0,7.9474654
18409.43,0.0,-6.3396454,0.0,8.27845
18409.63,0.0,-5.852806,0.0,10.431095
18409.83,0.0,-4.3996964,0.0,9.182141
18410.03,0.0,-4.7199173,0.0,9.053495
18410.23,0.0,-3.2621994,0.0,8.890009
18410.43,0.0,-3.766922,0.0,9.1770525
18410.63,0.0,-4.8968964,0.0,8.537623
18410.83,0.0,-6.9765854,0.0,10.349431
18411.03,0.0,-3.9882202,0.0,7.790031
18411.23,0.0,-4.76355,0.0,8.491334
18411.43,0.0,-4.621353,0.0,9.861878
18411.63,0.0,-4.0763702,0.0,9.180153
18411.83,0.0,-3.9080505,0.0,8.084573
18412.03,0.0,-3.9811172,0.0,9.981772
18412.23,0.0,-0.6258545,0.0,5.470022
18412.43,0.0,-4.974083,0.0,8.835411
18412.63,0.0,-3.512291,0.0,8.260273
18412.83,0.0,-3.3353577,0.0,7.2394176
18413.03,0.0,-7.9106064,0.0,8.88302
18413.23,0.0,-2.700348,0.0,6.81106
18413.43,0.0,-0.049491882,0.0,2.392336
18413.63,0.0,-4.1635437,0.0,5.748496
18413.83,0.0,-6.8664703,0.0,12.150444
18414.03,0.0,-4.128433,0.0,6.641266
18414.23,0.0,-5.487343,0.0,8.150481
18414.43,0.0,-2.7131577,0.0,10.987322
18414.63,0.0,-2.9071884,0.0,7.3498154
18414.83,0.0,-2.2495651,0.0,6.054656
18415.03,0.0,-2.9735184,0.0,3.2528448
18415.23,0.0,-5.1432114,0.0,9.38633
18415.43,0.0,-3.7385483,0.0,5.7247815
18415.63,0.0,-2.9240417,0.0,8.885138
18415.83,0.0,-3.0161285,0.0,5.9691563
18416.03,0.0,-4.661148,0.0,7.564318
18416.23,0.0,-1.6468811,0.0,4.7971816
18416.43,0.0,-5.517601,0.0,7.4967613
18416.63,0.0,-5.4840164,0.0,9.3205185
18416.83,0.0,0.012123108,0.0,11.180332
18417.03,0.0,-2.8322372,0.0,7.5253067
18417.23,0.0,-6.7331085,0.0,11.054644
18417.43,0.0,-5.196724,0.0,9.692541
18417.63,0.0,1.2280502,0.0,9.538418
18417.83,0.0,-2.5374222,0.0,6.002184
18418.03,0.0,-2.7432556,0.0,7.005811
18418.23,0.0,-6.803131,0.0,10.716152
18418.43,0.0,0.32995605,0.0,12.337069
18418.63,0.0,-5.7669067,0.0,7.3625493
18418.83,0.0,-4.1887817,0.0,8.142912
18419.03,0.0,-5.2367935,0.0,10.285981
18419.23,0.0,-2.1595917,0.0,10.485227
18419.43,0.0,-6.2594604,0.0,9.032513
18419.63,0.0,-5.988983,0.0,10.697256
18419.83,0.0,-3.940277,0.0,10.555578
18420.03,0.0,-7.9676743,0.0,8.878574
18420.23,0.0,-5.5979156,0.0,10.151028
18420.43,0.0,-5.7457504,0.0,10.057059
18420.63,0.0,-6.3578568,0.0,9.972401
18420.83,0.0,-6.811699,0.0,9.023519
18421.03,0.0,-4.9019623,0.0,9.1840725
18421.23,0.0,-5.104767,0.0,5.246478
18421.43,0.0,-5.4914246,0.0,5.8849363
18421.63,0.0,-3.085968,0.0,5.6373587
18421.83,0.0,-3.9086838,0.0,9.216007
18422.03,0.0,-3.1212082,0.0,6.2609653
18422.23,0.0,-5.4387054,0.0,8.400476
18422.43,0.0,-4.456627,0.0,3.9535148
18422.63,0.0,-4.724968,0.0,9.70701
18422.83,0.0,-2.3812256,0.0,6.080097
18423.03,0.0,-2.031311,0.0,2.7700267
18423.23,0.0,-6.2740555,0.0,9.03549
18423.43,0.0,-4.1456146,0.0,8.985203
18423.63,0.0,-7.7058716,0.0,10.293135
18423.83,0.0,-3.9300232,0.0,12.502563
18424.03,0.0,-0.8116379,0.0,11.808096
18424.23,0.0,-5.738022,0.0,9.327738
18424.43,0.0,-4.0090027,0.0,7.6597204
18424.63,0.0,-2.5592117,0.0,10.501941
18424.83,0.0,-4.5476837,0.0,6.7553844
18425.03,0.0,-5.488594,0.0,10.216663
18425.23,0.0,-6.3223877,0.0,8.981712
18425.43,0.0,-5.5674057,0.0,9.008458
18425.63,0.0,-2.8984833,0.0,10.036403
18425.83,0.0,-1.4211884,0.0,3.6953204
18426.03,0.0,-1.7571182,0.0,11.630016
18426.23,0.0,-1.5410767,0.0,2.553465
18426.43,0.0,-0.7725067,0.0,8.392508
18426.63,0.0,-2.5616226,0.0,12.022734
18426.83,0.0,-3.977066,0.0,11.212894
18427.03,0.0,-4.614235,0.0,8.660137
18427.23,0.0,-4.432396,0.0,9.635152
18427.43,0.0,-1.71492,0.0,11.50053
18427.63,0.0,-2.9769516,0.0,7.5177426
18427.83,0.0,-2.7835312,0.0,11.84432
18428.03,0.0,-6.085022,0.0,9.891483
18428.23,0.0,-5.319084,0.0,10.609371
18428.43,0.0,-4.472542,0.0,9.486567
18428.63,0.0,-4.748955,0.0,7.689869
18428.83,0.0,-4.811363,0.0,8.829708
18429.03,0.0,-1.6323471,0.0,10.504988
18429.23,0.0,-4.9738464,0.0,10.341072
18429.43,0.0,-3.4517593,0.0,7.922745
18429.63,0.0,-2.3221054,0.0,11.800747
18429.83,0.0,-2.9469223,0.0,9.357431
18430.03,0.0,-4.3163223,0.0,8.8335
18430.23,0.0,-5.0907288,0.0,10.690512
18430.43,0.0,-1.8802414,0.0,10.650246
18430.63,0.0,-3.2937012,0.0,7.8611393
18430.83,0.0,-4.5877,0.0,7.916702
18431.03,0.0,-4.450493,0.0,10.711542
18431.23,0.0,-3.9841614,0.0,9.09935
18431.43,0.0,-5.7612305,0.0,7.750722
18431.63,0.0,-2.3703537,0.0,9.592021
18431.83,0.0,-3.3166885,0.0,12.098091
18432.03,0.0,-2.026062,0.0,9.510724
18432.23,0.0,-4.669159,0.0,8.790376
18432.43,0.0,-6.051277,0.0,7.068241
18432.63,0.0,-6.6808014,0.0,8.353527
18432.83,0.0,-8.930405,0.0,9.712957
18433.03,0.0,-3.9194336,0.0,7.2858953
18433.23,0.0,-3.1650772,0.0,6.668351
18433.43,0.0,-4.636009,0.0,7.2920504
18433.63,0.0,-4.650528,0.0,10.718259
18433.83,0.0,-3.2596664,0.0,9.152679
18434.03,0.0,-3.451149,0.0,5.52112
18434.23,0.0,-2.3672714,0.0,10.90896
18434.43,0.0,-4.4077225,0.0,7.8631287
18434.63,0.0,-2.620636,0.0,3.4902434
18434.83,0.0,-4.995247,0.0,7.2181425
18435.03,0.0,-3.4202957,0.0,4.258053
18435.23,0.0,-4.0157013,0.0,7.654195
18435.43,0.0,-4.627098,0.0,11.643835
18435.63,0.0,-5.5904007,0.0,7.3875823
18435.83,0.0,-5.2981796,0.0,7.2689466
18436.03,0.0,-2.5923843,0.0,4.6250634
18436.23,0.0,-5.977089,0.0,10.393348
18436.43,0.0,-4.6226044,0.0,9.033692
18436.63,0.0,0.76177216,0.0,9.268724
18436.83,0.0,3.0062332,0.0,10.383059
18437.03,0.0,-7.1880417,0.0,9.104581
18437.23,0.0,-6.723732,0.0,8.495255
18437.43,0.0,-0.9479523,0.0,4.579208
18437.63,0.0,-6.5612717,0.0,5.7635646
18437.83,0.0,-6.1224823,0.0,10.641926
18438.03,0.0,-5.999283,0.0,8.794239
18438.23,0.0,0.04839325,0.0,6.1989036
18438.43,0.0,-5.007454,0.0,5.478261
18438.63,0.0,-1.3037949,0.0,9.622585
18438.83,0.0,-1.7485886,0.0,5.66086
18439.03,0.0,-6.2028656,0.0,9.533973
18439.23,0.0,-6.65818,0.0,11.099418
18439.43,0.0,6.514511,0.0,11.916523
18439.63,0.0,-3.8848724,0.0,9.348285
18439.83,0.0,-3.6954956,0.0,11.566551
18440.03,0.0,-4.4690094,0.0,8.314662
18440.23,0.0,-6.571747,0.0,8.345194
18440.43,0.0,-2.3159866,0.0,8.107375
18440.63,0.0,-4.571373,0.0,7.16525
18440.83,0.0,-4.005684,0.0,6.130416
18441.03,0.0,-2.41848,0.0,11.305151
18441.23,0.0,-2.1821976,0.0,7.883461
18441.43,0.0,-1.609436,0.0,5.6064014
18441.63,0.0,-2.699791,0.0,5.7159157
18441.83,0.0,-5.2968826,0.0,5.494285
18442.03,0.0,-6.588272,0.0,9.623156
18442.23,0.0,-2.1976929,0.0,4.9273987
18442.43,0.0,-2.4772491,0.0,9.372038
18442.63,0.0,-2.2032623,0.0,13.025896
18442.83,0.0,-4.7936935,0.0,11.631171
18443.03,0.0,-5.564438,0.0,11.716628
18443.23,0.0,-4.602051,0.0,8.608735
18443.43,0.0,-8.306648,0.0,4.7671833
18443.63,0.0,-3.1476517,0.0,13.198256
18443.83,0.0,-2.9120636,0.0,7.257634
18444.03,0.0,-4.1172028,0.0,7.693241
18444.23,0.0,-5.815323,0.0,9.15462
18444.43,0.0,7.095581,0.0,10.901077
18444.63,0.0,-1.0122452,0.0,4.1135855
18444.83,0.0,33.873863,0.0,4.0386615
18445.03,0.0,-0.8364029,0.0,8.145608
18445.23,0.0,-6.0804825,0.0,10.996345
18445.43,0.0,-6.5634155,0.0,10.329012
18445.63,0.0,-5.9483337,0.0,10.763785
18445.83,0.0,-5.361023,0.0,11.960316
18446.03,0.0,-3.6396332,0.0,9.0161
18446.23,0.0,-5.5049133,0.0,9.335768
18446.43,0.0,-5.9680405,0.0,11.048193
18446.63,0.0,-5.7744675,0.0,8.980875
18446.83,0.0,-5.671051,0.0,8.800522
18447.03,0.0,-4.0376816,0.0,6.8849516
18447.23,0.0,-6.049858,0.0,9.659398
18447.43,0.0,-2.857689,0.0,5.4701867
18447.63,0.0,-5.820839,0.0,9.603389
18447.83,0.0,-1.5236206,0.0,10.712229
18448.03,0.0,-7.5135727,0.0,10.8993025
18448.23,0.0,-6.432701,0.0,7.9626007
18448.43,0.0,-5.830826,0.0,9.982727
18448.63,0.0,-5.739769,0.0,9.520174
18448.83,0.0,-5.9526825,0.0,9.62532
18449.03,0.0,-1.9913559,0.0,12.421385
18449.23,0.0,-4.2575073,0.0,8.608898
18449.43,0.0,-6.7366943,0.0,10.098178
18449.63,0.0,-6.056076,0.0,9.09919
18449.83,0.0,-7.4588013,0.0,8.288319
18450.03,0.0,-6.5693817,0.0,6.5795965
18450.23,0.0,-6.423111,0.0,10.473631
18450.43,0.0,-2.3966522,0.0,5.212184
18450.63,0.0,-4.8329315,0.0,5.6887426
18450.83,0.0,-5.1492615,0.0,6.2967443
18451.03,0.0,-6.3362656,0.0,7.1365666
18451.23,0.0,-5.852928,0.0,8.870958
18451.43,0.0,-3.1329956,0.0,10.182493
18451.63,0.0,-5.1786575,0.0,10.643452
18451.83,0.0,-5.3962326,0.0,9.912255
18452.03,0.0,-2.7856522,0.0,11.2536545
18452.23,0.0,-6.3819885,0.0,10.92906
18452.43,0.0,-6.9498596,0.0,8.546388
18452.63,0.0,-2.8367767,0.0,10.473377
18452.83,0.0,-2.421692,0.0,8.912704
18453.03,0.0,-4.699089,0.0,9.736694
18453.23,0.0,-4.8983154,0.0,8.66017
18453.43,0.0,-2.5865173,0.0,11.639107
18453.63,0.0,-4.561432,0.0,5.91615
18453.83,0.0,-5.349762,0.0,9.275182
18454.03,0.0,-2.8285446,0.0,9.495203
18454.23,0.0,-4.7617493,0.0,9.897961
18454.43,0.0,-3.8318253,0.0,8.478414
18454.63,0.0,-7.153221,0.0,8.364597
18454.83,0.0,-7.197487,0.0,9.179014
18455.03,0.0,-6.167816,0.0,7.688834
18455.23,0.0,-3.2605667,0.0,11.705057
18455.43,0.0,-5.7164764,0.0,10.163343
18455.63,0.0,-5.9124374,0.0,7.1295776
18455.83,0.0,-5.0468216,0.0,8.177752
18456.03,0.0,-4.0221405,0.0,11.241466
18456.23,0.0,-3.8923416,0.0,9.640799
18456.43,0.0,-2.642746,0.0,6.918317
18456.63,0.0,-2.920555,0.0,11.7578945
18456.83,0.0,-4.1830063,0.0,10.2043915
18457.03,0.0,-4.651352,0.0,9.697009
18457.23,0.0,9.87661,0.0,9.157246
18457.43,0.0,1.453682,0.0,8.741758
18457.63,0.0,-3.2395172,0.0,11.41103
18457.83,0.0,-3.4129562,0.0,7.2903347
18458.03,0.0,-4.145584,0.0,9.793181
18458.23,0.0,-3.3344116,0.0,7.296526
18458.43,0.0,-6.381874,0.0,10.18973
18458.63,0.0,-6.4968033,0.0,10.93758
18458.83,0.0,-6.6945877,0.0,12.856693
18459.03,0.0,-3.0705109,0.0,6.923812
18459.23,0.0,-4.9663315,0.0,9.092266
18459.43,0.0,-5.764,0.0,8.579254
18459.63,0.0,-1.0798111,0.0,10.691917
18459.83,0.0,-5.1016083,0.0,6.9218526
18460.03,0.0,-0.76917267,0.0,10.409706
18460.23,0.0,-0.8724289,0.0,10.552685
18460.43,0.0,-6.818306,0.0,7.211796
18460.63,0.0,-2.9817276,0.0,10.780816
18460.83,0.0,-0.97785187,0.0,4.8507595
18461.03,0.0,13.761829,0.0,10.044822
18461.23,0.0,9.638615,0.0,9.74893
18461.43,0.0,-2.521675,0.0,4.6774354
18461.63,0.0,-0.32899475,0.0,12.491655
18461.83,0.0,-3.7866745,0.0,12.05143
18462.03,0.0,-6.755722,0.0,9.445101
18462.23,0.0,-5.0391693,0.0,9.335636
18462.43,0.0,-2.8740234,0.0,8.177633
18462.63,0.0,-6.289383,0.0,10.146451
18462.83,0.0,-7.040283,0.0,12.274899
18463.03,0.0,-5.868477,0.0,10.731493
18463.23,0.0,-4.2134705,0.0,8.737507
18463.43,0.0,-6.4862213,0.0,7.9318
18463.63,0.0,-5.4566574,0.0,10.606493
18463.83,0.0,-2.1345444,0.0,8.920643
18464.03,0.0,-2.9329376,0.0,7.848116
18464.23,0.0,-2.1833954,0.0,8.966291
18464.43,0.0,-2.8703613,0.0,6.8449025
18464.63,0.0,-4.648712,0.0,9.070473
18464.83,0.0,-4.720482,0.0,9.125566
18465.03,0.0,5.9409943,0.0,10.088249
18465.23,0.0,5.780075,0.0,3.4191093
18465.43,0.0,-2.5136414,0.0,5.5883794
18465.63,0.0,-4.584999,0.0,12.284365
18465.83,0.0,-5.193039,0.0,10.290777
18466.03,0.0,-3.529335,0.0,6.238343
18466.23,0.0,-2.5486984,0.0,6.000638
18466.43,0.0,-2.2947311,0.0,8.5277815
18466.63,0.0,-4.185028,0.0,9.023272
18466.83,0.0,-3.135254,0.0,8.009302
18467.03,0.0,-3.27639,0.0,7.2117357
18467.23,0.0,-7.0016174,0.0,12.225567
18467.43,0.0,-3.4345627,0.0,6.125264
18467.63,0.0,-4.878868,0.0,7.5285616
18467.83,0.0,13.487247,0.0,11.004332
18468.03,0.0,2.404564,0.0,10.083653
18468.23,0.0,-6.0063553,0.0,10.232227
18468.43,0.0,-1.25663,0.0,11.575411
18468.63,0.0,-3.2179031,0.0,6.3138523
18468.83,0.0,-7.559181,0.0,7.714337
18469.03,0.0,-4.510994,0.0,13.321653
18469.23,0.0,-4.031639,0.0,10.797394
18469.43,0.0,-6.331932,0.0,10.3579645
18469.63,0.0,-4.542053,0.0,8.754057
18469.83,0.0,-2.5392609,0.0,8.206974
18470.03,0.0,-8.2653885,0.0,9.713433
18470.23,0.0,1.2382507,0.0,11.442769
18470.43,0.0,-6.275261,0.0,7.055748
18470.63,0.0,-5.5609055,0.0,11.71689
18470.83,0.0,-3.9612656,0.0,8.909596
18471.03,0.0,-5.9350815,0.0,7.3892827
18471.23,0.0,4.970276,0.0,10.898346
18471.43,0.0,-8.432869,0.0,11.122803
18471.63,0.0,-6.0434265,0.0,12.016228
18471.83,0.0,-5.832329,0.0,12.128281
18472.03,0.0,-6.1952744,0.0,11.91283
18472.23,0.0,-6.6259995,0.0,8.921062
18472.43,0.0,-3.1784668,0.0,11.22978
18472.63,0.0,-3.059883,0.0,9.263878
18472.83,0.0,-3.5229263,0.0,12.290712
18473.03,0.0,-4.973427,0.0,9.34564
18473.23,0.0,0.28084564,0.0,11.557545
18473.43,0.0,-2.079338,0.0,3.637424
18473.63,0.0,-5.316498,0.0,12.75881
18473.83,0.0,-5.585808,0.0,9.029346
18474.03,0.0,0.28268433,0.0,10.336292
18474.23,0.0,6.4937286,0.0,10.774128
18474.43,0.0,-4.70208,0.0,11.588053
18474.63,0.0,-4.4670486,0.0,10.700262
18474.83,0.0,-8.319321,0.0,9.6997
18475.03,0.0,-4.456299,0.0,5.7396984
18475.23,0.0,-4.6177063,0.0,7.9259653
18475.43,0.0,-7.4568405,0.0,11.328604
18475.63,0.0,-3.1729813,0.0,5.5208707
18475.83,0.0,-6.8201675,0.0,9.88225
18476.03,0.0,-5.826309,0.0,12.353117
18476.23,0.0,-2.3749924,0.0,4.5710773
18476.43,0.0,-3.0229874,0.0,9.498301
18476.63,0.0,-6.105255,0.0,9.258329
18476.83,0.0,-5.9728928,0.0,8.617025
18477.03,0.0,-6.542259,0.0,6.9685345
18477.23,0.0,-4.924721,0.0,11.068734
18477.43,0.0,-5.4609222,0.0,11.004817
18477.63,0.0,-5.8297653,0.0,8.761478
18477.83,0.0,0.10536194,0.0,12.007856
18478.03,0.0,-3.0681381,0.0,7.589835
18478.23,0.0,-5.103203,0.0,8.419232
18478.43,0.0,-8.794632,0.0,11.939539
18478.63,0.0,-4.6677246,0.0,11.348855
18478.83,0.0,0.3365631,0.0,5.0191283
18479.03,0.0,-3.2696915,0.0,10.726822
18479.23,0.0,-1.798996,0.0,5.4220524
18479.43,0.0,2.164009,0.0,11.103191
18479.63,0.0,1.9840088,0.0,13.28047
18479.83,0.0,-0.7346878,0.0,10.6622
18480.03,0.0,-7.6436996,0.0,9.904402
18480.23,0.0,-4.2366333,0.0,9.14353
18480.43,0.0,-2.0851593,0.0,2.2108853
18480.63,0.0,-5.1714783,0.0,8.54224
18480.83,0.0,-6.092331,0.0,10.553377
18481.03,0.0,-5.500023,0.0,12.794004
18481.23,0.0,-6.9664536,0.0,13.975534
18481.43,0.0,-3.0191803,0.0,9.236998
18481.63,0.0,-4.7490234,0.0,7.198243
18481.83,0.0,-4.169594,0.0,5.434895
18482.03,0.0,-5.352257,0.0,5.3197126
18482.23,0.0,-5.0123672,0.0,8.923094
18482.43,0.0,-3.031868,0.0,11.751867
18482.63,0.0,-6.782631,0.0,8.848433
18482.83,0.0,-3.5905304,0.0,10.087973
18483.03,0.0,-0.7462158,0.0,10.227664
18483.23,0.0,-4.475296,0.0,8.531382
18483.43,0.0,-6.230522,0.0,10.384052
18483.63,0.0,-6.682846,0.0,7.6828594
18483.83,0.0,-6.4318542,0.0,11.653589
18484.03,0.0,-7.381752,0.0,10.460112
18484.23,0.0,-6.3968735,0.0,11.120844
18484.43,0.0,-3.7289505,0.0,10.375492
18484.63,0.0,-6.1395493,0.0,9.786926
18484.83,0.0,-0.4183197,0.0,9.078873
18485.03,0.0,-3.8872757,0.0,4.7692237
18485.23,0.0,-6.7969055,0.0,11.89963
18485.43,0.0,-1.8851852,0.0,6.57386
18485.63,0.0,-6.758232,0.0,11.117561
18485.83,0.0,-7.3902435,0.0,10.5080595
18486.03,0.0,-2.7876358,0.0,10.391393
18486.23,0.0,-4.823181,0.0,6.5292854
18486.43,0.0,-6.129257,0.0,10.53119
18486.63,0.0,-4.9944305,0.0,9.705311
18486.83,0.0,4.4215393,0.0,9.75258
18487.03,0.0,-1.2178879,0.0,5.049884
18487.23,0.0,-2.2868195,0.0,9.880596
18487.43,0.0,-6.358841,0.0,10.024419
18487.63,0.0,-4.6377335,0.0,7.5172024
18487.83,0.0,-3.4355087,0.0,5.681386
18488.03,0.0,-6.7670593,0.0,12.627453
18488.23,0.0,-2.3673325,0.0,7.4495344
18488.43,0.0,-1.5107651,0.0,12.516907
18488.63,0.0,-7.797905,0.0,10.27743
18488.83,0.0,-2.4950943,0.0,4.684051
18489.03,0.0,-5.8821716,0.0,8.063906
18489.23,0.0,-6.5216217,0.0,9.251823
18489.43,0.0,-3.0498657,0.0,10.033628
18489.63,0.0,-2.5678558,0.0,10.6905575
18489.83,0.0,-2.8580856,0.0,11.086624
18490.03,0.0,-2.5034409,0.0,12.216368
18490.23,0.0,-4.563057,0.0,10.729637
18490.43,0.0,-6.017395,0.0,12.01852
18490.63,0.0,-6.0827026,0.0,9.828099
18490.83,0.0,-5.1911087,0.0,10.72794
18491.03,0.0,-4.0390015,0.0,11.281813
18491.23,0.0,12.567703,0.0,9.47349
18491.43,0.0,-3.8115005,0.0,8.86923
18491.63,0.0,-4.4918823,0.0,9.502682
18491.83,0.0,-2.1005554,0.0,12.212019
18492.03,0.0,-6.103134,0.0,13.706684
18492.23,0.0,-4.2302704,0.0,6.993889
18492.43,0.0,-6.784149,0.0,12.4890175
18492.63,0.0,-0.80384064,0.0,12.928267
18492.83,0.0,-0.28703308,0.0,9.877823
18493.03,0.0,-5.6505585,0.0,10.211221
18493.23,0.0,1.3732376,0.0,11.506131
18493.43,0.0,-3.9198074,0.0,10.820231
18493.63,0.0,-5.5615997,0.0,11.341515
18493.83,0.0,-4.4243393,0.0,9.9296465
18494.03,0.0,70.020134,0.0,4.429186
18494.23,0.0,-3.493927,0.0,3.843447
18494.43,0.0,-7.215477,0.0,9.814327
18494.63,0.0,-2.303421,0.0,8.712216
18494.83,0.0,-2.853569,0.0,5.3664017
18495.03,0.0,-2.8658066,0.0,11.852205
18495.23,0.0,-4.9487305,0.0,12.319942
18495.43,0.0,2.3278427,0.0,11.666937
18495.63,0.0,-1.1694412,0.0,9.078781
18495.83,0.0,-6.324234,0.0,9.324005
18496.03,0.0,-4.055229,0.0,13.823317
18496.23,0.0,1.6192093,0.0,12.64436
18496.43,0.0,-4.9201126,0.0,7.8102503
18496.63,0.0,-9.118607,0.0,11.002655
18496.83,0.0,-6.8529816,0.0,11.602896
18497.03,0.0,-6.1204605,0.0,10.594303
18497.23,0.0,-4.1937943,0.0,7.558917
18497.43,0.0,-5.525017,0.0,8.952646
18497.63,0.0,-7.6565704,0.0,11.253741
18497.83,0.0,-5.5603027,0.0,7.6177073
18498.03,0.0,-8.519661,0.0,10.076935
18498.23,0.0,-3.501854,0.0,10.609177
18498.43,0.0,-4.8862305,0.0,8.974024
18498.63,0.0,-7.4972534,0.0,9.086882
18498.83,0.0,-0.90021515,0.0,10.456015
18499.03,0.0,-4.1853256,0.0,7.0760856
18499.23,0.0,-3.8664856,0.0,7.7741256
18499.43,0.0,-2.621315,0.0,10.752655
18499.63,0.0,-3.2487411,0.0,6.3501854
18499.83,0.0,-4.060959,0.0,9.889958
18500.03,0.0,-5.238655,0.0,11.9005
18500.23,0.0,-2.9760666,0.0,12.456667
18500.43,0.0,-6.9514923,0.0,12.551027
18500.63,0.0,-3.5353394,0.0,11.737261
18500.83,0.0,-6.0557785,0.0,11.207415
18501.03,0.0,-8.2778015,0.0,7.9679317
18501.23,0.0,-0.62758636,0.0,11.811928
18501.43,0.0,-9.97699,0.0,9.743963
18501.63,0.0,-2.9760437,0.0,5.1988487
18501.83,0.0,-4.800972,0.0,13.310204
18502.03,0.0,-3.7997131,0.0,8.116897
18502.23,0.0,-3.5071335,0.0,9.961937
18502.43,0.0,-6.2481155,0.0,6.8296824
18502.63,0.0,2.2790146,0.0,10.462809
18502.83,0.0,-4.2985916,0.0,9.82129
18503.03,0.0,-6.4717255,0.0,5.9003973
18503.23,0.0,-3.6256104,0.0,8.846407
18503.43,0.0,0.058654785,0.0,11.586759
18503.63,0.0,-7.387184,0.0,8.594967
18503.83,0.0,-5.5584793,0.0,11.454264
18504.03,0.0,-5.512306,0.0,8.520206
18504.23,0.0,-0.7129822,0.0,12.647421
18504.43,0.0,-4.1478424,0.0,8.33564
18504.63,0.0,-6.152916,0.0,8.805765
18504.83,0.0,-2.0902328,0.0,4.8061314
18505.03,0.0,-3.4779587,0.0,8.910553
18505.23,0.0,-5.6912003,0.0,8.281476
18505.43,0.0,-4.286865,0.0,11.723407
18505.63,0.0,-3.7286072,0.0,12.727219
18505.83,0.0,-0.4817505,0.0,12.833233
18506.03,0.0,-4.0904083,0.0,11.030478
18506.23,0.0,-4.648628,0.0,11.3894205
18506.43,0.0,-4.768799,0.0,8.997389
18506.63,0.0,-5.6857147,0.0,11.429343
18506.83,0.0,-6.946129,0.0,13.324276
18507.03,0.0,-0.80404663,0.0,7.064065
18507.23,0.0,-4.523857,0.0,7.664509
18507.43,0.0,-4.285652,0.0,11.8196335
18507.63,0.0,-4.0105515,0.0,11.2009945
18507.83,0.0,-3.182045,0.0,5.3323717
18508.03,0.0,-3.7665482,0.0,9.675526
18508.23,0.0,-5.1699524,0.0,9.5042095
18508.43,0.0,-5.4717407,0.0,6.892704
18508.63,0.0,-6.103264,0.0,7.6988487
18508.83,0.0,-5.5186844,0.0,9.879863
18509.03,0.0,-5.81089,0.0,10.058301
18509.23,0.0,-1.9731522,0.0,2.575025
18509.43,0.0,-5.9845505,0.0,3.98925
18509.63,0.0,-6.5951385,0.0,11.548323
18509.83,0.0,-6.2798767,0.0,9.520174
18510.03,0.0,-6.283966,0.0,12.520664
18510.23,0.0,-6.02166,0.0,12.859102
18510.43,0.0,-4.91967,0.0,11.923814
18510.63,0.0,-8.511345,0.0,12.797499
18510.83,0.0,4.0851746,0.0,12.945749
18511.03,0.0,-0.7138519,0.0,5.448286
18511.23,0.0,-7.4304733,0.0,8.965319
18511.43,0.0,-3.565979,0.0,3.0911157
18511.63,0.0,-4.8504257,0.0,6.169132
18511.83,0.0,3.321045,0.0,7.572238
18512.03,0.0,-4.3008804,0.0,11.092253
18512.23,0.0,-5.797241,0.0,11.314569
18512.43,0.0,-6.8871536,0.0,11.799206
18512.63,0.0,-4.9113083,0.0,11.521793
18512.83,0.0,-7.0090256,0.0,10.094407
18513.03,0.0,-4.301117,0.0,13.564772
18513.23,0.0,-5.2967453,0.0,12.984776
18513.43,0.0,-1.5630951,0.0,13.391434
18513.63,0.0,-7.3751984,0.0,11.308194
18513.83,0.0,-1.7391968,0.0,4.763754
18514.03,0.0,-4.3227997,0.0,8.416189
18514.23,0.0,-5.4422073,0.0,12.179001
18514.43,0.0,-4.1758957,0.0,7.8993406
18514.63,0.0,-5.003807,0.0,5.04769
18514.83,0.0,-2.819374,0.0,5.35015
18515.03,0.0,-3.9613419,0.0,11.570918
18515.23,0.0,-1.358139,0.0,11.2128315
18515.43,0.0,-3.382248,0.0,7.3835444
18515.63,0.0,6.540428,0.0,11.524212
18515.83,0.0,-1.7494507,0.0,12.077599
18516.03,0.0,-7.2623215,0.0,10.065887
18516.23,0.0,-4.0540085,0.0,11.766308
18516.43,0.0,-3.579712,0.0,12.466537
18516.63,0.0,-6.9253387,0.0,12.489124
18516.83,0.0,-2.7893906,0.0,4.6907334
18517.03,0.0,-6.8699646,0.0,7.798189
18517.23,0.0,-6.1990128,0.0,10.531668
18517.43,0.0,-7.8731995,0.0,7.1451583
18517.63,0.0,-4.779251,0.0,5.9382634
18517.83,0.0,-3.7837982,0.0,7.146107
18518.03,0.0,-5.3974915,0.0,10.607662
18518.23,0.0,-8.322563,0.0,7.2778273
18518.43,0.0,-4.6984024,0.0,12.453123
18518.63,0.0,-2.441925,0.0,10.693361
18518.83,0.0,-2.346016,0.0,10.809563
18519.03,0.0,-5.255745,0.0,6.380441
18519.23,0.0,-3.445053,0.0,4.075599
18519.43,0.0,-5.1889114,0.0,7.873926
18519.63,0.0,-7.0794907,0.0,7.76587
18519.83,0.0,-4.009819,0.0,12.268017
18520.03,0.0,-5.35849,0.0,8.190502
18520.23,0.0,-2.6075363,0.0,13.24206
18520.43,0.0,-5.398163,0.0,7.2865763
18520.63,0.0,-3.7022018,0.0,10.899096
18520.83,0.0,-6.3175583,0.0,7.6193013
18521.03,0.0,-3.1855392,0.0,12.905064
18521.23,0.0,2.7592468,0.0,10.082066
18521.43,0.0,-3.293213,0.0,8.402241
18521.63,0.0,-5.469513,0.0,9.083179
18521.83,0.0,-2.4881287,0.0,12.773001
18522.03,0.0,-5.7809296,0.0,7.935355
18522.23,0.0,-5.6051025,0.0,12.044973
18522.43,0.0,-5.7775803,0.0,8.317919
18522.63,0.0,-4.886009,0.0,8.902967
18522.83,0.0,-4.6915283,0.0,12.52812
18523.03,0.0,-7.2245636,0.0,12.112028
18523.23,0.0,-4.5334625,0.0,7.956766
18523.43,0.0,-1.9357605,0.0,7.7168827
18523.63,0.0,-6.8677826,0.0,13.435253
18523.83,0.0,-7.3835754,0.0,12.009943
18524.03,0.0,-2.986885,0.0,6.1149664
18524.23,0.0,-4.9894104,0.0,12.3420105
18524.43,0.0,27.433903,0.0,8.917397
18524.63,0.0,-5.6903,0.0,13.259119
18524.83,0.0,-4.8215103,0.0,9.436241
18525.03,0.0,-5.5660706,0.0,7.9807315
18525.23,0.0,-6.033676,0.0,9.528366
18525.43,0.0,-5.9520264,0.0,9.401666
18525.63,0.0,-2.745247,0.0,4.188201
18525.83,0.0,0.3132248,0.0,8.851499
18526.03,0.0,4.2250366,0.0,11.819094
18526.23,0.0,-2.5015182,0.0,5.347619
18526.43,0.0,-5.5796204,0.0,9.946906
18526.63,0.0,-1.3253555,0.0,5.9438505
18526.83,0.0,-5.4830704,0.0,12.485836
18527.03,0.0,-0.5038986,0.0,13.872097
18527.23,0.0,-0.9046707,0.0,9.931024
18527.43,0.0,-1.8581161,0.0,7.4262123
18527.63,0.0,-1.8219681,0.0,7.759304
18527.83,0.0,-7.878685,0.0,4.7057276
18528.03,0.0,-5.875618,0.0,12.04859
18528.23,0.0,-6.290016,0.0,13.91732
18528.43,0.0,-5.91037,0.0,12.710354
18528.63,0.0,-1.8108597,0.0,12.175766
18528.83,0.0,-2.2106857,0.0,10.84691
18529.03,0.0,-3.3614807,0.0,11.09733
18529.23,0.0,-6.513359,0.0,6.6244335
18529.43,0.0,-0.94792175,0.0,13.535475
18529.63,0.0,14.820019,0.0,11.755792
18529.83,0.0,-5.812065,0.0,12.832371
18530.03,0.0,-1.2122879,0.0,5.4961066
18530.23,0.0,-2.3908463,0.0,5.639684
18530.43,0.0,-5.0323105,0.0,5.2531366
18530.63,0.0,-1.0997391,0.0,12.0834255
18530.83,0.0,-4.220436,0.0,6.204603
18531.03,0.0,0.48869324,0.0,11.07176
18531.23,0.0,-3.9845352,0.0,9.494469
18531.43,0.0,-2.3749313,0.0,5.9272003
18531.63,0.0,-4.9724197,0.0,10.7405615
18531.83,0.0,-1.1895065,0.0,6.5075493
18532.03,0.0,2.6580048,0.0,12.647186
18532.23,0.0,8.320671,0.0,11.396102
18532.43,0.0,12.49427,0.0,7.7320957
18532.63,0.0,-2.9988098,0.0,12.842779
18532.83,0.0,-4.749748,0.0,12.581923
18533.03,0.0,-4.7792816,0.0,11.641438
18533.23,0.0,-4.0472565,0.0,10.67825
18533.43,0.0,-3.093422,0.0,12.791567
18533.63,0.0,-3.842987,0.0,8.93096
18533.83,0.0,-1.21212,0.0,13.351019
18534.03,0.0,-2.955597,0.0,10.738241
18534.23,0.0,-6.517288,0.0,11.425238
18534.43,0.0,-6.428734,0.0,10.036563
18534.63,0.0,10.338917,0.0,12.741394
18534.83,0.0,1.6706467,0.0,7.7965994
18535.03,0.0,-3.8135757,0.0,11.553685
18535.23,0.0,-3.6904602,0.0,13.157108
18535.43,0.0,7.05529,0.0,10.867857
18535.63,0.0,-6.914757,0.0,11.989302
18535.83,0.0,-5.159195,0.0,10.8623085
18536.03,0.0,-6.1948547,0.0,9.520609
18536.23,0.0,-1.8673325,0.0,9.972698
18536.43,0.0,-7.1122284,0.0,10.170026
18536.63,0.0,-6.426399,0.0,12.845667
18536.83,0.0,-6.9560165,0.0,13.016975
18537.03,0.0,-6.7634964,0.0,11.569322
18537.23,0.0,-7.816452,0.0,10.509306
18537.43,0.0,-7.372162,0.0,10.116655
18537.63,0.0,1.2232895,0.0,11.084103
18537.83,0.0,-2.7028809,0.0,8.345791
18538.03,0.0,-6.432907,0.0,11.838846
18538.23,0.0,-2.324997,0.0,6.971491
18538.43,0.0,-0.7577667,0.0,12.623215
18538.63,0.0,-7.9158936,0.0,10.924534
18538.83,0.0,-4.507782,0.0,11.572333
18539.03,0.0,-4.0905533,0.0,9.61761
18539.23,0.0,-5.6296463,0.0,9.847046
18539.43,0.0,-6.227104,0.0,7.382881
18539.63,0.0,8.047546,0.0,11.407208
18539.83,0.0,-4.371071,0.0,9.000288
18540.03,0.0,-8.447533,0.0,11.964024
18540.23,0.0,-6.69886,0.0,12.65464
18540.43,0.0,-1.6060562,0.0,2.8523412
18540.63,0.0,-6.8487396,0.0,8.66163
18540.83,0.0,-4.6541595,0.0,14.455551
18541.03,0.0,-1.9214554,0.0,12.721161
18541.23,0.0,-2.824356,0.0,14.180418
18541.43,0.0,0.058372498,0.0,9.205648
18541.63,0.0,-3.3792267,0.0,9.141033
18541.83,0.0,-2.611679,0.0,9.920366
18542.03,0.0,-6.9423523,0.0,6.924266
18542.23,0.0,-4.7429733,0.0,12.495756
18542.43,0.0,-2.4931717,0.0,14.621555
18542.63,0.0,-4.6478653,0.0,8.700218
18542.83,0.0,-3.8550491,0.0,10.921247
18543.03,0.0,-3.5999222,0.0,6.1696115
18543.23,0.0,-6.819824,0.0,10.581429
18543.43,0.0,-9.601242,0.0,13.427071
18543.63,0.0,-4.6536255,0.0,8.401907
18543.83,0.0,-5.4827957,0.0,11.018958
18544.03,0.0,19.704254,0.0,10.653061
18544.23,0.0,-8.736427,0.0,8.6413
18544.43,0.0,-6.206032,0.0,9.2413025
18544.63,0.0,-3.351036,0.0,8.903305
18544.83,0.0,-4.7693024,0.0,11.520709
18545.03,0.0,-5.143509,0.0,7.558478
18545.23,0.0,-2.0817413,0.0,10.226076
18545.43,0.0,-7.412567,0.0,12.124947
18545.63,0.0,-4.1996613,0.0,9.428258
18545.83,0.0,-3.0635605,0.0,11.319371
18546.03,0.0,-4.4247284,0.0,11.859156
18546.23,0.0,-6.2674866,0.0,7.613806
18546.43,0.0,-1.4812317,0.0,13.05464
18546.63,0.0,-5.8421326,0.0,12.529367
18546.83,0.0,-6.5663834,0.0,11.869381
18547.03,0.0,3.6600037,0.0,12.463306
18547.23,0.0,-3.5085297,0.0,7.8909006
18547.43,0.0,-3.6764297,0.0,7.087782
18547.63,0.0,-6.611107,0.0,11.578378
18547.83,0.0,-5.4151535,0.0,9.62225
18548.03,0.0,-4.285736,0.0,7.6318583
18548.23,0.0,-2.0412674,0.0,11.342747
18548.43,0.0,-2.9994812,0.0,8.979454
18548.63,0.0,0.15602875,0.0,10.596441
18548.83,0.0,9.232441,0.0,12.061953
18549.03,0.0,-3.562378,0.0,12.62554
18549.23,0.0,-5.1889267,0.0,10.764445
18549.43,0.0,-6.225128,0.0,12.297577
18549.63,0.0,-6.4085236,0.0,7.3569245
18549.83,0.0,-4.975403,0.0,6.842412
18550.03,0.0,-7.497864,0.0,11.950022
18550.23,0.0,-6.103546,0.0,12.39703
18550.43,0.0,2.002884,0.0,10.795601
18550.63,0.0,-3.3194733,0.0,11.476988
18550.83,0.0,-3.7844162,0.0,11.315545
18551.03,0.0,-8.631836,0.0,10.495333
18551.23,0.0,-4.817093,0.0,12.758148
18551.43,0.0,-4.718193,0.0,9.606919
18551.63,0.0,-6.285103,0.0,11.376663
18551.83,0.0,-1.3396301,0.0,11.343952
18552.03,0.0,-0.6033554,0.0,11.380579
18552.23,0.0,-6.176132,0.0,8.760363
18552.43,0.0,-4.9897614,0.0,9.102615
18552.63,0.0,-6.2460785,0.0,10.995026
18552.83,0.0,-7.3141403,0.0,11.413651
18553.03,0.0,-5.5641403,0.0,7.350258
18553.23,0.0,-5.1299057,0.0,11.197458
18553.43,0.0,-4.971054,0.0,10.8914175
18553.63,0.0,-1.1931534,0.0,11.957806
18553.83,0.0,-4.837944,0.0,6.99166
18554.03,0.0,-5.9717255,0.0,8.02931
18554.23,0.0,-7.5865936,0.0,8.8000765
18554.43,0.0,-7.0152893,0.0,12.313507
18554.63,0.0,-5.4599533,0.0,11.396143
18554.83,0.0,-7.4969788,0.0,12.373295
18555.03,0.0,7.8727036,0.0,13.079487
18555.23,0.0,3.1580505,0.0,8.514399
18555.43,0.0,-5.9538193,0.0,5.271547
18555.63,0.0,-7.545967,0.0,10.995175
18555.83,0.0,0.5955353,0.0,12.315598
18556.03,0.0,-3.9154358,0.0,7.913699
18556.23,0.0,-4.314987,0.0,13.80088
18556.43,0.0,0.8743439,0.0,12.191334
18556.63,0.0,-1.780426,0.0,13.3927555
18556.83,0.0,-5.2290344,0.0,10.427545
18557.03,0.0,-1.7069626,0.0,12.621399
18557.23,0.0,-5.751007,0.0,11.643053
18557.43,0.0,-5.678299,0.0,13.028845
18557.63,0.0,22.38863,0.0,9.856789
18557.83,0.0,9.421143,0.0,9.147848
18558.03,0.0,-5.472679,0.0,11.991554
18558.23,0.0,-3.087593,0.0,12.695
18558.43,0.0,-7.205887,0.0,12.087948
18558.63,0.0,-6.1549377,0.0,13.205847
18558.83,0.0,-9.163811,0.0,11.913359
18559.03,0.0,-7.007782,0.0,13.428888
18559.23,0.0,-4.530426,0.0,12.989668
18559.43,0.0,-7.086754,0.0,9.167696
18559.63,0.0,-7.3624725,0.0,10.320713
18559.83,0.0,-3.8701935,0.0,6.144453
18560.03,0.0,14.599953,0.0,13.047842
18560.23,0.0,-5.2180176,0.0,11.211216
18560.43,0.0,-6.3867416,0.0,10.694742
18560.63,0.0,-4.703163,0.0,11.957708
18560.83,0.0,-4.8738937,0.0,11.8318815
18561.03,0.0,-7.7420273,0.0,7.7583003
18561.23,0.0,-6.9892426,0.0,10.026365
18561.43,0.0,-3.8599625,0.0,8.27821
18561.63,0.0,-2.6631546,0.0,12.843885
18561.83,0.0,-7.300003,0.0,12.443422
18562.03,0.0,-1.8547287,0.0,4.3692713
18562.23,0.0,-1.9838791,0.0,12.010387
18562.43,0.0,-7.218292,0.0,10.742815
18562.63,0.0,-7.286392,0.0,11.7768135
18562.83,0.0,-5.8018494,0.0,7.1531963
18563.03,0.0,-7.1873856,0.0,11.886795
18563.23,0.0,1.952858,0.0,10.504068
18563.43,0.0,0.45005035,0.0,1.0482421
18563.63,0.0,-1.8839874,0.0,13.694368
18563.83,0.0,-2.7429733,0.0,9.628842
18564.03,0.0,33.98918,0.0,8.98022
18564.23,0.0,0.60891724,0.0,5.9582224
18564.43,0.0,-4.1604156,0.0,13.615646
18564.63,0.0,-7.6063995,0.0,11.164184
18564.83,0.0,-4.273407,0.0,13.076832
18565.03,0.0,-2.3034744,0.0,6.865185
18565.23,0.0,-5.844063,0.0,9.40962
18565.43,0.0,0.4019394,0.0,11.071402
18565.63,0.0,-3.6976929,0.0,9.776196
18565.83,0.0,-2.6769333,0.0,10.813538
18566.03,0.0,-8.120468,0.0,7.1957097
18566.23,0.0,-4.506836,0.0,11.197363
18566.43,0.0,-1.679451,0.0,5.2430644
18566.63,0.0,-3.8104248,0.0,9.856459
18566.83,0.0,-3.8920898,0.0,11.073762
18567.03,0.0,-5.1082916,0.0,10.403631
18567.23,0.0,-6.343994,0.0,9.290157
18567.43,0.0,-4.0279617,0.0,10.0791445
18567.63,0.0,-7.9017944,0.0,10.141129
18567.83,0.0,-8.244713,0.0,11.387679
18568.03,0.0,-6.6128006,0.0,10.234283
18568.23,0.0,-6.1335297,0.0,12.893467
18568.43,0.0,-5.2248917,0.0,10.203027
18568.63,0.0,-4.2356567,0.0,12.874144
18568.83,0.0,-5.4545746,0.0,10.3444195
18569.03,0.0,-6.351639,0.0,14.018263
18569.23,0.0,-4.0588913,0.0,12.919565
18569.43,0.0,-0.7258072,0.0,11.138524
18569.63,0.0,3.141861,0.0,13.054119
18569.83,0.0,-5.952095,0.0,11.506563
18570.03,0.0,-6.62838,0.0,10.228489
18570.23,0.0,-4.885376,0.0,9.949709
18570.43,0.0,-5.9143753,0.0,12.918802
18570.63,0.0,-7.212372,0.0,11.322467
18570.83,0.0,-7.8390045,0.0,12.877134
18571.03,0.0,-5.4066086,0.0,9.517509
18571.23,0.0,-8.719734,0.0,10.898104
18571.43,0.0,-4.990799,0.0,13.464781
18571.63,0.0,-7.8611603,0.0,13.689037
18571.83,0.0,6.7960587,0.0,13.0297165
18572.03,0.0,-3.620552,0.0,7.4893923
18572.23,0.0,-4.84227,0.0,8.88775
18572.43,0.0,10.684162,0.0,10.944673
18572.63,0.0,-2.8214722,0.0,5.1438465
18572.83,0.0,-6.850189,0.0,8.296517
18573.03,0.0,-4.4361496,0.0,7.582806
18573.23,0.0,-4.8833313,0.0,9.824868
18573.43,0.0,-0.7904053,0.0,10.788723
18573.63,0.0,-2.8020248,0.0,7.3092027
18573.83,0.0,-5.7633514,0.0,12.428095
18574.03,0.0,3.0517578,0.0,13.532013
18574.23,0.0,-2.4147873,0.0,10.567969
18574.43,0.0,-5.049118,0.0,4.101371
18574.63,0.0,-9.880997,0.0,13.09697
18574.83,0.0,-6.807869,0.0,12.696577
18575.03,0.0,-6.7941666,0.0,9.773568
18575.23,0.0,-7.8651657,0.0,8.846878
18575.43,0.0,-5.9785614,0.0,12.046026
18575.63,0.0,-7.5582504,0.0,13.159903
18575.83,0.0,-4.467743,0.0,7.423212
18576.03,0.0,-6.8410034,0.0,12.001482
18576.23,0.0,-1.8865433,0.0,13.522444
18576.43,0.0,-5.713669,0.0,9.45505
18576.63,0.0,-6.172905,0.0,7.4036126
18576.83,0.0,-8.0061035,0.0,11.3128395
18577.03,0.0,-9.529442,0.0,12.367506
18577.23,0.0,-5.1306458,0.0,12.995298
18577.43,0.0,-5.2297897,0.0,11.519461
18577.63,0.0,-0.5155716,0.0,8.695158
18577.83,0.0,-2.1268234,0.0,12.35578
18578.03,0.0,-5.0451202,0.0,8.179176
18578.23,0.0,-5.618973,0.0,12.801519
18578.43,0.0,-3.4927216,0.0,10.621639
18578.63,0.0,-2.8958664,0.0,6.366054
18578.83,0.0,-5.9138794,0.0,14.094944
18579.03,0.0,-2.5501633,0.0,8.354204
18579.23,0.0,-3.312561,0.0,10.489862
18579.43,0.0,-7.6521606,0.0,13.417574
18579.63,0.0,6.7209854,0.0,12.554333
18579.83,0.0,-0.9872589,0.0,13.3402
18580.03,0.0,-4.920967,0.0,11.55465
18580.23,0.0,-5.184273,0.0,9.967346
18580.43,0.0,-5.489769,0.0,8.546199
18580.63,0.0,-4.342476,0.0,7.3194323
18580.83,0.0,-8.7740555,0.0,12.92244
18581.03,0.0,-3.3373947,0.0,13.375547
18581.23,0.0,2.2547226,0.0,13.91917
18581.43,0.0,-4.5287704,0.0,4.953309
18581.63,0.0,-3.1732788,0.0,13.052229
18581.83,0.0,-6.362831,0.0,10.182264
18582.03,0.0,-3.148201,0.0,10.180378
18582.23,0.0,-3.1047134,0.0,7.784065
18582.43,0.0,-3.5530624,0.0,6.259453
18582.63,0.0,-3.1349182,0.0,9.952285
18582.83,0.0,-7.213646,0.0,9.795798
18583.03,0.0,-6.5203705,0.0,9.04409
18583.23,0.0,-4.6787567,0.0,11.651701
18583.43,0.0,-4.762779,0.0,14.497015
18583.63,0.0,-6.840378,0.0,10.792948
18583.83,0.0,-6.7336273,0.0,10.589798
18584.03,0.0,-5.8322906,0.0,11.108538
18584.23,0.0,-5.927109,0.0,12.764772
18584.43,0.0,-10.483574,0.0,12.4731865
18584.63,0.0,-6.7025833,0.0,12.413303
18584.83,0.0,-4.268181,0.0,7.4686728
18585.03,0.0,-7.2113113,0.0,10.377136
18585.23,0.0,-5.936249,0.0,12.255962
18585.43,0.0,-2.0037537,0.0,13.039213
18585.63,0.0,-4.783966,0.0,13.031387
18585.83,0.0,-5.200981,0.0,11.61957
18586.03,0.0,-2.812973,0.0,13.067177
18586.23,0.0,-7.0356064,0.0,8.18283
18586.43,0.0,-3.8528519,0.0,6.2131224
18586.63,0.0,-7.328163,0.0,11.397198
18586.83,0.0,-2.3875809,0.0,11.787882
18587.03,0.0,-3.014473,0.0,10.405077
18587.23,0.0,-4.9783554,0.0,5.3209515
18587.43,0.0,12.467163,0.0,13.620914
18587.63,0.0,-4.8117294,0.0,8.815094
18587.83,0.0,-6.0997086,0.0,11.906939
18588.03,0.0,-7.189026,0.0,13.305042
18588.23,0.0,-6.4325867,0.0,10.429337
18588.43,0.0,-5.347702,0.0,14.118975
18588.63,0.0,4.3243256,0.0,12.782402
18588.83,0.0,-6.6292725,0.0,11.8297
18589.03,0.0,-10.052231,0.0,10.782628
18589.23,0.0,-6.5726776,0.0,10.568108
18589.43,0.0,-3.5404434,0.0,5.7252097
18589.63,0.0,-6.3589096,0.0,11.0071125
18589.83,0.0,-3.9663086,0.0,10.605255
18590.03,0.0,-6.701866,0.0,11.030111
18590.23,0.0,-6.9647293,0.0,8.5294075
18590.43,0.0,-3.7764587,0.0,4.9144373
18590.63,0.0,-4.214081,0.0,11.131254
18590.83,0.0,-4.6786118,0.0,8.36355
18591.03,0.0,-5.3011093,0.0,11.575916
18591.23,0.0,0.73477936,0.0,10.129081
18591.43,0.0,1.2020798,0.0,8.930535
18591.63,0.0,-7.1003876,0.0,12.717028
18591.83,0.0,-5.375183,0.0,4.207658
18592.03,0.0,-5.5450363,0.0,9.52841
18592.23,0.0,-4.8193817,0.0,8.84918
18592.43,0.0,11.733978,0.0,8.744833
18592.63,0.0,-8.061493,0.0,10.350782
18592.83,0.0,-4.962738,0.0,7.7509394
18593.03,0.0,-7.138336,0.0,11.18961
18593.23,0.0,-6.7615128,0.0,11.497852
18593.43,0.0,-4.070221,0.0,6.9853067
18593.63,0.0,-7.5155487,0.0,10.609201
18593.83,0.0,-5.2541428,0.0,10.207342
18594.03,0.0,-1.697815,0.0,5.286277
18594.23,0.0,-5.861023,0.0,11.952623
18594.43,0.0,-5.306961,0.0,10.878293
18594.63,0.0,-5.273712,0.0,9.854945
18594.83,0.0,8.780205,0.0,9.218037
18595.03,0.0,-2.733879,0.0,12.214373
18595.23,0.0,-7.643402,0.0,12.420729
18595.43,0.0,1.986412,0.0,12.469477
18595.63,0.0,4.3742065,0.0,13.182201
18595.83,0.0,-1.1213379,0.0,11.605341
18596.03,0.0,-2.4848099,0.0,8.399218
18596.23,0.0,-6.1675186,0.0,12.886095
18596.43,0.0,-5.636894,0.0,8.708704
18596.63,0.0,-6.4612885,0.0,5.4528146
18596.83,0.0,-10.06942,0.0,8.361263
18597.03,0.0,-8.595238,0.0,10.693573
18597.23,0.0,-6.8382797,0.0,9.193907
18597.43,0.0,-5.292572,0.0,11.633508
18597.63,0.0,-4.5478745,0.0,8.339883
18597.83,0.0,-4.010002,0.0,5.7945914
18598.03,0.0,-6.0290527,0.0,13.787844
18598.23,0.0,-2.7449646,0.0,7.734909
18598.43,0.0,-6.219368,0.0,11.894608
18598.63,0.0,-3.0642776,0.0,13.13134
18598.83,0.0,-3.285614,0.0,10.341243
18599.03,0.0,-7.3898926,0.0,11.771538
18599.23,0.0,-6.7316284,0.0,10.6405735
18599.43,0.0,-7.1453857,0.0,12.092827
18599.63,0.0,-9.049805,0.0,11.385929
18599.83,0.0,-6.9886017,0.0,8.561037
18600.03,0.0,3.7014008,0.0,11.118185
18600.23,0.0,10.896427,0.0,2.7092
18600.43,0.0,-5.8329697,0.0,7.8320603
18600.63,0.0,-4.4516754,0.0,7.2492013
18600.83,0.0,-5.1718216,0.0,8.431861
18601.03,0.0,-5.421135,0.0,7.1167755
18601.23,0.0,3.1002426,0.0,13.613514
18601.43,0.0,-0.3810501,0.0,11.834923
18601.63,0.0,-3.8026276,0.0,8.13864
18601.83,0.0,-2.7705765,0.0,13.945139
18602.03,0.0,-6.8422623,0.0,11.109638
18602.23,0.0,-4.1366653,0.0,11.739895
18602.43,0.0,-5.5362015,0.0,12.5541
18602.63,0.0,-0.056045532,0.0,12.787022
18602.83,0.0,-3.560173,0.0,9.384369
18603.03,0.0,-5.8360214,0.0,12.057081
18603.23,0.0,-0.10216522,0.0,13.703081
18603.43,0.0,3.5863037,0.0,12.740213
18603.63,0.0,-4.3372345,0.0,7.419328
18603.83,0.0,-5.7738953,0.0,9.965683
18604.03,0.0,-5.1921616,0.0,8.768787
18604.23,0.0,-4.9502563,0.0,7.4487944
18604.43,0.0,-3.6137772,0.0,5.8884125
18604.63,0.0,-8.711815,0.0,8.478157
18604.83,0.0,-7.1472626,0.0,8.187454
18605.03,0.0,-7.546936,0.0,7.509921
18605.23,0.0,-4.1893845,0.0,13.738012
18605.43,0.0,-3.6264496,0.0,12.307631
18605.63,0.0,-2.7016144,0.0,6.7628803
18605.83,0.0,-5.1389923,0.0,10.107352
18606.03,0.0,0.87475586,0.0,12.975885
18606.23,0.0,-5.843773,0.0,10.017735
18606.43,0.0,-6.2911377,0.0,14.023781
18606.63,0.0,-5.955757,0.0,13.092743
18606.83,0.0,-6.629898,0.0,13.104973
18607.03,0.0,-4.373665,0.0,12.778271
18607.23,0.0,-0.8805008,0.0,13.056562
18607.43,0.0,-5.809204,0.0,10.424412
18607.63,0.0,5.632759,0.0,11.682713
18607.83,0.0,-8.978828,0.0,11.496069
18608.03,0.0,-7.9651337,0.0,11.379152
18608.23,0.0,-6.82769,0.0,11.009705
18608.43,0.0,-5.6534424,0.0,11.639815
18608.63,0.0,-7.748192,0.0,11.46899
18608.83,0.0,-4.833168,0.0,12.365318
18609.03,0.0,-3.0846176,0.0,11.85939
18609.23,0.0,-5.103462,0.0,5.7678895
18609.43,0.0,-0.029823303,0.0,13.557922
18609.63,0.0,-1.8953781,0.0,13.075718
18609.83,0.0,1.1927261,0.0,12.111378
18610.03,0.0,-3.9036179,0.0,5.183101
18610.23,0.0,-6.465637,0.0,12.539835
18610.43,0.0,-5.152954,0.0,12.452534
18610.63,0.0,-4.366806,0.0,11.764809
18610.83,0.0,-7.1624527,0.0,10.668335
18611.03,0.0,-6.7904434,0.0,13.131672
18611.23,0.0,-7.2324677,0.0,11.092134
18611.43,0.0,-5.886093,0.0,6.8053637
18611.63,0.0,-5.145729,0.0,8.342394
18611.83,0.0,-5.0408096,0.0,4.913856
18612.03,0.0,0.14281464,0.0,14.371321
18612.23,0.0,-5.341484,0.0,12.543131
18612.43,0.0,-4.1566772,0.0,6.1050305
18612.63,0.0,-6.2532196,0.0,11.9362545
18612.83,0.0,4.368187,0.0,12.67165
18613.03,0.0,-3.0261612,0.0,4.4409723
18613.23,0.0,-7.78994,0.0,11.786261
18613.43,0.0,-2.0478363,0.0,12.70891
18613.63,0.0,-7.0809097,0.0,12.389906
18613.83,0.0,-4.592827,0.0,12.11734
18614.03,0.0,0.31334686,0.0,7.952514
18614.23,0.0,-6.3504715,0.0,8.875917
18614.43,0.0,-6.182869,0.0,11.704603
18614.63,0.0,14.577427,0.0,5.6975956
18614.83,0.0,-5.385124,0.0,12.475079
18615.03,0.0,-4.9733734,0.0,12.888872
18615.23,0.0,-8.892448,0.0,11.323132
18615.43,0.0,-5.825592,0.0,12.77895
18615.63,0.0,-3.8032455,0.0,7.999897
18615.83,0.0,-5.406662,0.0,9.817776
18616.03,0.0,0.49626923,0.0,1.9099693
18616.23,0.0,-7.8211136,0.0,10.565878
18616.43,0.0,-5.2484818,0.0,13.716528
18616.63,0.0,-4.764511,0.0,13.455704
18616.83,0.0,-5.8265915,0.0,4.6146426
18617.03,0.0,-4.3261566,0.0,9.266699
18617.23,0.0,-8.188034,0.0,13.00099
18617.43,0.0,-2.3454208,0.0,11.842417
18617.63,0.0,-8.465851,0.0,6.661665
18617.83,0.0,-6.107628,0.0,13.09404
18618.03,0.0,2.9523163,0.0,14.173256
18618.23,0.0,-0.81072235,0.0,12.3726845
18618.43,0.0,-7.583618,0.0,7.7939463
18618.63,0.0,-4.8099365,0.0,13.005081
18618.83,0.0,-8.043282,0.0,11.390104
18619.03,0.0,-7.938919,0.0,13.48469
18619.23,0.0,-7.4333725,0.0,7.982811
18619.43,0.0,-6.009346,0.0,11.756502
18619.63,0.0,-6.9181137,0.0,11.998487
18619.83,0.0,-5.15773,0.0,12.645224
18620.03,0.0,-6.5550995,0.0,12.079332
18620.23,0.0,-4.4121017,0.0,13.643444
18620.43,0.0,-4.29583,0.0,10.410081
18620.63,0.0,-6.7281876,0.0,12.20265
18620.83,0.0,-4.0542755,0.0,13.099451
18621.03,0.0,-6.517433,0.0,14.080538
18621.23,0.0,0.06012726,0.0,13.204716
18621.43,0.0,-4.7950897,0.0,13.241262
18621.63,0.0,-4.986496,0.0,14.093725
18621.83,0.0,-6.713585,0.0,11.794075
18622.03,0.0,-7.2364426,0.0,13.337826
18622.23,0.0,-6.8233643,0.0,11.503542
18622.43,0.0,3.633339,0.0,12.513538
18622.63,0.0,-6.7625732,0.0,13.856211
18622.83,0.0,-8.066284,0.0,12.348831
18623.03,0.0,-1.9010773,0.0,13.240791
18623.23,0.0,-3.101715,0.0,12.353426
18623.43,0.0,-6.8289566,0.0,11.458095
18623.63,0.0,-5.043579,0.0,12.867222
18623.83,0.0,-3.8882828,0.0,14.364975
18624.03,0.0,-7.005928,0.0,14.472139
18624.23,0.0,-6.558029,0.0,13.902416
18624.43,0.0,-6.534874,0.0,11.9457855
18624.63,0.0,-5.619484,0.0,8.481732
18624.83,0.0,-6.7903976,0.0,9.071418
18625.03,0.0,-7.3218613,0.0,11.079092
18625.23,0.0,-8.00853,0.0,11.908754
18625.43,0.0,-8.369949,0.0,11.453557
18625.63,0.0,-5.4718246,0.0,13.572901
18625.83,0.0,-4.2620773,0.0,5.1205506
18626.03,0.0,-7.988571,0.0,9.814964
18626.23,0.0,-5.066063,0.0,8.725336
18626.43,0.0,-4.5277786,0.0,13.57498
18626.63,0.0,-4.2294846,0.0,11.946983
18626.83,0.0,-4.848297,0.0,12.096186
18627.03,0.0,-6.640114,0.0,11.032396
18627.23,0.0,-5.194214,0.0,11.789433
18627.43,0.0,-8.764267,0.0,11.792862
18627.63,0.0,-7.9240646,0.0,12.169516
18627.83,0.0,-7.213234,0.0,13.918667
18628.03,0.0,-6.8462143,0.0,12.183443
18628.23,0.0,-0.8860016,0.0,13.319973
18628.43,0.0,-5.6041183,0.0,9.619218
18628.63,0.0,-6.159981,0.0,12.719822
18628.83,0.0,-7.766136,0.0,11.539484
18629.03,0.0,4.482788,0.0,11.225533
18629.23,0.0,-8.560226,0.0,10.860378
18629.43,0.0,2.0866547,0.0,11.322741
18629.63,0.0,-2.0684128,0.0,10.863721
18629.83,0.0,-7.2143173,0.0,12.089439
18630.03,0.0,-3.9612198,0.0,7.9390163
18630.23,0.0,-3.63385,0.0,7.0283704
18630.43,0.0,0.689209,0.0,9.548479
18630.63,0.0,-6.247078,0.0,12.221014
18630.83,0.0,-5.232315,0.0,10.951973
18631.03,0.0,0.4256897,0.0,14.35511
18631.23,0.0,-5.762268,0.0,13.390398
18631.43,0.0,0.5147705,0.0,12.939184
18631.63,0.0,-4.0639114,0.0,8.25534
18631.83,0.0,-7.2306747,0.0,10.705687
18632.03,0.0,-6.1038666,0.0,13.42902
18632.23,0.0,-1.113739,0.0,6.5114117
18632.43,0.0,9.041679,0.0,12.121098
18632.63,0.0,13.86087,0.0,8.755131
18632.83,0.0,-3.5116577,0.0,7.7474184
18633.03,0.0,-3.6588364,0.0,5.0587945
18633.23,0.0,-0.69163513,0.0,3.998528
18633.43,0.0,1.8323212,0.0,1.975899
18633.63,0.0,-6.78257,0.0,11.362032
18633.83,0.0,-6.4816437,0.0,10.022586
18634.03,0.0,-5.5632706,18.33,12.881006
18634.23,0.0,11.792835,18.33,13.178467
18634.43,0.0,-3.640007,18.33,9.28285
18634.63,0.0,-4.6959915,18.33,7.2233825
18634.83,0.0,-5.485115,18.33,10.6959305
18635.03,0.0,47.120937,18.33,7.585456
18635.23,0.0,36.05235,18.33,8.329454
18635.43,0.0,-5.239319,18.33,13.7911625
18635.63,0.0,-8.5611725,18.33,11.046805
18635.83,0.0,-2.0916061,18.33,4.1370196
18636.03,0.0,-5.022194,18.33,7.3441124
18636.23,0.0,-3.3676453,18.33,8.8778925
18636.43,0.0,-6.2152023,18.33,11.621752
18636.63,0.0,-3.2821808,18.33,4.387456
18636.83,0.0,-1.3324356,18.33,12.686451
18637.03,0.0,1.311966,18.33,6.586221
18637.23,0.0,-5.2771835,18.33,2.561901
18637.43,0.0,-8.348946,18.33,8.943239
18637.63,0.0,0.09664154,18.33,13.158304
18637.83,0.0,-4.087082,18.33,15.00728
18638.03,0.0,-6.469368,18.33,14.527979
18638.23,0.0,1.3667603,18.33,14.24538
18638.43,0.0,-5.199051,18.33,11.204949
18638.63,0.0,-7.303543,18.33,9.106388
18638.83,0.0,-5.9265976,18.33,4.5820847
18639.03,0.0,-6.5612564,18.33,12.579695
18639.23,0.0,-4.969185,18.33,8.787002
18639.43,0.0,3.7610092,18.33,12.766287
18639.63,0.0,-0.63466644,18.33,2.560916
18639.83,0.0,-6.8924866,18.33,12.331497
18640.03,0.0,-5.5710144,18.33,12.60162
18640.23,0.0,-8.549866,18.33,6.8550415
18640.43,0.0,-5.615814,18.33,8.663025
18640.63,0.0,-5.9368286,18.33,13.353836
18640.83,0.0,-4.118782,18.33,7.616709
18641.03,0.0,-6.9552917,18.33,9.245251
18641.23,0.0,-3.6473846,18.33,12.24472
18641.43,0.0,-3.1837845,18.33,12.3329735
18641.63,0.0,-4.432579,18.33,10.455435
18641.83,0.0,-1.4423904,18.33,9.406666
18642.03,0.0,-8.32119,18.33,10.749491
18642.23,0.0,-1.913475,18.33,12.668547
18642.43,0.0,-7.6951447,18.33,10.799366
18642.63,0.0,-7.3832245,18.33,11.733074
18642.83,0.0,-4.2577744,18.33,9.168453
18643.03,0.0,-1.5025253,18.33,11.643713
18643.23,0.0,-7.4958725,18.33,10.802715
18643.43,0.0,-0.7946396,18.33,13.087406
18643.63,0.0,-5.616661,18.33,13.262669
18643.83,0.0,-5.725662,18.33,12.399258
18644.03,0.0,-6.8743896,18.33,13.437866
18644.23,0.0,-4.378769,18.33,14.319481
18644.43,0.0,-3.6644669,18.33,12.464867
18644.63,0.0,-7.837517,18.33,10.999573
18644.83,0.0,4.0986786,18.33,10.828707
18645.03,0.0,-7.303734,18.33,9.495623
18645.23,0.0,-7.870865,18.33,10.451499
18645.43,0.0,-5.720726,18.33,8.319868
18645.63,0.0,-7.1722794,18.33,12.159252
18645.83,0.0,-6.3142166,18.33,14.390604
18646.03,0.0,-5.582649,18.33,13.006283
18646.23,0.0,-5.2479477,18.33,10.928944
18646.43,0.0,-5.8584976,18.33,15.193792
18646.63,0.0,-3.80764,18.33,12.938189
18646.83,0.0,-3.4391403,18.33,6.0751524
18647.03,0.0,-7.9922943,18.33,10.590243
18647.23,0.0,-6.0251007,18.33,12.281036
18647.43,0.0,0.72927094,18.33,12.329876
18647.63,0.0,-8.591774,18.33,13.755154
18647.83,0.0,-4.3405304,18.33,12.509716
18648.03,0.0,-8.787689,18.33,12.344172
18648.23,0.0,-6.55558,18.33,12.578098
18648.43,0.0,-7.1287537,18.33,11.804953
18648.63,0.0,-5.060997,18.33,7.74442
18648.83,0.0,-7.326706,18.33,14.4553795
18649.03,0.0,-9.193871,18.33,12.694817
18649.23,0.0,-7.3922806,18.33,8.334955
18649.43,0.0,-6.979416,18.33,13.348501
18649.63,0.0,2.8757248,18.33,14.188011
18649.83,0.0,-6.9787292,18.33,13.324493
18650.03,0.0,-6.9007034,18.33,9.458799
18650.23,0.0,-4.011795,18.33,13.158989
18650.43,0.0,-9.05014,18.33,10.419397
18650.63,0.0,-5.755951,18.33,12.281834
18650.83,0.0,-7.5087814,18.33,9.184486
18651.03,0.0,-6.490036,18.33,12.325972
18651.23,0.0,-4.312828,18.33,12.843319
18651.43,0.0,-7.8640137,18.33,10.806736
18651.63,0.0,-9.103889,18.33,12.46459
18651.83,0.0,-8.24221,18.33,13.946318
18652.03,0.0,-8.085999,18.33,12.491146
18652.23,0.0,-8.547348,18.33,13.929565
18652.43,0.0,-5.7495804,18.33,13.488468
18652.63,0.0,-1.1128082,18.33,12.371725
18652.83,0.0,-8.593239,18.33,12.9726715
18653.03,0.0,-4.581108,18.33,14.142267
18653.23,0.0,-9.100807,18.33,13.873493
18653.43,0.0,6.205818,18.33,13.429018
18653.63,0.0,-3.9208755,18.33,6.467401
18653.83,0.0,1.1714783,18.33,14.4357815
18654.03,0.0,-8.321541,18.33,12.607567
18654.23,0.0,-2.2079544,18.33,14.6514
18654.43,0.0,9.1625595,18.33,13.14917
18654.63,0.0,26.628624,18.33,10.890207
18654.83,0.0,8.789101,18.33,15.405886
18655.03,0.0,6.844475,18.33,14.662821
18655.23,0.0,-1.2253036,18.33,15.589785
18655.43,0.0,-3.5696487,18.33,15.307095
18655.63,0.0,4.1104507,18.33,15.267054
18655.83,0.0,7.4738693,18.33,15.94809
18656.03,0.0,6.28994,18.33,15.520624
18656.23,0.0,2.6472626,18.33,15.847561
18656.43,0.0,12.625805,18.33,15.650873
18656.63,0.0,10.034985,18.33,16.028587
18656.83,0.0,9.77153,18.33,15.836191
18657.03,0.0,14.987175,18.33,15.786457
18657.23,0.0,20.439518,18.33,15.358595
18657.43,0.0,8.56382,18.33,16.015684
18657.63,0.0,8.08078,18.33,16.32344
18657.83,0.0,4.456833,18.33,16.282154
18658.03,0.0,6.1127396,18.33,16.194607
18658.23,0.0,11.011055,18.33,16.467049
18658.43,0.0,-1.099205,18.33,16.554129
18658.63,0.0,0.20960999,18.33,16.970224
18658.83,0.0,3.946663,18.33,16.607237
18659.03,0.0,-1.449028,18.33,16.3244
18659.23,0.0,-1.0857086,18.33,16.591095
18659.43,0.0,-1.0541,18.33,16.367636
18659.63,0.0,0.46414185,18.33,16.448997
18659.83,0.0,0.24668121,18.33,16.61199
18660.03,0.0,1.0647049,18.33,16.108187
18660.23,0.0,-1.1456146,18.33,16.55267
18660.43,0.0,3.6168213,18.33,16.650349
18660.63,0.0,1.3238983,18.33,16.5068
18660.83,0.0,0.45114136,18.33,16.240667
18661.03,0.0,2.4945374,18.33,16.425293
18661.23,0.0,4.625946,18.33,16.581406
18661.43,0.0,1.4950485,18.33,15.9118595
18661.63,0.0,3.079361,18.33,16.356047
18661.83,0.0,4.543152,18.33,16.329706
18662.03,0.0,4.859001,18.33,16.41449
18662.23,0.0,5.475464,18.33,16.408089
18662.43,0.0,5.467964,18.33,16.414783
18662.63,0.0,2.6677933,18.33,16.287916
18662.83,0.0,4.3979263,18.33,16.2584
18663.03,0.0,3.2743301,18.33,16.369303
18663.23,0.0,3.3059845,18.33,16.223576
18663.43,0.0,3.4928513,18.33,16.152693
18663.63,0.0,4.83992,18.33,16.31453
18663.83,0.0,4.138275,18.33,16.133734
18664.03,0.0,2.5619125,18.33,16.313856
18664.23,0.0,5.3825836,18.33,16.309433
18664.43,0.0,6.120819,18.33,16.257206
18664.63,0.0,7.2988663,18.33,16.26954
18664.83,0.0,5.888977,18.33,16.304947
18665.03,0.0,5.8859177,18.33,16.3859
18665.23,0.0,5.878418,18.33,16.228004
18665.43,0.0,6.06514,18.33,16.340813
18665.63,0.0,6.6514664,18.33,16.258204
18665.83,0.0,6.7437897,18.33,16.284842
18666.03,0.0,5.785179,18.33,16.222519
18666.23,0.0,7.5503387,18.33,16.24234
18666.43,0.0,7.198761,18.33,16.306063
18666.63,0.0,7.378189,18.33,16.245386
18666.83,0.0,8.702408,18.33,16.278349
18667.03,0.0,8.278801,18.33,16.278149
18667.23,0.0,8.031967,18.33,16.253504
18667.43,0.0,9.521011,18.33,16.160639
18667.63,0.0,9.947945,18.33,16.240667
18667.83,0.0,7.417038,18.33,16.160833
18668.03,116.67,7.2007446,18.33,16.265215
18668.23,116.67,6.742546,18.33,16.219889
18668.43,116.67,7.582161,18.33,16.191336
18668.63,116.67,10.315044,18.33,16.167719
18668.83,116.67,9.994339,18.33,16.15265
18669.03,116.67,6.284218,18.33,16.342667
18669.23,116.67,6.3951263,18.33,16.291695
18669.43,116.67,5.855606,18.33,16.28899
18669.63,116.67,6.585602,18.33,16.288475
18669.83,116.67,7.5403137,18.33,16.216766
18670.03,116.67,7.6059036,18.33,16.299597
18670.23,116.67,6.3738403,18.33,16.248123
18670.43,116.67,7.8498383,18.33,16.13271
18670.63,116.67,8.350395,18.33,16.20687
18670.83,116.67,7.8543854,18.33,16.23843
18671.03,116.67,8.04155,18.33,16.204266
18671.23,116.67,7.435997,18.33,16.239233
18671.43,116.67,7.7825317,18.33,16.199799
18671.63,116.67,8.410225,18.33,16.07983
18671.83,116.67,6.6347885,18.33,16.231003
18672.03,116.67,5.5119476,18.33,16.34674
18672.23,116.67,3.764038,18.33,16.381895
18672.43,116.67,6.7521133,18.33,16.289545
18672.63,116.67,5.915489,18.33,16.309517
18672.83,116.67,4.3106384,18.33,16.377922
18673.03,116.67,8.400871,18.33,16.1981
18673.23,116.67,9.418777,18.33,16.19307
18673.43,116.67,6.000122,18.33,16.315678
18673.63,116.67,7.5050507,18.33,16.240265
18673.83,116.67,6.7741394,18.33,16.301743
18674.03,116.67,5.843689,18.33,16.357094
18674.23,116.67,7.800415,18.33,16.315844
18674.43,116.67,8.350533,18.33,16.278736
18674.63,116.67,5.2594604,18.33,16.447594
18674.83,116.67,7.189911,18.33,16.187452
18675.03,116.67,6.6611176,18.33,16.310936
18675.23,116.67,7.052017,18.33,16.33326
18675.43,116.67,10.8165245,18.33,16.065231
18675.63,116.67,7.9532394,18.33,16.392298
18675.83,116.67,7.848572,18.33,16.41401
18676.03,116.67,7.7254715,18.33,16.367796
18676.23,116.67,5.471924,18.33,16.403145
18676.43,116.67,5.2840805,18.33,16.390535
18676.63,116.67,6.049217,18.33,16.420435
18676.83,116.67,5.1890945,18.33,16.406977
18677.03,116.67,6.924492,18.33,16.489927
18677.23,116.67,6.570244,18.33,16.539495
18677.43,116.67,5.6217422,18.33,16.588251
18677.63,116.67,7.256653,18.33,16.443104
18677.83,116.67,9.558559,18.33,16.45732
18678.03,116.67,8.600807,18.33,16.298418
18678.23,116.67,7.4193573,18.33,16.464241
18678.43,116.67,4.9802322,18.33,16.50029
18678.63,116.67,7.4157333,18.33,16.596243
18678.83,116.67,8.275047,18.33,16.482052
18679.03,116.67,5.2094193,18.33,16.572895
18679.23,116.67,7.7716064,18.33,16.637556
18679.43,116.67,9.024475,18.33,16.538734
18679.63,116.67,5.1233063,18.33,16.622862
18679.83,116.67,5.109543,18.33,16.548594
18680.03,116.67,6.022522,18.33,16.61467
18680.23,116.67,8.693436,18.33,16.628794
18680.43,116.67,7.54895,18.33,16.572264
18680.63,116.67,8.016418,18.33,16.677753
18680.83,116.67,8.506805,18.33,16.609528
18681.03,116.67,7.910118,18.33,16.713106
18681.23,116.67,5.4655533,18.33,16.680363
18681.43,116.67,7.3678055,18.33,16.69852
18681.63,116.67,8.676338,18.33,16.66701
18681.83,116.67,7.2842255,18.33,16.68574
18682.03,116.67,10.96217,18.33,16.623116
18682.23,116.67,12.412773,18.33,16.561617
18682.43,116.67,16.400528,18.33,16.454018
18682.63,116.67,17.599777,18.33,16.327118
18682.83,116.67,23.03397,18.33,16.078487
18683.03,116.67,30.445301,18.33,15.687216
18683.23,116.67,34.687874,18.33,15.349628
18683.43,116.67,44.551575,18.33,14.867489
18683.63,116.67,50.7901,18.33,14.448263
18683.83,116.67,66.91254,18.33,13.651045
18684.03,116.67,78.03845,18.33,12.969084
18684.23,116.67,91.565445,18.33,12.255529
18684.43,116.67,96.13542,18.33,12.003279
18684.63,116.67,107.94403,18.33,11.469376
18684.83,116.67,117.357635,18.33,10.912596
18685.03,116.67,128.2493,18.33,10.381285
18685.23,116.67,140.86215,18.33,9.696068
18685.43,116.67,147.11914,18.33,9.289484
18685.63,116.67,152.6304,18.33,9.028088
18685.83,116.67,156.71698,18.33,8.815754
18686.03,116.67,163.10855,18.33,8.441868
18686.23,116.67,168.51187,18.33,8.116903
18686.43,116.67,175.83722,18.33,7.7064385
18686.63,116.67,177.29549,18.33,7.6278567
18686.83,116.67,178.14212,18.33,7.5248966
18687.03,116.67,176.2085,18.33,7.6633587
18687.23,116.67,176.52133,18.33,7.660525
18687.43,116.67,177.75836,18.33,7.5649266
18687.63,116.67,184.44366,18.33,7.19843
18687.83,116.67,186.81775,18.33,7.0342226
18688.03,116.67,176.49692,18.33,7.5944133
18688.23,116.67,181.06886,18.33,7.3434725
18688.43,116.67,179.41452,18.33,7.453336
18688.63,116.67,185.38571,18.33,7.08749
18688.83,116.67,181.2421,18.33,7.3083954
18689.03,116.67,181.21896,18.33,7.280904
18689.23,116.67,180.23105,18.33,7.3711367
18689.43,116.67,181.91754,18.33,7.286766
18689.63,116.67,180.30872,18.33,7.3790746
18689.83,116.67,181.2561,18.33,7.21415
18690.03,116.67,178.47635,18.33,7.5012703
18690.23,116.67,170.52306,18.33,7.8438773
18690.43,116.67,171.06099,18.33,7.7871027
18690.63,116.67,169.32547,18.33,7.988432
18690.83,116.67,170.10754,18.33,7.914763
18691.03,116.67,165.46979,18.33,8.064074
18691.23,116.67,166.95993,18.33,8.073378
18691.43,116.67,164.7859,18.33,8.101179
18691.63,116.67,163.86496,18.33,8.287668
18691.83,116.67,165.65381,18.33,8.159462
18692.03,116.67,164.60857,18.33,8.173361
18692.23,116.67,166.99352,18.33,8.096138
18692.43,116.67,162.65337,18.33,8.253098
18692.63,116.67,164.04718,18.33,8.195272
18692.83,116.67,167.1659,18.33,8.112816
18693.03,116.67,157.08481,18.33,8.561415
18693.23,116.67,150.07947,18.33,9.0035925
18693.43,116.67,155.89203,18.33,8.653858
18693.63,116.67,152.46718,18.33,8.916458
18693.83,116.67,149.87515,18.33,9.014989
18694.03,116.67,148.59738,18.33,9.1295395
18694.23,116.67,143.84592,18.33,9.323896
18694.43,116.67,146.24426,18.33,9.251677
18694.63,116.67,139.40848,18.33,9.572981
18694.83,116.67,146.53616,18.33,9.241259
18695.03,116.67,139.91531,18.33,9.547693
18695.23,116.67,136.27554,18.33,9.854084
18695.43,116.67,129.1873,18.33,10.094522
18695.63,116.67,130.61066,18.33,10.010528
18695.83,116.67,128.73111,18.33,10.249022
18696.03,116.67,129.74406,18.33,10.125511
18696.23,116.67,131.40562,18.33,10.127222
18696.43,116.67,118.66902,18.33,10.611501
18696.63,116.67,120.41879,18.33,10.6820755
18696.83,116.67,119.39162,18.33,10.66142
18697.03,116.67,117.38102,18.33,10.798679
18697.23,116.67,116.10483,18.33,10.846972
18697.43,116.67,114.76998,18.33,10.930319
18697.63,116.67,114.158844,18.33,10.985754
18697.83,116.67,109.39856,18.33,11.155568
18698.03,116.67,108.835625,18.33,11.257934
18698.23,116.67,103.13567,18.33,11.500547
18698.43,116.67,104.95596,18.33,11.435717
18698.63,116.67,104.239296,18.33,11.477261
18698.83,116.67,109.83421,18.33,11.153141
18699.03,116.67,102.15657,18.33,11.522962
18699.23,116.67,98.72219,18.33,11.749339
18699.43,116.67,104.79143,18.33,11.371004
18699.63,116.67,98.20534,18.33,11.756282
18699.83,116.67,91.7847,18.33,12.033873
18700.03,116.67,92.80881,18.33,12.019886
18700.23,116.67,93.149025,18.33,11.881866
18700.43,116.67,98.18802,18.33,11.730446
18700.63,116.67,100.87547,18.33,11.557008
18700.83,116.67,89.19456,18.33,12.022741
18701.03,116.67,92.94624,18.33,11.776789
18701.23,116.67,97.61407,18.33,11.737136
18701.43,116.67,92.30251,18.33,11.860659
18701.63,116.67,90.18744,18.33,11.980986
18701.83,116.67,96.412254,18.33,11.715975
18702.03,116.67,91.10129,18.33,11.897269
18702.23,116.67,90.32668,18.33,11.944885
18702.43,116.67,93.68423,18.33,11.863698
18702.63,116.67,87.62115,18.33,12.038391
18702.83,116.67,86.02208,18.33,12.242147
18703.03,116.67,97.01148,18.33,11.560931
18703.23,116.67,91.170296,18.33,11.819946
18703.43,116.67,88.47712,18.33,11.953325
18703.63,116.67,88.2111,18.33,11.989702
18703.83,116.67,87.90498,18.33,11.905675
18704.03,116.67,86.37368,18.33,12.086662
18704.23,116.67,93.17894,18.33,11.61838
18704.43,116.67,93.707794,18.33,11.597946
18704.63,116.67,96.590744,18.33,11.480535
18704.83,116.67,92.87931,18.33,11.694796
18705.03,116.67,82.497215,18.33,12.034365
18705.23,116.67,87.09534,18.33,11.815106
18705.43,116.67,87.963905,18.33,11.910536
18705.63,116.67,92.37002,18.33,11.590893
18705.83,116.67,88.4657,18.33,11.810833
18706.03,116.67,86.227585,18.33,11.871941
18706.23,116.67,89.552025,18.33,11.7699585
18706.43,116.67,88.815445,18.33,11.761002
18706.63,116.67,87.95567,18.33,11.795758
18706.83,116.67,84.98355,18.33,11.9487095
18707.03,116.67,85.89535,18.33,11.917896
18707.23,116.67,94.029434,18.33,11.450659
18707.43,116.67,86.77708,18.33,11.872704
18707.63,116.67,86.10074,18.33,11.686549
18707.83,116.67,85.05486,18.33,11.888256
18708.03,116.67,83.55167,18.33,11.903688
18708.23,116.67,89.22151,18.33,11.641327
18708.43,116.67,85.29998,18.33,11.726374
18708.63,116.67,86.573326,18.33,11.848154
18708.83,116.67,83.25566,18.33,11.932432
18709.03,116.67,79.761024,18.33,12.06053
18709.23,116.67,81.05071,18.33,11.965004
18709.43,116.67,83.69527,18.33,11.865743
18709.63,116.67,86.37932,18.33,11.781862
18709.83,116.67,88.96211,18.33,11.662511
18710.03,116.67,80.22247,18.33,12.049173
18710.23,116.67,81.84791,18.33,11.913718
18710.43,116.67,83.135185,18.33,11.897234
18710.63,116.67,83.556885,18.33,11.870854
18710.83,116.67,86.01055,18.33,11.69385
18711.03,116.67,79.403625,18.33,12.022131
18711.23,116.67,85.13883,18.33,11.658577
18711.43,116.67,83.33977,18.33,11.890844
18711.63,116.67,78.63306,18.33,12.056732
18711.83,116.67,79.47879,18.33,12.091045
18712.03,116.67,78.927536,18.33,11.948818
18712.23,116.67,78.56162,18.33,12.069237
18712.43,116.67,84.278175,18.33,11.659958
18712.63,116.67,80.868744,18.33,11.883701
18712.83,116.67,77.90181,18.33,11.842702
18713.03,116.67,78.88398,18.33,12.001787
18713.23,116.67,79.94906,18.33,11.804138
18713.43,116.67,73.06677,18.33,12.057423
18713.63,116.67,75.38211,18.33,12.006483
18713.83,116.67,76.98926,18.33,11.821771
18714.03,116.67,75.790016,18.33,11.908119
18714.23,116.67,69.0263,18.33,12.159893
18714.43,116.67,72.72801,18.33,12.0051155
18714.63,116.67,78.56231,18.33,11.799883
18714.83,116.67,75.476204,18.33,11.739723
18715.03,116.67,71.52249,18.33,11.850042
18715.23,116.67,76.48078,18.33,11.779558
18715.43,116.67,74.63529,18.33,11.773961
18715.63,116.67,78.723015,18.33,11.620356
18715.83,116.67,75.64633,18.33,11.543161
18716.03,116.67,70.82952,18.33,11.915043
18716.23,116.67,73.19065,18.33,11.588282
18716.43,116.67,68.85903,18.33,11.836583
18716.63,116.67,73.09275,18.33,11.600267
18716.83,116.67,78.94204,18.33,11.369648
18717.03,116.67,75.09313,18.33,11.466541
18717.23,116.67,72.853645,18.33,11.711643
18717.43,116.67,73.64256,18.33,11.397678
18717.63,116.67,66.7639,18.33,11.918074
18717.83,116.67,69.34698,18.33,11.803698
18718.03,116.67,72.0008,6.67,11.611099
18718.23,116.67,71.55605,6.67,11.678963
18718.43,116.67,72.035,6.67,11.518337
18718.63,116.67,74.65395,6.67,11.448763
18718.83,116.67,74.39304,6.67,11.366639
18719.03,116.67,76.66288,6.67,11.263263
18719.23,116.67,73.69335,6.67,11.336782
18719.43,116.67,73.430725,6.67,11.385515
18719.63,116.67,73.38489,6.67,11.325955
18719.83,116.67,72.213036,6.67,11.197871
18720.03,116.67,77.31405,6.67,11.150652
18720.23,116.67,75.63477,6.67,11.297993
18720.43,116.67,82.85513,6.67,10.8831
18720.63,116.67,76.9414,6.67,10.866683
18720.83,116.67,76.30571,6.67,11.107952
18721.03,116.67,73.918594,6.67,11.315182
18721.23,116.67,78.43262,6.67,10.834568
18721.43,116.67,76.682884,6.67,10.965775
18721.63,116.67,75.81549,6.67,11.001236
18721.83,116.67,78.0107,6.67,10.905612
18722.03,116.67,76.48885,6.67,10.853156
18722.23,116.67,77.505714,6.67,10.852833
18722.43,116.67,75.79907,6.67,10.897468
18722.63,116.67,78.518196,6.67,10.820134
18722.83,116.67,79.046455,6.67,10.763115
18723.03,116.67,83.17347,6.67,10.598513
18723.23,116.67,71.047455,6.67,10.890385
18723.43,116.67,71.62128,6.67,10.635061
18723.63,116.67,80.210556,6.67,10.595678
18723.83,116.67,79.44487,6.67,10.399347
18724.03,116.67,77.06342,6.67,10.254196
18724.23,116.67,78.52699,6.67,10.61294
18724.43,116.67,73.4261,6.67,10.495003
18724.63,116.67,77.10463,6.67,10.399619
18724.83,116.67,81.490295,6.67,10.304539
18725.03,116.67,79.329254,6.67,10.2372465
18725.23,116.67,83.15526,6.67,10.298728
18725.43,116.67,77.21067,6.67,10.162587
18725.63,116.67,83.361694,6.67,10.240576
18725.83,116.67,84.84267,6.67,10.162411
18726.03,116.67,90.314125,6.67,9.856363
18726.23,116.67,84.91077,6.67,10.065998
18726.43,116.67,82.705124,6.67,10.2229595
18726.63,116.67,80.21965,6.67,10.369022
18726.83,116.67,78.6542,6.67,10.17518
18727.03,116.67,83.92211,6.67,10.250571
18727.23,116.67,78.7978,6.67,10.026951
18727.43,116.67,81.39089,6.67,10.204186
18727.63,116.67,84.647156,6.67,9.880226
18727.83,116.67,83.71413,6.67,9.91073
18728.03,116.67,83.9484,6.67,10.082009
18728.23,116.67,86.763596,6.67,10.112346
18728.43,116.67,84.24331,6.67,9.880649
18728.63,116.67,87.442215,6.67,10.124656
18728.83,116.67,84.34543,6.67,9.891241
18729.03,116.67,85.91196,6.67,9.942448
18729.23,116.67,87.353584,6.67,9.550779
18729.43,116.67,87.30733,6.67,9.979902
18729.63,116.67,84.33384,6.67,9.793826
18729.83,116.67,84.136665,6.67,9.786348
18730.03,116.67,86.13455,6.67,10.017515
18730.23,116.67,84.5979,6.67,9.718447
18730.43,116.67,87.963326,6.67,9.68512
18730.63,116.67,86.784225,6.67,9.884319
18730.83,116.67,86.01169,6.67,9.903957
18731.03,116.67,83.724815,6.67,9.936764
18731.23,116.67,89.75238,6.67,9.563341
18731.43,116.67,84.197845,6.67,10.051893
18731.63,116.67,81.76013,6.67,9.995934
18731.83,116.67,86.030846,6.67,9.942696
18732.03,116.67,85.66185,6.67,9.83412
18732.23,116.67,83.62932,6.67,9.923103
18732.43,116.67,83.51353,6.67,9.569146
18732.63,116.67,89.923676,6.67,9.755117
18732.83,116.67,87.105934,6.67,9.875971
18733.03,116.67,82.51656,6.67,9.858707
18733.23,116.67,84.51424,6.67,9.399317
18733.43,116.67,89.35745,6.67,9.825775
18733.63,116.67,88.897606,6.67,9.8013
18733.83,116.67,82.25794,6.67,9.839505
18734.03,116.67,83.52603,6.67,9.768276
18734.23,116.67,88.5306,6.67,9.573788
18734.43,116.67,89.06625,6.67,9.629601
18734.63,116.67,79.6931,6.67,9.640047
18734.83,116.67,79.40252,6.67,9.961403
18735.03,116.67,78.188156,6.67,9.735619
18735.23,116.67,81.47149,6.67,9.900853
18735.43,116.67,78.84807,6.67,9.384442
18735.63,116.67,82.53376,6.67,9.601807
18735.83,116.67,74.7432,6.67,9.680379
18736.03,116.67,76.58717,6.67,9.51496
18736.23,116.67,75.336464,6.67,9.382818
18736.43,116.67,73.5298,6.67,9.44928
18736.63,116.67,80.447624,6.67,9.2752285
18736.83,116.67,79.42754,6.67,9.163062
18737.03,116.67,78.30991,6.67,9.16206
18737.23,116.67,75.6875,6.67,9.261132
18737.43,116.67,84.95375,6.67,8.823123
18737.63,116.67,76.43586,6.67,8.750559
18737.83,116.67,73.30716,6.67,9.256854
18738.03,116.67,73.262436,6.67,8.729076
18738.23,116.67,78.96832,6.67,8.654258
18738.43,116.67,77.12014,6.67,8.403128
18738.63,116.67,74.14643,6.67,8.6631565
18738.83,116.67,79.34139,6.67,7.9284525
18739.03,116.67,71.37593,6.67,8.340873
18739.23,116.67,73.20548,6.67,8.000423
18739.43,116.67,74.21928,6.67,7.277528
18739.63,116.67,74.351395,6.67,7.5453653
18739.83,116.67,76.57894,6.67,7.2318115
18740.03,116.67,80.091515,6.67,6.917473
18740.23,116.67,79.720116,6.67,6.9411416
18740.43,116.67,82.7988,6.67,6.4104357
18740.63,116.67,78.2217,6.67,6.63778
18740.83,116.67,83.712685,6.67,6.435834
18741.03,116.67,80.83504,6.67,5.865555
18741.23,116.67,74.29333,6.67,6.3722034
18741.43,116.67,86.74017,6.67,5.2855606
18741.63,116.67,84.351135,6.67,5.418502
18741.83,116.67,85.28311,6.67,4.7980905
18742.03,116.67,83.63153,6.67,4.9846754
18742.23,116.67,84.52827,6.67,4.6366076
18742.43,116.67,85.77319,6.67,4.7464375
18742.63,116.67,87.76203,6.67,4.1045866
18742.83,116.67,84.74319,6.67,4.240038
18743.03,116.67,82.31796,6.67,4.2524076
18743.23,116.67,89.25579,6.67,3.9032419
18743.43,116.67,83.747116,6.67,3.758773
18743.63,116.67,85.11664,6.67,3.7678294
18743.83,116.67,90.29717,6.67,3.3212576
18744.03,116.67,87.674545,6.67,2.896738
18744.23,116.67,93.89189,6.67,3.2858605
18744.43,116.67,87.681564,6.67,2.9467747
18744.63,116.67,93.80766,6.67,3.3995
18744.83,116.67,94.90359,6.67,2.8592045
18745.03,116.67,89.15343,6.67,2.3598356
18745.23,116.67,86.11432,6.67,2.6062665
18745.43,116.67,88.59175,6.67,3.593956
18745.63,116.67,85.50912,6.67,3.1694708
18745.83,116.67,93.244225,6.67,2.272657
18746.03,116.67,98.1893,6.67,2.3183627
18746.23,116.67,89.54582,6.67,2.4852955
18746.43,116.67,87.143326,6.67,2.0860267
18746.63,116.67,94.34582,6.67,1.7955856
18746.83,116.67,90.42869,6.67,1.814894
18747.03,116.67,82.574326,6.67,2.1779761
18747.23,116.67,89.778915,6.67,2.8555322
18747.43,116.67,85.36751,6.67,2.3711653
18747.63,116.67,88.252884,6.67,2.6523051
18747.83,116.67,88.45118,6.67,2.3204107
18748.03,116.67,83.54621,6.67,2.5228543
18748.23,116.67,91.887405,6.67,2.1977267
18748.43,116.67,90.91962,6.67,1.7570498
18748.63,116.67,92.48669,6.67,1.799521
18748.83,116.67,92.49335,6.67,2.0549216
18749.03,116.67,90.45387,6.67,1.8805685
18749.23,116.67,94.61819,6.67,1.7592058
18749.43,116.67,93.33522,6.67,2.041098
18749.63,116.67,94.050156,6.67,2.0490198
18749.83,116.67,93.10057,6.67,2.1410139
18750.03,116.67,87.221344,6.67,2.7076585
18750.23,116.67,89.33519,6.67,2.63555
18750.43,116.67,94.279236,6.67,2.6760917
18750.63,116.67,93.55209,6.67,2.5767188
18750.83,116.67,89.13079,6.67,2.3446684
18751.03,116.67,100.79305,6.67,1.8733249
18751.23,116.67,89.6726,6.67,2.1263247
18751.43,116.67,88.64631,6.67,2.7246623
18751.63,116.67,90.71571,6.67,2.490998
18751.83,116.67,99.5883,6.67,2.4056988
18752.03,116.67,93.87787,6.67,2.5996552
18752.23,116.67,97.71603,6.67,2.8930779
18752.43,116.67,87.71129,6.67,2.4324665
18752.63,116.67,87.82507,6.67,2.4295008
18752.83,116.67,96.70076,6.67,2.5178127
18753.03,116.67,95.16427,6.67,2.2184765
18753.23,116.67,92.84515,6.67,2.7938004
18753.43,116.67,88.26396,6.67,3.1179607
18753.63,116.67,89.90947,6.67,2.179448
18753.83,116.67,94.88779,6.67,2.3919013
18754.03,116.67,88.83334,6.67,2.6268241
18754.23,116.67,93.862915,6.67,2.4816298
18754.43,116.67,95.07637,6.67,2.7869506
18754.63,116.67,98.14732,6.67,2.9456615
18754.83,116.67,90.42344,6.67,2.8655248
18755.03,116.67,99.37862,6.67,2.4222012
18755.23,116.67,95.39598,6.67,2.574871
18755.43,116.67,93.53375,6.67,2.711254
18755.63,116.67,99.41811,6.67,2.592028
18755.83,116.67,99.57246,6.67,3.2380147
18756.03,116.67,96.27329,6.67,2.8422432
18756.23,116.67,99.76922,6.67,2.2535653
18756.43,116.67,97.78935,6.67,2.1177263
18756.63,116.67,89.51914,6.67,2.67413
18756.83,116.67,90.74047,6.67,3.4543686
18757.03,116.67,92.461044,6.67,2.850329
18757.23,116.67,91.867676,6.67,3.291895
18757.43,116.67,92.038414,6.67,3.3332336
18757.63,116.67,91.82141,6.67,3.494646
18757.83,116.67,93.09417,6.67,2.8432794
18758.03,116.67,100.24602,6.67,2.960488
18758.23,116.67,90.91304,6.67,2.844749
18758.43,116.67,91.763,6.67,3.4556556
18758.63,116.67,92.78889,6.67,3.3451385
18758.83,116.67,95.17613,6.67,3.4817927
18759.03,116.67,93.48803,6.67,3.6714597
18759.23,116.67,93.90102,6.67,2.8307967
18759.43,116.67,101.07045,6.67,2.877287
18759.63,116.67,96.435715,6.67,3.5338697
18759.83,116.67,89.736046,6.67,3.3243163
18760.03,116.67,95.746475,6.67,3.2187948
18760.23,116.67,100.33622,6.67,3.2892044
18760.43,116.67,96.546646,6.67,3.366157
18760.63,116.67,98.93704,6.67,3.016326
18760.83,116.67,95.58101,6.67,3.0535183
18761.03,116.67,95.41318,6.67,3.4865599
18761.23,116.67,98.64775,6.67,3.8012314
18761.43,116.67,97.82742,6.67,3.4373493
18761.63,116.67,99.87648,6.67,2.9221306
18761.83,116.67,101.015396,6.67,3.1674747
18762.03,116.67,92.082245,6.67,4.0077996
18762.23,116.67,95.21434,6.67,3.250491
18762.43,116.67,101.94161,6.67,2.9182482
18762.63,116.67,98.10724,6.67,3.5647688
18762.83,116.67,96.99558,6.67,3.403596
18763.03,116.67,94.865585,6.67,3.3633332
18763.23,116.67,98.42946,6.67,3.3904505
18763.43,116.67,92.388824,6.67,4.615945
18763.63,116.67,96.028435,6.67,4.074877
18763.83,116.67,100.840836,6.67,3.3209946
18764.03,116.67,93.15007,6.67,3.8604658
18764.23,116.67,100.610435,6.67,3.767461
18764.43,116.67,96.34975,6.67,3.8400674
18764.63,116.67,100.46895,6.67,3.5863523
18764.83,116.67,103.72513,6.67,3.5451393
18765.03,116.67,102.14248,6.67,3.9748404
18765.23,116.67,96.963005,6.67,4.1156006
18765.43,116.67,103.51107,6.67,3.3178508
18765.63,116.67,98.87839,6.67,3.754512
18765.83,116.67,100.27556,6.67,3.8437917
18766.03,116.67,103.06318,6.67,3.6709535
18766.23,116.67,100.54025,6.67,3.9384847
18766.43,116.67,99.01625,6.67,4.233395
18766.63,116.67,96.73088,6.67,4.4592648
18766.83,116.67,98.27225,6.67,4.5228314
18767.03,116.67,96.9539,6.67,4.585079
18767.23,116.67,100.90413,6.67,4.026143
18767.43,116.67,103.96415,6.67,3.6607504
18767.63,116.67,98.12361,6.67,3.9873757
18767.83,116.67,98.3342,6.67,3.9294748
18768.03,116.67,95.946945,6.67,4.0183463
18768.23,116.67,99.01384,6.67,4.4253426
18768.43,116.67,98.75718,6.67,4.2780037
18768.63,116.67,102.54071,6.67,3.712193
18768.83,116.67,100.50505,6.67,4.158564
18769.03,116.67,99.11354,6.67,4.472245
18769.23,116.67,100.564384,6.67,3.8806686
18769.43,116.67,98.63131,6.67,4.154678
18769.63,116.67,97.92198,6.67,4.374186
18769.83,116.67,102.93738,6.67,3.9231975
18770.03,116.67,103.42766,6.67,3.8315594
18770.23,116.67,101.833496,6.67,3.3760235
18770.43,116.67,98.869644,6.67,3.532193
18770.63,116.67,102.668335,6.67,3.9691858
18770.83,116.67,100.81738,6.67,4.157598
18771.03,116.67,97.062546,6.67,4.760222
18771.23,116.67,99.64951,6.67,5.179555
18771.43,116.67,102.80139,6.67,4.700504
18771.63,116.67,101.44308,6.67,4.1819925
18771.83,116.67,100.18774,6.67,4.7616825
18772.03,116.67,97.7072,6.67,4.715032
18772.23,116.67,92.798256,6.67,5.2675385
18772.43,116.67,96.70964,6.67,4.8532567
18772.63,116.67,97.906136,6.67,4.460111
18772.83,116.67,99.170364,6.67,4.3522463
18773.03,116.67,99.413956,6.67,4.6158104
18773.23,116.67,95.60612,6.67,5.2837505
18773.43,116.67,95.26737,6.67,5.0598783
18773.63,116.67,100.367226,6.67,4.92823
18773.83,116.67,97.89432,6.67,4.4195347
18774.03,116.67,100.15533,6.67,5.1221004
18774.23,116.67,93.44664,6.67,4.9379916
18774.43,116.67,99.51645,6.67,3.949055
18774.63,116.67,94.63887,6.67,4.5639377
18774.83,116.67,100.07385,6.67,4.7325554
18775.03,116.67,100.92279,6.67,4.8807554
18775.23,116.67,101.86108,6.67,4.5219474
18775.43,116.67,100.74433,6.67,5.070693
18775.63,116.67,101.479454,6.67,4.3129315
18775.83,116.67,102.73251,6.67,4.575466
18776.03,116.67,97.98227,6.67,3.642518
18776.23,116.67,98.49583,6.67,4.5035615
18776.43,116.67,94.552345,6.67,4.9752545
18776.63,116.67,101.27529,6.67,4.3488393
18776.83,116.67,103.79216,6.67,4.424464
18777.03,116.67,104.75471,6.67,5.3433924
18777.23,116.67,99.302734,6.67,5.2292566
18777.43,116.67,102.489395,6.67,5.0462117
18777.63,116.67,102.02605,6.67,5.119527
18777.83,116.67,100.26875,6.67,4.6067424
18778.03,116.67,100.69922,6.67,5.1292715
18778.23,116.67,98.07714,6.67,4.4131293
18778.43,116.67,102.02051,6.67,5.048859
18778.63,116.67,103.84567,6.67,4.715794
18778.83,116.67,103.13522,6.67,5.1088257
18779.03,116.67,101.21434,6.67,4.5622253
18779.23,116.67,106.09065,6.67,4.1279383
18779.43,116.67,100.84912,6.67,4.651027
18779.63,116.67,103.64572,6.67,5.0780635
18779.83,116.67,99.994385,6.67,5.436523
18780.03,123.33,105.14941,6.67,4.804823
18780.23,123.33,105.78436,6.67,5.447534
18780.43,123.33,104.093605,6.67,5.2815533
18780.63,123.33,105.82878,6.67,5.279894
18780.83,123.33,108.082634,6.67,4.4004645
18781.03,123.33,96.870026,6.67,5.609144
18781.23,123.33,104.16984,6.67,5.370262
18781.43,123.33,104.02353,6.67,5.493313
18781.63,123.33,102.3862,6.67,5.436847
18781.83,123.33,102.79123,6.67,5.3832936
18782.03,123.33,104.13411,6.67,4.8631077
18782.23,123.33,103.6301,6.67,4.834899
18782.43,123.33,106.079575,6.67,5.0592084
18782.63,123.33,110.045395,6.67,5.047506
18782.83,123.33,103.66712,6.67,5.6869426
18783.03,123.33,104.48107,6.67,6.2145023
18783.23,123.33,99.54514,6.67,6.5128326
18783.43,123.33,97.91307,6.67,5.487657
18783.63,123.33,102.78385,6.67,5.857229
18783.83,123.33,107.903465,6.67,5.657552
18784.03,123.33,108.03021,6.67,5.842558
18784.23,123.33,105.01847,6.67,6.0471544
18784.43,123.33,105.46619,6.67,6.316551
18784.63,123.33,105.89406,6.67,5.643407
18784.83,123.33,104.970825,6.67,5.4836016
18785.03,123.33,102.320206,6.67,5.7590938
18785.23,123.33,105.44189,6.67,5.6403685
18785.43,123.33,111.04697,6.67,6.733885
18785.63,123.33,105.88376,6.67,6.139516
18785.83,123.33,105.153915,6.67,5.7268047
18786.03,123.33,102.42544,6.67,5.2860117
18786.23,123.33,105.47917,6.67,6.2915034
18786.43,123.33,106.30611,6.67,6.3853025
18786.63,123.33,104.82041,6.67,6.2278466
18786.83,123.33,106.11748,6.67,6.373273
18787.03,123.33,104.81998,6.67,6.339342
18787.23,123.33,110.00244,6.67,5.9672327
18787.43,123.33,107.012054,6.67,5.6154203
18787.63,123.33,109.242966,6.67,5.7122126
18787.83,123.33,112.12899,6.67,6.378611
18788.03,123.33,108.412056,6.67,6.6925154
18788.23,123.33,108.0805,6.67,5.6437583
18788.43,123.33,105.676125,6.67,6.3362236
18788.63,123.33,110.780014,6.67,6.154377
18788.83,123.33,108.11017,6.67,5.931759
18789.03,123.33,109.15788,6.67,6.2584867
18789.23,123.33,109.432945,6.67,6.238265
18789.43,123.33,105.805664,6.67,6.352824
18789.63,123.33,104.83033,6.67,6.8351936
18789.83,123.33,107.99127,6.67,6.567301
18790.03,123.33,111.322815,6.67,6.7120113
18790.23,123.33,113.49106,6.67,6.3403454
18790.43,123.33,115.57567,6.67,6.127184
18790.63,123.33,109.50967,6.67,6.4031096
18790.83,123.33,112.93625,6.67,6.4735756
18791.03,123.33,105.42336,6.67,5.931899
18791.23,123.33,108.72624,6.67,6.2120156
18791.43,123.33,111.8156,6.67,5.9928627
18791.63,123.33,106.72214,6.67,6.4470124
18791.83,123.33,108.83763,6.67,6.475057
18792.03,123.33,111.899216,6.67,6.6300173
18792.23,123.33,111.09538,6.67,6.0835123
18792.43,123.33,107.379196,6.67,6.8852525
18792.63,123.33,108.205765,6.67,6.9844713
18792.83,123.33,111.769424,6.67,6.7573776
18793.03,123.33,113.6898,6.67,6.523744
18793.23,123.33,108.06369,6.67,6.826538
18793.43,123.33,107.511604,6.67,7.122659
18793.63,123.33,107.49893,6.67,6.480331
18793.83,123.33,112.89189,6.67,6.4707794
18794.03,123.33,108.342285,6.67,6.3130875
18794.23,123.33,109.9726,6.67,6.3853455
18794.43,123.33,115.824585,6.67,6.2665386
18794.63,123.33,111.906586,6.67,6.6826887
18794.83,123.33,111.3416,6.67,6.4911003
18795.03,123.33,110.94446,6.67,6.9625864
18795.23,123.33,116.15213,6.67,6.501063
18795.43,123.33,113.69322,6.67,6.745899
18795.63,123.33,114.652016,6.67,6.5210075
18795.83,123.33,112.11705,6.67,6.692438
18796.03,123.33,112.09009,6.67,6.4261475
18796.23,123.33,116.51074,6.67,5.9545712
18796.43,123.33,108.567856,6.67,6.657726
18796.63,123.33,110.41784,6.67,6.8788776
18796.83,123.33,110.26336,6.67,6.909112
18797.03,123.33,116.38547,6.67,6.6072245
18797.23,123.33,115.4578,6.67,6.422929
18797.43,123.33,115.09473,6.67,6.8090696
18797.63,123.33,112.317955,6.67,6.7556996
18797.83,123.33,118.10216,6.67,6.414667
18798.03,123.33,110.70148,6.67,7.005021
18798.23,123.33,113.25119,6.67,7.0299263
18798.43,123.33,115.12374,6.67,6.7981358
18798.63,123.33,115.54344,6.67,6.664956
18798.83,123.33,114.890396,6.67,6.6224666
18799.03,123.33,115.65549,6.67,7.0808535
18799.23,123.33,115.60504,6.67,7.0899887
18799.43,123.33,114.40669,6.67,6.6864834
18799.63,123.33,115.258606,6.67,6.9630885
18799.83,123.33,116.16545,6.67,7.099288
18800.03,123.33,120.70514,6.67,6.7318163
18800.23,123.33,115.5137,6.67,6.764771
18800.43,123.33,115.82966,6.67,7.100916
18800.63,123.33,114.46878,6.67,7.1278787
18800.83,123.33,121.34181,6.67,6.674592
18801.03,123.33,113.5623,6.67,7.2862616
18801.23,123.33,118.76053,6.67,6.7310925
18801.43,123.33,114.2404,6.67,6.8599916
18801.63,123.33,116.944016,6.67,7.233859
18801.83,123.33,111.68502,6.67,7.401642
18802.03,123.33,111.75676,6.67,7.129921
18802.23,123.33,113.99744,6.67,7.4508443
18802.43,123.33,118.65399,6.67,6.9298077
18802.63,123.33,115.461655,6.67,6.9962807
18802.83,123.33,114.949936,6.67,7.524968
18803.03,123.33,120.89906,6.67,6.87216
18803.23,123.33,119.276566,6.67,6.9260864
18803.43,123.33,123.05034,6.67,6.5416317
18803.63,123.33,124.1089,6.67,6.331355
18803.83,123.33,119.764786,6.67,6.1053314
18804.03,123.33,123.65314,6.67,6.8263655
18804.23,123.33,121.51355,6.67,6.683368
18804.43,123.33,125.60335,6.67,6.3031497
18804.63,123.33,124.79245,6.67,6.5188904
18804.83,123.33,119.33975,6.67,6.8833904
18805.03,123.33,121.870125,6.67,6.4640374
18805.23,123.33,120.66275,6.67,7.0400586
18805.43,123.33,119.566666,6.67,6.76367
18805.63,123.33,125.829834,6.67,6.3671865
18805.83,123.33,122.165054,6.67,6.442627
18806.03,123.33,119.233025,6.67,6.2764606
18806.23,123.33,123.80948,6.67,6.6057754
18806.43,123.33,119.01195,6.67,6.547287
18806.63,123.33,126.777794,6.67,6.4549913
18806.83,123.33,125.58296,6.67,6.8250237
18807.03,123.33,130.58476,6.67,6.871852
18807.23,123.33,126.81477,6.67,6.1694765
18807.43,123.33,129.3376,6.67,6.221881
18807.63,123.33,122.91876,6.67,6.552884
18807.83,123.33,122.23413,6.67,6.881332
18808.03,123.33,126.748795,6.67,6.805935
18808.23,123.33,129.24596,6.67,7.2549467
18808.43,123.33,120.774506,6.67,7.135078
18808.63,123.33,126.17967,6.67,7.068734
18808.83,123.33,121.85446,6.67,7.159282
18809.03,123.33,126.317856,6.67,6.8213778
18809.23,123.33,120.75089,6.67,7.1182146
18809.43,123.33,124.44304,6.67,7.2331247
18809.63,123.33,127.31686,6.67,7.121929
18809.83,123.33,126.19412,6.67,7.1882033
18810.03,123.33,120.54207,6.67,7.447668
18810.23,123.33,123.48279,6.67,7.148981
18810.43,123.33,126.40787,6.67,7.1079893
18810.63,123.33,125.69841,6.67,6.9593773
18810.83,123.33,119.4186,6.67,6.949956
18811.03,123.33,123.82821,6.67,7.202986
18811.23,123.33,125.39946,6.67,7.335618
18811.43,123.33,128.893,6.67,6.1974173
18811.63,123.33,132.58344,6.67,6.483168
18811.83,123.33,129.55383,6.67,6.530355
18812.03,123.33,126.706436,6.67,6.728848
18812.23,123.33,126.27068,6.67,7.3543143
18812.43,123.33,125.2995,6.67,7.0446367
18812.63,123.33,121.03038,6.67,7.323595
18812.83,123.33,134.01653,6.67,6.919033
18813.03,123.33,132.3402,6.67,6.539033
18813.23,123.33,128.42204,6.67,6.8119965
18813.43,123.33,120.85946,6.67,7.2694564
18813.63,123.33,124.779564,6.67,7.2588034
18813.83,123.33,120.88418,6.67,7.1923194
18814.03,123.33,128.23607,6.67,7.259342
18814.23,123.33,125.63543,6.67,7.0421143
18814.43,123.33,121.9116,6.67,7.246928
18814.63,123.33,122.844925,6.67,7.237873
18814.83,123.33,123.90434,6.67,6.917844
18815.03,123.33,124.08415,6.67,7.220213
18815.23,123.33,128.23402,6.67,7.0115614
18815.43,123.33,129.94052,6.67,6.8370476
18815.63,123.33,129.41101,6.67,6.6587687
18815.83,123.33,122.87516,6.67,7.197815
18816.03,123.33,129.07535,6.67,7.1289177
18816.23,123.33,120.29326,6.67,7.4184413
18816.43,123.33,126.269424,6.67,7.2503223
18816.63,123.33,126.138916,6.67,7.0787096
18816.83,123.33,122.5887,6.67,7.3874407
18817.03,123.33,127.901886,6.67,7.0929523
18817.23,123.33,125.587326,6.67,7.076
18817.43,123.33,134.79425,6.67,6.615576
18817.63,123.33,131.22351,6.67,6.8370748
18817.83,123.33,125.05282,6.67,7.286837
18818.03,123.33,127.20003,6.67,7.224613
18818.23,123.33,121.37945,6.67,6.7522135
18818.43,123.33,128.09705,6.67,6.709405
18818.63,123.33,125.67146,6.67,7.0779896
18818.83,123.33,121.72174,6.67,7.0018387
18819.03,123.33,126.201996,6.67,6.883013
18819.23,123.33,123.62796,6.67,6.7876616
18819.43,123.33,120.963684,6.67,6.9908376
18819.63,123.33,126.173416,6.67,7.151909
18819.83,123.33,129.10211,6.67,7.01902
18820.03,123.33,132.23947,6.67,6.5451517
18820.23,123.33,125.510895,6.67,6.686734
18820.43,123.33,128.59421,6.67,6.9237547
18820.63,123.33,125.659676,6.67,7.1134806
18820.83,123.33,123.534584,6.67,7.299637
18821.03,123.33,124.46097,6.67,7.0441303
18821.23,123.33,126.15368,6.67,6.280704
18821.43,123.33,123.72779,6.67,6.8817663
18821.63,123.33,133.0709,6.67,6.801203
18821.83,123.33,127.826904,6.67,6.890953
18822.03,123.33,128.31693,6.67,7.0239697
18822.23,123.33,127.54681,6.67,7.000413
18822.43,123.33,135.97061,6.67,6.502037
18822.63,123.33,122.13031,6.67,6.9757757
18822.83,123.33,129.47087,6.67,6.800639
18823.03,123.33,122.68361,6.67,6.8174334
18823.23,123.33,128.0955,6.67,6.9921217
18823.43,123.33,124.31967,6.67,6.831694
18823.63,123.33,126.12463,6.67,6.549217
18823.83,123.33,118.46359,6.67,7.2860427
18824.03,123.33,131.15988,6.67,7.02886
18824.23,123.33,125.62895,6.67,7.066964
18824.43,123.33,125.88074,6.67,7.153371
18824.63,123.33,126.921005,6.67,6.70597
18824.83,123.33,123.44591,6.67,6.9088173
18825.03,123.33,126.69556,6.67,6.7863016
18825.23,123.33,131.12189,6.67,6.543703
18825.43,123.33,130.17377,6.67,6.8922057
18825.63,123.33,127.370605,6.67,6.906039
18825.83,123.33,129.72252,6.67,6.704999
18826.03,123.33,126.280304,6.67,7.0972357
18826.23,123.33,129.66061,6.67,6.7698994
18826.43,123.33,120.5629,6.67,7.1885014
18826.63,123.33,127.3755,6.67,6.8158226
18826.83,123.33,123.974205,6.67,6.543465
18827.03,123.33,125.87709,6.67,6.8276963
18827.23,123.33,119.02467,6.67,7.3456564
18827.43,123.33,131.26376,6.67,6.96766
18827.63,123.33,123.61418,6.67,7.114995
18827.83,123.33,126.368774,6.67,7.2516975
18828.03,123.33,127.53786,6.67,6.9143934
18828.23,123.33,121.36417,6.67,6.8992295
18828.43,123.33,125.00371,6.67,6.7216816
18828.63,123.33,123.66965,6.67,6.835828
18828.83,123.33,111.33447,6.67,7.074289
18829.03,123.33,115.430855,6.67,7.243661
18829.23,123.33,125.1583,6.67,6.6666293
18829.43,123.33,125.90718,6.67,6.6049128
18829.63,123.33,121.440994,6.67,7.0805798
18829.83,123.33,134.03323,6.67,6.8882027
18830.03,123.33,126.245575,6.67,6.915938
18830.23,123.33,123.17313,6.67,6.9679255
18830.43,123.33,122.837234,6.67,6.8247614
18830.63,123.33,122.272125,6.67,6.7366085
18830.83,123.33,124.38625,6.67,7.0375805
18831.03,123.33,122.92319,6.67,6.9721637
18831.23,123.33,122.04497,6.67,7.023499
18831.43,123.33,116.073715,6.67,7.1669264
18831.63,123.33,121.42915,6.67,6.9901166
18831.83,123.33,116.745804,6.67,6.884841
18832.03,123.33,120.06929,6.67,6.999633
18832.23,123.33,123.40163,6.67,6.72458
18832.43,123.33,124.63739,6.67,6.7173147
18832.63,123.33,128.77005,6.67,6.455859
18832.83,123.33,121.21135,6.67,6.7044983
18833.03,123.33,122.90192,6.67,6.6888404
18833.23,123.33,121.163666,6.67,6.7848473
18833.43,123.33,125.209946,6.67,6.821178
18833.63,123.33,120.362366,6.67,6.9696
18833.83,123.33,123.40665,6.67,6.8527145
18834.03,123.33,125.20085,6.67,6.811758
18834.23,123.33,124.68899,6.67,6.9052076
18834.43,123.33,117.85466,6.67,7.0539956
18834.63,123.33,120.73129,6.67,6.9466233
18834.83,123.33,117.660904,6.67,6.847229
18835.03,123.33,114.898285,6.67,6.922326
18835.23,123.33,113.602264,6.67,7.111
18835.43,123.33,127.99536,6.67,6.8164835
18835.63,123.33,122.85426,6.67,6.8880434
18835.83,123.33,123.548355,6.67,6.811642
18836.03,123.33,125.28856,6.67,6.8153706
18836.23,123.33,122.19048,6.67,6.906557
18836.43,123.33,122.744354,6.67,6.9210877
18836.63,123.33,122.66605,6.67,6.782584
18836.83,123.33,127.63048,6.67,6.89742
18837.03,123.33,129.32532,6.67,6.6821723
18837.23,123.33,122.50574,6.67,6.8419538
18837.43,123.33,119.94594,6.67,7.053804
18837.63,123.33,123.511215,6.67,6.734125
18837.83,123.33,118.7083,6.67,6.941266
18838.03,123.33,122.41145,6.67,7.102555
18838.23,123.33,125.84868,6.67,6.56417
18838.43,123.33,123.10324,6.67,6.636057
18838.63,123.33,123.33276,6.67,6.687028
18838.83,123.33,122.132645,6.67,6.811491
18839.03,123.33,120.69797,6.67,6.8382072
18839.23,123.33,125.09561,6.67,6.807152
18839.43,123.33,129.18985,6.67,6.759762
18839.63,123.33,125.6533,6.67,6.6292977
18839.83,123.33,122.55421,6.67,6.633229
18840.03,123.33,124.397156,6.67,6.3069596
18840.23,123.33,118.95003,6.67,6.612057
18840.43,123.33,121.10774,6.67,7.114138
18840.63,123.33,119.99106,6.67,6.981509
18840.83,123.33,126.3189,6.67,6.7440414
18841.03,123.33,116.03978,6.67,7.0292263
18841.23,123.33,125.66469,6.67,6.5844445
18841.43,123.33,122.88202,6.67,6.400659
18841.63,123.33,119.89559,6.67,6.741291
18841.83,123.33,125.38462,6.67,6.682494
18842.03,123.33,128.739,6.67,6.8516426
18842.23,123.33,127.32399,6.67,6.6462326
18842.43,123.33,119.82654,6.67,6.753024
18842.63,123.33,125.90376,6.67,6.9470587
18842.83,123.33,120.9881,6.67,6.690298
18843.03,123.33,131.27036,6.67,6.04515
18843.23,123.33,120.37578,6.67,6.574542
18843.43,123.33,125.59494,6.67,6.820092
18843.63,123.33,130.42264,6.67,6.7168207
18843.83,123.33,125.25635,6.67,7.014276
18844.03,123.33,132.29694,6.67,6.7001214
18844.23,123.33,126.40044,6.67,6.518669
18844.43,123.33,123.10211,6.67,6.244237
18844.63,123.33,117.081985,6.67,6.6983614
18844.83,123.33,130.82083,6.67,6.588061
18845.03,123.33,123.25065,6.67,6.6601524
18845.23,123.33,128.21274,6.67,6.7216444
18845.43,123.33,122.652115,6.67,6.542245
18845.63,123.33,120.27048,6.67,6.6252985
18845.83,123.33,126.30481,6.67,6.5266924
18846.03,123.33,129.14102,6.67,6.235322
18846.23,123.33,123.09525,6.67,6.0774016
18846.43,123.33,120.55667,6.67,6.763197
18846.63,123.33,134.4885,6.67,6.0808616
18846.83,123.33,123.44623,6.67,6.3508034
18847.03,123.33,124.786606,6.67,6.0906334
18847.23,123.33,126.02104,6.67,6.0750127
18847.43,123.33,132.89932,6.67,6.2317724
18847.63,123.33,120.737686,6.67,6.67206
18847.83,123.33,127.97433,6.67,6.4084597
18848.03,123.33,114.546074,6.67,6.7221737
18848.23,123.33,125.37225,6.67,6.316948
18848.43,123.33,120.74155,6.67,6.541772
18848.63,123.33,126.24356,6.67,6.517843
18848.83,123.33,124.98996,6.67,6.679188
18849.03,123.33,122.749695,6.67,6.5991697
18849.23,123.33,118.17032,6.67,6.642651
18849.43,123.33,124.28962,6.67,6.389765
18849.63,123.33,119.95384,6.67,6.057271
18849.83,123.33,124.04086,6.67,6.198595
18850.03,123.33,117.73362,6.67,6.719223
18850.23,123.33,119.88274,6.67,6.5509787
18850.43,123.33,122.9704,6.67,6.612259
18850.63,123.33,131.12636,6.67,6.0097322
18850.83,123.33,125.47597,6.67,5.986493
18851.03,123.33,122.049126,6.67,6.597189
18851.23,123.33,131.51126,6.67,6.3483987
18851.43,123.33,119.55695,6.67,6.4676
18851.63,123.33,128.27411,6.67,6.3719144
18851.83,123.33,131.70236,6.67,5.789346
18852.03,123.33,127.09358,6.67,5.598515
18852.23,123.33,125.95331,6.67,6.2744045
18852.43,123.33,122.75697,6.67,6.261219
18852.63,123.33,111.6528,6.67,6.6676216
18852.83,123.33,119.34272,6.67,6.5402575
18853.03,123.33,121.04863,6.67,6.364867
18853.23,123.33,117.84169,6.67,6.525846
18853.43,123.33,116.21683,6.67,6.442791
18853.63,123.33,111.55626,6.67,6.3960133
18853.83,123.33,125.79886,6.67,6.461585
18854.03,123.33,126.10955,6.67,6.1151752
18854.23,123.33,121.40672,6.67,6.2301416
18854.43,123.33,123.14524,6.67,6.290349
18854.63,123.33,126.24991,6.67,5.8676386
18854.83,123.33,109.69658,6.67,6.139889
18855.03,123.33,113.96693,6.67,6.6520762
18855.23,123.33,126.25069,6.67,6.355282
18855.43,123.33,128.48769,6.67,6.2462835
18855.63,123.33,128.81612,6.67,6.5212793
18855.83,123.33,128.66183,6.67,6.1362715
18856.03,123.33,126.46311,6.67,6.0941167
18856.23,123.33,127.52327,6.67,5.573471
18856.43,123.33,127.05144,6.67,5.7108727
18856.63,123.33,124.569305,6.67,6.4605074
18856.83,123.33,134.39468,6.67,6.191984
18857.03,123.33,126.59726,6.67,6.0773563
18857.23,123.33,118.653564,6.67,6.3062215
18857.43,123.33,119.07236,6.67,6.480628
18857.63,123.33,127.09663,6.67,6.10943
18857.83,123.33,126.57283,6.67,6.2832155
18858.03,123.33,130.2056,6.67,6.121216
18858.23,123.33,122.75225,6.67,6.184333
18858.43,123.33,123.471664,6.67,6.0614357
18858.63,123.33,116.69583,6.67,6.1637173
18858.83,123.33,121.647766,6.67,6.179352
18859.03,123.33,122.54503,6.67,6.4155416
18859.23,123.33,123.32229,6.67,5.924777
18859.43,123.33,116.09149,6.67,6.347001
18859.63,123.33,132.78029,6.67,5.513113
18859.83,123.33,120.02014,6.67,5.556314
18860.03,123.33,130.02707,6.67,6.1716127
18860.23,123.33,132.7428,6.67,6.254582
18860.43,123.33,126.84602,6.67,6.10709
18860.63,123.33,122.04527,6.67,6.2210016
18860.83,123.33,122.10838,6.67,6.0004673
18861.03,123.33,122.44304,6.67,6.0208855
18861.23,123.33,128.08617,6.67,5.8948793
18861.43,123.33,127.286865,6.67,5.7815285
18861.63,123.33,123.120605,6.67,6.307843
18861.83,123.33,130.75671,6.67,5.7420225
18862.03,123.33,127.84497,6.67,5.8144875
18862.23,123.33,121.579216,6.67,5.941721
18862.43,123.33,125.772316,6.67,5.7468033
18862.63,123.33,126.85483,6.67,5.7937346
18862.83,123.33,122.77721,6.67,6.144095
18863.03,123.33,119.38228,6.67,6.326473
18863.23,123.33,123.74364,6.67,6.2991447
18863.43,123.33,119.45471,6.67,6.246007
18863.63,123.33,112.825554,6.67,6.0455627
18863.83,123.33,125.393684,6.67,6.0027356
18864.03,123.33,129.55403,6.67,5.8248906
18864.23,123.33,131.40479,6.67,6.051716
18864.43,123.33,121.526764,6.67,6.107837
18864.63,123.33,121.00108,6.67,6.2723546
18864.83,123.33,120.488464,6.67,6.031288
18865.03,123.33,124.863495,6.67,6.2110734
18865.23,123.33,130.55603,6.67,5.8891726
18865.43,123.33,130.28474,6.67,5.8966084
18865.63,123.33,130.43483,6.67,5.9725943
18865.83,123.33,118.96458,6.67,6.06231
18866.03,113.33,119.16496,6.67,5.891253
18866.23,113.33,123.21801,6.67,6.1290636
18866.43,113.33,115.43655,6.67,6.054598
18866.63,113.33,116.14279,6.67,6.098377
18866.83,113.33,128.41861,6.67,6.160043
18867.03,113.33,124.10664,6.67,5.8760843
18867.23,113.33,127.12656,6.67,5.9055953
18867.43,113.33,129.38582,6.67,6.058322
18867.63,113.33,129.83253,6.67,5.937232
18867.83,113.33,129.72858,6.67,5.8058953
18868.03,113.33,127.179146,6.67,5.966795
18868.23,113.33,129.96982,6.67,5.5193887
18868.43,113.33,127.357635,6.67,6.0507555
18868.63,113.33,127.528,6.67,5.961724
18868.83,113.33,120.51492,6.67,6.0944853
18869.03,113.33,123.0603,6.67,6.1158485
18869.23,113.33,123.75522,6.67,6.0539756
18869.43,113.33,117.04562,6.67,6.218732
18869.63,113.33,118.89134,6.67,6.4082756
18869.83,113.33,121.30012,6.67,6.3146453
18870.03,113.33,124.2048,6.67,6.0776987
18870.23,113.33,122.83001,6.67,6.2592373
18870.43,113.33,130.76598,6.67,6.0487947
18870.63,113.33,128.11197,6.67,5.808854
18870.83,113.33,126.77617,6.67,5.9621105
18871.03,113.33,128.70155,6.67,6.038231
18871.23,113.33,124.51231,6.67,6.0888147
18871.43,113.33,125.23889,6.67,6.2175646
18871.63,113.33,131.55128,6.67,5.967999
18871.83,113.33,125.07058,6.67,6.1355
18872.03,113.33,120.13616,6.67,6.3793783
18872.23,113.33,127.457245,6.67,5.8428555
18872.43,113.33,121.47857,6.67,6.2637053
18872.63,113.33,127.88951,6.67,6.1480374
18872.83,113.33,124.30405,6.67,6.093622
18873.03,113.33,124.79921,6.67,6.119066
18873.23,113.33,130.28387,6.67,5.9957333
18873.43,113.33,130.12535,6.67,5.8714905
18873.63,113.33,122.77991,6.67,6.2030725
18873.83,113.33,119.71724,6.67,6.340787
18874.03,113.33,117.05438,6.67,6.3006535
18874.23,113.33,129.0455,6.67,6.2300105
18874.43,113.33,133.77887,6.67,5.848893
18874.63,113.33,122.241196,6.67,6.2663
18874.83,113.33,133.44113,6.67,5.9218655
18875.03,113.33,129.79628,6.67,5.9753494
18875.23,113.33,121.82269,6.67,6.1226616
18875.43,113.33,120.87706,6.67,6.1244955
18875.63,113.33,123.771835,6.67,6.0573006
18875.83,113.33,133.75922,6.67,5.731997
18876.03,113.33,129.34421,6.67,5.965577
18876.23,113.33,125.80442,6.67,6.160306
18876.43,113.33,124.51701,6.67,6.265354
18876.63,113.33,132.9065,6.67,6.0724955
18876.83,113.33,133.68806,6.67,5.8478765
18877.03,113.33,129.10594,6.67,5.866227
18877.23,113.33,134.50381,6.67,6.0567846
18877.43,113.33,121.03746,6.67,6.2036176
18877.63,113.33,119.943344,6.67,6.326599
18877.83,113.33,128.22336,6.67,6.186055
18878.03,113.33,124.495804,6.67,6.2039557
18878.23,113.33,125.3484,6.67,6.3396063
18878.43,113.33,130.78845,6.67,6.0267086
18878.63,113.33,129.40775,6.67,5.9732494
18878.83,113.33,130.84439,6.67,5.8672743
18879.03,113.33,126.93825,6.67,5.980504
18879.23,113.33,128.93614,6.67,5.8495007
18879.43,113.33,125.44705,6.67,6.0406265
18879.63,113.33,126.533676,6.67,5.772423
18879.83,113.33,129.30994,6.67,5.663769
18880.03,113.33,136.2417,6.67,5.441174
18880.23,113.33,125.608536,6.67,5.994872
18880.43,113.33,120.49428,6.67,6.3587
18880.63,113.33,125.2339,6.67,6.1854606
18880.83,113.33,121.890076,6.67,6.2519274
18881.03,113.33,120.86357,6.67,5.80881
18881.23,113.33,124.37983,6.67,6.1090865
18881.43,113.33,129.33803,6.67,5.7655296
18881.63,113.33,119.249054,6.67,6.2191534
18881.83,113.33,135.57585,6.67,5.7093267
18882.03,113.33,119.51878,6.67,5.9503713
18882.23,113.33,121.900185,6.67,5.6782007
18882.43,113.33,126.4406,6.67,5.750008
18882.63,113.33,126.653984,6.67,5.9112663
18882.83,113.33,119.75423,6.67,5.8327966
18883.03,113.33,117.08859,6.67,5.8923445
18883.23,113.33,123.05352,6.67,5.810698
18883.43,113.33,119.31564,6.67,5.9610395
18883.63,113.33,130.39438,6.67,5.729205
18883.83,113.33,124.72707,6.67,5.65998
18884.03,113.33,125.78883,6.67,5.6186485
18884.23,113.33,115.94165,6.67,5.6890435
18884.43,113.33,113.505295,6.67,5.9056954
18884.63,113.33,120.46785,6.67,6.429371
18884.83,113.33,120.231735,6.67,6.20614
18885.03,113.33,119.52414,6.67,6.247636
18885.23,113.33,122.9117,6.67,5.7957573
18885.43,113.33,118.78179,6.67,5.998721
18885.63,113.33,118.75867,6.67,6.0753717
18885.83,113.33,115.01556,6.67,5.910982
18886.03,113.33,112.05386,6.67,6.1079035
18886.23,113.33,120.639084,6.67,6.140205
18886.43,113.33,124.385864,6.67,6.036806
18886.63,113.33,120.88754,6.67,5.470842
18886.83,113.33,109.67415,6.67,6.4686413
18887.03,113.33,123.20343,6.67,6.2820067
18887.23,113.33,116.38455,6.67,6.0629296
18887.43,113.33,109.66799,6.67,5.974156
18887.63,113.33,122.37172,6.67,6.013298
18887.83,113.33,118.24927,6.67,6.0685263
18888.03,113.33,119.81536,6.67,5.758154
18888.23,113.33,122.61287,6.67,5.882806
18888.43,113.33,128.5763,6.67,5.6148443
18888.63,113.33,120.337616,6.67,5.744846
18888.83,113.33,117.503654,6.67,5.8303514
18889.03,113.33,119.59141,6.67,5.8508005
18889.23,113.33,115.11795,6.67,6.3449564
18889.43,113.33,115.939804,6.67,5.7182927
18889.63,113.33,117.42925,6.67,6.2560015
18889.83,113.33,125.575745,6.67,5.999984
18890.03,113.33,116.378815,6.67,5.7719812
18890.23,113.33,122.32074,6.67,5.870901
18890.43,113.33,124.45804,6.67,5.6253524
18890.63,113.33,118.33643,6.67,5.92448
18890.83,113.33,118.53803,6.67,6.0054207
18891.03,113.33,117.21898,6.67,5.846488
18891.23,113.33,113.739334,6.67,5.996829
18891.43,113.33,115.91666,6.67,6.306261
18891.63,113.33,117.93111,6.67,5.981539
18891.83,113.33,118.776825,6.67,6.0188293
18892.03,113.33,121.01845,6.67,6.161251
18892.23,113.33,115.146675,6.67,6.412426
18892.43,113.33,114.57225,6.67,6.4403477
18892.63,113.33,113.048004,6.67,6.4306335
18892.83,113.33,115.09089,6.67,6.0976357
18893.03,113.33,122.74867,6.67,6.0675
18893.23,113.33,124.90765,6.67,5.771679
18893.43,113.33,117.8592,6.67,6.0620203
18893.63,113.33,124.03819,6.67,6.1758375
18893.83,113.33,117.899315,6.67,6.399107
18894.03,113.33,111.996445,6.67,6.2712045
18894.23,113.33,122.0406,6.67,5.8230915
18894.43,113.33,123.136665,6.67,5.1044064
18894.63,113.33,119.2264,6.67,5.3749943
18894.83,113.33,111.93321,6.67,6.182444
18895.03,113.33,112.54188,6.67,6.0110817
18895.23,113.33,113.77307,6.67,6.236969
18895.43,113.33,118.43208,6.67,6.4062243
18895.63,113.33,118.96086,6.67,6.36784
18895.83,113.33,120.88397,6.67,5.9405766
18896.03,113.33,123.2818,6.67,5.7962227
18896.23,113.33,122.30165,6.67,5.976733
18896.43,113.33,120.869,6.67,6.148388
18896.63,113.33,121.77553,6.67,6.3677206
18896.83,113.33,113.03194,6.67,6.309266
18897.03,113.33,119.10344,6.67,6.198942
18897.23,113.33,118.808075,6.67,5.7913265
18897.43,113.33,114.28567,6.67,6.015914
18897.63,113.33,123.41441,6.67,6.121933
18897.83,113.33,121.34747,6.67,6.2789965
18898.03,113.33,120.46628,6.67,5.4072976
18898.23,113.33,120.16578,6.67,5.753889
18898.43,113.33,121.88316,6.67,5.6829176
18898.63,113.33,123.3901,6.67,5.772236
18898.83,113.33,123.28449,6.67,6.267262
18899.03,113.33,123.330124,6.67,6.4684205
18899.23,113.33,110.60256,6.67,6.208411
18899.43,113.33,120.915985,6.67,6.1489778
18899.63,113.33,111.69844,6.67,6.1406918
18899.83,113.33,111.50916,6.67,6.0733557
18900.03,113.33,118.64177,6.67,6.2207317
18900.23,113.33,117.43544,6.67,6.006419
18900.43,113.33,116.46712,6.67,6.1156387
18900.63,113.33,120.33139,6.67,6.0188236
18900.83,113.33,114.696655,6.67,5.9384646
18901.03,113.33,123.92389,6.67,5.9785957
18901.23,113.33,122.18862,6.67,5.9370327
18901.43,113.33,125.72449,6.67,5.799419
18901.63,113.33,119.411156,6.67,5.9833813
18901.83,113.33,122.67672,6.67,5.8942804
18902.03,113.33,115.47664,6.67,6.226575
18902.23,113.33,112.46512,6.67,6.243183
18902.43,113.33,122.05023,6.67,6.1133637
18902.63,113.33,121.69856,6.67,6.1111407
18902.83,113.33,122.02838,6.67,6.0162964
18903.03,113.33,119.01769,6.67,5.9042664
18903.23,113.33,121.127655,6.67,6.0916123
18903.43,113.33,120.86442,6.67,6.0020714
18903.63,113.33,122.76586,6.67,5.665317
18903.83,113.33,117.03021,6.67,6.046738
18904.03,113.33,118.60178,6.67,6.1640415
18904.23,113.33,128.67783,6.67,5.8036165
18904.43,113.33,108.901886,6.67,6.0291367
18904.63,113.33,123.412476,6.67,5.8856225
18904.83,113.33,124.02051,6.67,5.951667
18905.03,113.33,128.20938,6.67,5.882961
18905.23,113.33,119.93555,6.67,5.9795804
18905.43,113.33,116.31149,6.67,6.3200502
18905.63,113.33,115.406906,6.67,6.3680067
18905.83,113.33,119.47359,6.67,6.1347494
18906.03,113.33,120.32097,6.67,6.1206474
18906.23,113.33,120.35888,6.67,6.250458
18906.43,113.33,127.2161,6.67,5.6631784
18906.63,113.33,121.91573,6.67,5.971054
18906.83,113.33,119.526215,6.67,6.358875
18907.03,113.33,115.69363,6.67,6.4526033
18907.23,113.33,120.94472,6.67,6.145101
18907.43,113.33,124.73726,6.67,5.814484
18907.63,113.33,125.583435,6.67,5.6536455
18907.83,113.33,123.09394,6.67,5.974441
18908.03,113.33,118.75183,6.67,6.0467176
18908.23,113.33,119.909325,6.67,6.104324
18908.43,113.33,112.44891,6.67,6.365262
18908.63,113.33,113.80368,6.67,6.5185046
18908.83,113.33,120.908676,6.67,5.978447
18909.03,113.33,122.47482,6.67,5.838142
18909.23,113.33,119.41333,6.67,6.1190557
18909.43,113.33,115.631195,6.67,6.227476
18909.63,113.33,119.399826,6.67,6.161604
18909.83,113.33,120.821045,6.67,6.391486
18910.03,113.33,120.39249,6.67,6.223914
18910.23,113.33,117.05215,6.67,6.123806
18910.43,113.33,121.18844,6.67,6.161799
18910.63,113.33,120.39528,6.67,6.1993895
18910.83,113.33,115.29616,6.67,6.228119
18911.03,113.33,112.8239,6.67,6.3707085
18911.23,113.33,113.01019,6.67,6.3435693
18911.43,113.33,111.86607,6.67,6.5388556
18911.63,113.33,111.24379,6.67,6.5801697
18911.83,113.33,120.70326,6.67,6.126467
18912.03,113.33,120.537476,6.67,6.307584
18912.23,113.33,115.493,6.67,6.4596915
18912.43,113.33,118.75391,6.67,6.2411585
18912.63,113.33,121.875244,6.67,6.026222
18912.83,113.33,114.04931,6.67,6.4860263
18913.03,113.33,128.21254,6.67,6.2536187
18913.23,113.33,119.811844,6.67,6.2553005
18913.43,113.33,119.36734,6.67,6.18329
18913.63,113.33,121.85971,6.67,6.2449274
18913.83,113.33,116.64285,6.67,6.272547
18914.03,113.33,114.87456,6.67,6.1985645
18914.23,113.33,120.6036,6.67,6.2339196
18914.43,113.33,116.945435,6.67,6.225246
18914.63,113.33,116.50069,6.67,6.218007
18914.83,113.33,116.60126,6.67,6.2480364
18915.03,113.33,113.1243,6.67,6.406048
18915.23,113.33,114.71538,6.67,6.1536207
18915.43,113.33,118.88797,6.67,6.223784
18915.63,113.33,117.66875,6.67,6.2593784
18915.83,113.33,111.15737,6.67,6.4367247
18916.03,113.33,112.757706,6.67,6.1869082
18916.23,113.33,118.97505,6.67,6.331444
18916.43,113.33,116.51472,6.67,6.29422
18916.63,113.33,117.82394,6.67,6.231863
18916.83,113.33,119.52156,6.67,6.0685625
18917.03,113.33,124.89032,6.67,6.067073
18917.23,113.33,119.43649,6.67,6.0918
18917.43,113.33,117.48219,6.67,6.2535076
18917.63,113.33,125.002945,6.67,6.2170305
18917.83,113.33,119.24945,6.67,6.405694
18918.03,113.33,116.85998,6.67,6.4560413
18918.23,113.33,117.458466,6.67,6.352284
18918.43,113.33,125.45688,6.67,5.663857
18918.63,113.33,114.151886,6.67,6.296115
18918.83,113.33,113.54994,6.67,6.1965704
18919.03,113.33,114.72829,6.67,6.182286
18919.23,113.33,122.82512,6.67,6.0818825
18919.43,113.33,119.61395,6.67,6.286022
18919.63,113.33,117.2345,6.67,6.2622643
18919.83,113.33,115.71312,6.67,6.256199
18920.03,113.33,112.84596,6.67,6.4745736
18920.23,113.33,113.283325,6.67,6.5265856
18920.43,113.33,110.35869,6.67,6.47926
18920.63,113.33,113.53941,6.67,6.3129187
18920.83,113.33,119.57532,6.67,6.248142
18921.03,113.33,116.99739,6.67,6.2149634
18921.23,113.33,119.28745,6.67,6.3165097
18921.43,113.33,120.24671,6.67,6.2028885
18921.63,113.33,115.42268,6.67,6.092678
18921.83,113.33,124.60666,6.67,5.8468933
18922.03,113.33,116.56111,6.67,5.864582
18922.23,113.33,114.07428,6.67,6.1901484
18922.43,113.33,123.89032,6.67,6.0628395
18922.63,113.33,120.92537,6.67,6.1501036
18922.83,113.33,116.468575,6.67,6.143837
18923.03,113.33,117.9242,6.67,6.20879
18923.23,113.33,122.31128,6.67,6.148237
18923.43,113.33,117.71777,6.67,6.226941
18923.63,113.33,115.778854,6.67,6.0462236
18923.83,113.33,114.32712,6.67,6.2024846
18924.03,113.33,122.29094,6.67,6.0021167
18924.23,113.33,118.98685,6.67,6.116235
18924.43,113.33,125.13544,6.67,6.111084
18924.63,113.33,123.719475,6.67,6.058802
18924.83,113.33,125.57401,6.67,5.7952404
18925.03,113.33,114.06462,6.67,6.230754
18925.23,113.33,109.54705,6.67,6.3917913
18925.43,113.33,122.96619,6.67,6.199621
18925.63,113.33,127.03424,6.67,6.0183463
18925.83,113.33,123.58478,6.67,5.962428
18926.03,113.33,116.82815,6.67,6.1217356
18926.23,113.33,126.42186,6.67,6.2136917
18926.43,113.33,110.51735,6.67,6.142123
18926.63,113.33,124.10115,6.67,6.0044155
18926.83,113.33,120.01721,6.67,6.1016693
18927.03,113.33,114.79498,6.67,5.9223514
18927.23,113.33,118.36444,6.67,6.255558
18927.43,113.33,122.08949,6.67,6.3481097
18927.63,113.33,113.988335,6.67,6.4767847
18927.83,113.33,114.812874,6.67,6.087004
18928.03,113.33,119.74276,6.67,5.8700266
18928.23,113.33,116.61424,6.67,5.6682997
18928.43,113.33,116.81521,6.67,5.973358
18928.63,113.33,120.133575,6.67,6.0927
18928.83,113.33,105.46139,6.67,6.481398
18929.03,113.33,126.16109,6.67,6.0475273
18929.23,113.33,116.517456,6.67,5.886418
18929.43,113.33,119.343994,6.67,6.0273023
18929.63,113.33,112.53638,6.67,6.314355
18929.83,113.33,120.50802,6.67,6.0037565
18930.03,113.33,113.372696,6.67,6.3154745
18930.23,113.33,119.94589,6.67,6.2592154
18930.43,113.33,116.8864,6.67,6.352007
18930.63,113.33,122.73396,6.67,6.15894
18930.83,113.33,125.61937,6.67,5.7174253
18931.03,113.33,114.69669,6.67,6.075862
18931.23,113.33,119.05643,6.67,6.1630435
18931.43,113.33,108.93152,6.67,6.253619
18931.63,113.33,115.78027,6.67,6.3480873
18931.83,113.33,121.67944,6.67,6.2638664
18932.03,113.33,127.16772,6.67,5.7567396
18932.23,113.33,119.46895,6.67,5.548174
18932.43,113.33,126.316895,6.67,5.775897
18932.63,113.33,125.2137,6.67,6.1060114
18932.83,113.33,116.53398,6.67,6.0615425
18933.03,113.33,116.446266,6.67,6.264284
18933.23,113.33,123.65006,6.67,6.1376066
18933.43,113.33,116.777695,6.67,6.185608
18933.63,113.33,111.451,6.67,6.214142
18933.83,113.33,121.5383,6.67,6.0498233
18934.03,113.33,127.03201,6.67,6.4365015
18934.23,113.33,131.67636,6.67,5.8547406
18934.43,113.33,120.61105,6.67,6.1357374
18934.63,113.33,115.62747,6.67,5.985771
18934.83,113.33,114.778786,6.67,6.2146187
18935.03,113.33,110.943985,6.67,6.255431
18935.23,113.33,113.290054,6.67,6.4420137
18935.43,113.33,120.51384,6.67,6.355683
18935.63,113.33,116.86003,6.67,6.529304
18935.83,113.33,119.30542,6.67,6.2357745
18936.03,113.33,121.46139,6.67,6.3245335
18936.23,113.33,122.0807,6.67,6.184538
18936.43,113.33,115.43334,6.67,6.392721
18936.63,113.33,120.63846,6.67,6.3432007
18936.83,113.33,117.923965,6.67,6.082674
18937.03,113.33,112.387146,6.67,6.1850843
18937.23,113.33,113.180466,6.67,6.162956
18937.43,113.33,120.12398,6.67,6.2359743
18937.63,113.33,121.90733,6.67,5.9887447
18937.83,113.33,121.48672,6.67,6.0632215
18938.03,113.33,120.57753,6.67,6.1765566
18938.23,113.33,117.262726,6.67,6.1672697
18938.43,113.33,117.99502,6.67,6.178987
18938.63,113.33,121.78067,6.67,6.3053427
18938.83,113.33,111.44352,6.67,6.425155
18939.03,113.33,116.6418,6.67,6.6982946
18939.23,113.33,115.789154,6.67,6.25733
18939.43,113.33,123.692795,6.67,6.2153964
18939.63,113.33,120.98778,6.67,6.343874
18939.83,113.33,121.10031,6.67,6.366336
18940.03,113.33,128.09554,6.67,6.039588
18940.23,113.33,121.7825,6.67,6.1056004
18940.43,113.33,118.913826,6.67,5.906452
18940.63,113.33,118.64613,6.67,6.1069927
18940.83,113.33,121.37867,6.67,6.007221
18941.03,113.33,121.53998,6.67,5.839018
18941.23,113.33,116.40958,6.67,6.3181324
18941.43,113.33,124.14323,6.67,6.371123
18941.63,113.33,125.3697,6.67,6.0937443
18941.83,113.33,118.998,6.67,6.1589465
18942.03,113.33,113.37865,6.67,6.3945622
18942.23,113.33,118.86818,6.67,6.4542475
18942.43,113.33,118.14461,6.67,6.073827
18942.63,113.33,122.603424,6.67,6.202302
18942.83,113.33,125.32889,6.67,5.972627
18943.03,113.33,119.1234,6.67,6.1926613
18943.23,113.33,122.55592,6.67,6.3586383
18943.43,113.33,119.29871,6.67,6.3993735
18943.63,113.33,118.19202,6.67,6.4130473
18943.83,113.33,121.601006,6.67,5.938039
18944.03,113.33,119.7488,6.67,6.3067436
18944.23,113.33,119.24543,6.67,6.3630247
18944.43,113.33,118.7623,6.67,6.46968
18944.63,113.33,127.84291,6.67,6.2758436
18944.83,113.33,118.56116,6.67,6.160425
18945.03,113.33,118.34799,6.67,6.3659277
18945.23,113.33,123.6909,6.67,5.9470234
18945.43,113.33,119.3121,6.67,6.089711
18945.63,113.33,118.67215,6.67,6.0875144
18945.83,113.33,120.00891,6.67,6.360456
18946.03,113.33,123.43709,6.67,5.999114
18946.23,113.33,121.06462,6.67,6.1070127
18946.43,113.33,121.06647,6.67,6.2770805
18946.63,113.33,117.09961,6.67,6.396287
18946.83,113.33,113.798386,6.67,6.5386543
18947.03,113.33,117.65015,6.67,6.4286637
18947.23,113.33,120.961334,6.67,6.3928103
18947.43,113.33,113.1909,6.67,6.4640017
18947.63,113.33,128.42212,6.67,6.088533
18947.83,113.33,119.1238,6.67,6.3394065
18948.03,113.33,117.19447,6.67,6.4286346
18948.23,113.33,115.42011,6.67,6.5729284
18948.43,113.33,121.53932,6.67,6.3501005
18948.63,113.33,119.93898,6.67,6.216753
18948.83,113.33,122.546265,6.67,6.1772976
18949.03,113.33,118.30587,6.67,6.089445
18949.23,113.33,117.24444,6.67,6.391597
18949.43,113.33,120.38312,6.67,6.356085
18949.63,113.33,112.08201,6.67,6.4490147
18949.83,113.33,125.65779,6.67,6.1806107
18950.03,113.33,123.24625,6.67,6.2396383
18950.23,113.33,126.90323,6.67,6.023761
18950.43,113.33,117.814095,6.67,6.435914
18950.63,113.33,120.9442,6.67,6.5153494
18950.83,113.33,118.00189,6.67,6.3949814
18951.03,113.33,127.73511,6.67,6.107128
18951.23,113.33,124.651306,6.67,5.497687
18951.43,113.33,117.47265,6.67,5.8485947
18951.63,113.33,118.2607,6.67,6.3782105
18951.83,113.33,116.550415,6.67,6.2164516
18952.03,113.33,111.78381,6.67,6.4758654
18952.23,113.33,122.84416,6.67,6.634983
18952.43,113.33,122.42206,6.67,6.610891
18952.63,113.33,122.16081,6.67,6.524186
18952.83,113.33,117.41216,6.67,6.3318
18953.03,113.33,115.05032,6.67,6.5117407
18953.23,113.33,117.574844,6.67,6.705059
18953.43,113.33,118.24601,6.67,6.58299
18953.63,113.33,126.83325,6.67,6.061512
18953.83,113.33,123.908035,6.67,6.292864
18954.03,113.33,131.06049,6.67,5.691418
18954.23,113.33,122.511856,6.67,5.63795
18954.43,113.33,119.282715,6.67,6.1472893
18954.63,113.33,116.97214,6.67,6.394525
18954.83,113.33,119.544,6.67,6.1092577
18955.03,113.33,120.85571,6.67,6.3193855
18955.23,113.33,114.51115,6.67,6.3923664
18955.43,113.33,116.79803,6.67,6.595637
18955.63,113.33,124.85999,6.67,6.665163
18955.83,113.33,126.5105,6.67,6.5247984
18956.03,113.33,117.82736,6.67,6.5535903
18956.23,113.33,111.50592,6.67,6.4951477
18956.43,113.33,125.953354,6.67,6.3629646
18956.63,113.33,115.31465,6.67,6.502676
18956.83,113.33,117.00992,6.67,6.3913884
18957.03,113.33,122.66265,6.67,6.5938187
18957.23,113.33,123.74889,6.67,6.215082
18957.43,113.33,120.962715,6.67,6.0956173
18957.63,113.33,115.071335,6.67,6.2972803
18957.83,113.33,117.05296,6.67,6.414488
18958.03,113.33,124.86122,6.67,6.1431737
18958.23,113.33,122.101425,6.67,5.8938994
18958.43,113.33,118.36334,6.67,5.907893
18958.63,113.33,127.7885,6.67,6.042843
18958.83,113.33,126.51694,6.67,6.0432196
18959.03,113.33,124.11859,6.67,6.1225204
18959.23,113.33,120.45128,6.67,6.2556744
18959.43,113.33,122.85118,6.67,5.9907513
18959.63,113.33,121.376656,6.67,6.1648006
18959.83,113.33,120.33096,6.67,6.1473885
18960.03,113.33,123.53549,6.67,6.0781813
18960.23,113.33,131.20175,6.67,6.088969
18960.43,113.33,124.28032,6.67,5.97307
18960.63,113.33,128.51804,6.67,5.912707
18960.83,113.33,113.21145,6.67,6.2180567
18961.03,113.33,113.283806,6.67,6.4487267
18961.23,113.33,114.01004,6.67,6.5207367
18961.43,113.33,113.95556,6.67,6.376026
18961.63,113.33,111.0198,6.67,6.44672
18961.83,113.33,123.89073,6.67,6.3314533
18962.03,113.33,122.23419,6.67,6.596874
18962.23,113.33,110.422714,6.67,6.513406
18962.43,113.33,116.540016,6.67,6.4476147
18962.63,113.33,119.41855,6.67,6.4258432
18962.83,113.33,118.69871,6.67,6.256976
18963.03,113.33,116.65921,6.67,6.343554
18963.23,113.33,119.68776,6.67,6.3152385
18963.43,113.33,124.26792,6.67,6.147725
18963.63,113.33,115.47586,6.67,6.5038033
18963.83,113.33,117.93918,6.67,6.51617
18964.03,113.33,119.143585,6.67,6.415491
18964.23,113.33,115.15221,6.67,6.4816556
18964.43,113.33,117.24092,6.67,6.4090204
18964.63,113.33,115.01091,6.67,6.412421
18964.83,113.33,120.19046,6.67,6.419091
18965.03,113.33,120.342186,6.67,6.418264
18965.23,113.33,121.5854,6.67,6.392149
18965.43,113.33,120.85425,6.67,6.408121
18965.63,113.33,122.12976,6.67,6.528982
18965.83,113.33,124.73366,6.67,6.3208637
18966.03,113.33,120.56087,6.67,6.6111097
18966.23,113.33,117.40254,6.67,6.757055
18966.43,113.33,119.43448,6.67,6.6239424
18966.63,113.33,112.29993,6.67,6.5779037
18966.83,113.33,114.968315,6.67,6.537629
18967.03,113.33,115.09073,6.67,6.5221653
18967.23,113.33,114.75183,6.67,6.5453815
18967.43,113.33,123.47417,6.67,6.3273344
18967.63,113.33,110.29184,6.67,6.574167
18967.83,113.33,118.400024,6.67,6.5956883
18968.03,113.33,117.63701,6.67,6.216647
18968.23,113.33,119.04918,6.67,6.4609876
18968.43,113.33,120.93093,6.67,6.415922
18968.63,113.33,126.50599,6.67,6.105399
18968.83,113.33,120.86706,6.67,6.1650696
18969.03,113.33,134.62149,6.67,5.9430623
18969.23,113.33,122.157425,6.67,6.0714226
18969.43,113.33,116.26138,6.67,6.3116803
18969.63,113.33,116.99572,6.67,6.414427
18969.83,113.33,120.5348,6.67,6.1385574
18970.03,113.33,115.35324,6.67,6.447406
18970.23,113.33,121.67394,6.67,6.176756
18970.43,113.33,113.21058,6.67,6.501549
18970.63,113.33,117.66373,6.67,6.7813206
18970.83,113.33,120.89832,6.67,6.4745207
18971.03,113.33,115.7731,6.67,6.42707
18971.23,113.33,121.620834,6.67,6.200556
18971.43,113.33,116.29822,6.67,6.2321377
18971.63,113.33,108.470825,6.67,6.257337
18971.83,113.33,122.19536,6.67,6.034692
18972.03,113.33,118.570526,6.67,6.0915504
18972.23,113.33,117.34906,6.67,6.477647
18972.43,113.33,120.96875,6.67,6.2197576
18972.63,113.33,122.85011,6.67,5.8211303
18972.83,113.33,123.25065,6.67,6.0792546
18973.03,113.33,122.25094,6.67,6.0573025
18973.23,113.33,116.36023,6.67,6.4479265
18973.43,113.33,120.0634,6.67,6.2137766
18973.63,113.33,123.36198,6.67,6.204357
18973.83,113.33,112.87738,6.67,6.174054
18974.03,113.33,122.32634,6.67,6.2018228
18974.23,113.33,121.70825,6.67,6.329624
18974.43,113.33,121.21446,6.67,6.6961446
18974.63,113.33,114.57493,6.67,6.604191
18974.83,113.33,119.204834,6.67,6.030037
18975.03,113.33,122.563065,6.67,5.985916
18975.23,113.33,122.402725,6.67,6.001562
18975.43,113.33,119.65848,6.67,6.3332243
18975.63,113.33,121.608765,6.67,6.31569
18975.83,113.33,119.70706,6.67,6.286175
18976.03,113.33,116.3897,6.67,6.23205
18976.23,113.33,108.64311,6.67,6.414207
18976.43,113.33,116.62096,6.67,6.0963182
18976.63,113.33,118.9274,6.67,6.227194
18976.83,113.33,115.21887,6.67,6.4745426
18977.03,113.33,121.81289,6.67,6.3606167
18977.23,113.33,122.58821,6.67,6.2386
18977.43,113.33,123.74632,6.67,6.12309
18977.63,113.33,120.428375,6.67,6.3318934
18977.83,113.33,126.253624,6.67,6.3504796
18978.03,113.33,125.28854,6.67,6.1755857
18978.23,113.33,129.11122,6.67,5.960849
18978.43,113.33,126.44661,6.67,6.269082
18978.63,113.33,127.65267,6.67,6.320918
18978.83,113.33,120.94574,6.67,6.2708635
18979.03,113.33,122.38306,6.67,6.3464446
18979.23,113.33,118.693344,6.67,6.315798
18979.43,113.33,119.66231,6.67,6.3675413
18979.63,113.33,122.798004,6.67,6.7326097
18979.83,113.33,117.096695,6.67,6.7551336
18980.03,113.33,119.01158,6.67,6.523321
18980.23,113.33,124.20624,6.67,6.2489347
18980.43,113.33,122.39266,6.67,6.0947485
18980.63,113.33,124.01257,6.67,6.073511
18980.83,113.33,116.22121,6.67,6.159523
18981.03,113.33,121.37885,6.67,5.5792975
18981.23,113.33,109.792694,6.67,6.2596374
18981.43,113.33,115.633545,6.67,6.731217
18981.63,113.33,121.94078,6.67,6.6909795
18981.83,113.33,120.83832,6.67,6.23006
18982.03,113.33,115.30443,6.67,6.8392906
18982.23,113.33,125.12465,6.67,6.1834974
18982.43,113.33,114.017914,6.67,6.085081
18982.63,113.33,108.58496,6.67,6.598754
18982.83,113.33,120.85483,6.67,6.480691
18983.03,150.0,124.12941,6.67,6.5245905
18983.23,150.0,129.81662,6.67,5.982238
18983.43,150.0,132.78406,6.67,5.8644733
18983.63,150.0,119.5054,6.67,6.155813
18983.83,150.0,127.61395,6.67,6.0449395
18984.03,150.0,114.052124,6.67,6.6411877
18984.23,150.0,124.832214,6.67,6.757264
18984.43,150.0,130.01068,6.67,6.1527505
18984.63,150.0,133.29323,6.67,5.9404483
18984.83,150.0,130.55013,6.67,5.746013
18985.03,150.0,120.675156,6.67,5.98265
18985.23,150.0,108.56734,6.67,6.5031834
18985.43,150.0,126.53085,6.67,5.949527
18985.63,150.0,119.01997,6.67,6.11681
18985.83,150.0,129.78055,6.67,6.2574615
18986.03,150.0,130.06763,6.67,5.4646177
18986.23,150.0,123.707214,6.67,5.9669666
18986.43,150.0,127.72962,6.67,6.2002306
18986.63,150.0,127.377426,6.67,6.271881
18986.83,150.0,125.74365,6.67,5.648121
18987.03,150.0,124.30835,6.67,6.0288687
18987.23,150.0,119.86233,6.67,6.4315634
18987.43,150.0,121.35976,6.67,6.0669603
18987.63,150.0,114.8317,6.67,6.230507
18987.83,150.0,121.16491,6.67,6.446331
18988.03,150.0,120.657745,6.67,6.557864
18988.23,150.0,112.57898,6.67,6.633272
18988.43,150.0,120.03134,6.67,6.1914263
18988.63,150.0,119.98919,6.67,6.1716576
18988.83,150.0,121.99049,6.67,6.4338536
18989.03,150.0,122.92433,6.67,6.1375775
18989.23,150.0,119.25604,6.67,6.2974305
18989.43,150.0,120.90834,6.67,6.5955405
18989.63,150.0,126.28963,6.67,6.051465
18989.83,150.0,117.02208,6.67,6.0433683
18990.03,150.0,114.53607,6.67,6.4001865
18990.23,150.0,116.69626,6.67,6.6982193
18990.43,150.0,119.14305,6.67,6.6515093
18990.63,150.0,116.94136,6.67,6.4801273
18990.83,150.0,114.14499,6.67,6.1595488
18991.03,150.0,106.68947,6.67,6.2331576
18991.23,150.0,127.92349,6.67,6.194005
18991.43,150.0,114.0027,6.67,6.1284175
18991.63,150.0,112.536865,6.67,6.6075788
18991.83,150.0,123.14435,6.67,6.5631275
18992.03,150.0,123.78919,6.67,5.977254
18992.23,150.0,109.03343,6.67,6.569442
18992.43,150.0,126.86577,6.67,6.876265
18992.63,150.0,125.40044,6.67,6.1941867
18992.83,150.0,122.945305,6.67,6.1575956
18993.03,150.0,119.61116,6.67,5.9098034
18993.23,150.0,116.99026,6.67,6.506441
18993.43,150.0,120.47337,6.67,6.351366
18993.63,150.0,122.40881,6.67,6.268485
18993.83,150.0,114.64186,6.67,6.086916
18994.03,150.0,124.66369,6.67,6.294708
18994.23,150.0,114.24986,6.67,6.2568245
18994.43,150.0,117.19316,6.67,6.579875
18994.63,150.0,115.961395,6.67,6.5534315
18994.83,150.0,127.623886,6.67,6.3751154
18995.03,150.0,127.324875,6.67,6.309105
18995.23,150.0,123.89846,6.67,5.4560184
18995.43,150.0,120.45563,6.67,6.3374352
18995.63,150.0,123.19679,6.67,6.201934
18995.83,150.0,131.04028,6.67,6.213171
18996.03,150.0,122.61856,6.67,6.034607
18996.23,150.0,127.12573,6.67,6.2102413
18996.43,150.0,120.480385,6.67,6.277611
18996.63,150.0,121.00181,6.67,5.919636
18996.83,150.0,116.99085,6.67,5.953565
18997.03,150.0,115.930695,6.67,6.6211452
18997.23,150.0,121.55352,6.67,6.7231426
18997.43,150.0,119.61307,6.67,6.046735
18997.63,150.0,116.911835,6.67,6.192923
18997.83,150.0,127.4944,6.67,6.4375668
18998.03,150.0,126.32973,6.67,6.0725603
18998.23,150.0,123.992386,6.67,6.4013796
18998.43,150.0,134.29376,6.67,6.696621
18998.63,150.0,130.96266,6.67,6.5118303
18998.83,150.0,130.2945,6.67,6.686538
18999.03,150.0,133.18816,6.67,6.825491
18999.23,150.0,140.37958,6.67,6.530925
18999.43,150.0,135.80771,6.67,5.9998264
18999.63,150.0,142.30972,6.67,6.288474
18999.83,150.0,139.39111,6.67,6.3519115
19000.03,150.0,145.01036,6.67,6.014002
19000.23,150.0,133.02126,6.67,6.373423
19000.43,150.0,134.65244,6.67,6.757079
19000.63,150.0,141.5971,6.67,6.3521485
19000.83,150.0,139.4591,6.67,6.8427725
19001.03,150.0,145.50052,6.67,6.3565063
19001.23,150.0,142.78,6.67,6.638382
19001.43,150.0,147.38947,6.67,6.455538
19001.63,150.0,138.952,6.67,6.6024165
19001.83,150.0,143.65155,6.67,6.8280478
19002.03,150.0,149.0517,6.67,6.3630104
19002.23,150.0,139.24384,6.67,6.370554
19002.43,150.0,148.05197,6.67,6.7935
19002.63,150.0,144.07344,6.67,6.9289217
19002.83,150.0,146.10307,6.67,6.81413
19003.03,150.0,151.2834,6.67,6.687648
19003.23,150.0,153.87025,6.67,6.4669394
19003.43,150.0,147.51242,6.67,6.6102695
19003.63,150.0,151.62207,6.67,6.6476355
19003.83,150.0,153.953,6.67,6.400187
19004.03,150.0,149.81932,6.67,6.4222097
19004.23,150.0,148.24432,6.67,6.697988
19004.43,150.0,145.47668,6.67,6.601946
19004.63,150.0,152.60553,6.67,6.7480364
19004.83,150.0,156.71082,6.67,6.7250853
19005.03,150.0,158.38757,6.67,6.4942603
19005.23,150.0,153.47354,6.67,6.1427393
19005.43,150.0,154.85045,6.67,6.3507514
19005.63,150.0,153.77307,6.67,6.414693
19005.83,150.0,147.16107,6.67,6.671843
19006.03,150.0,156.10733,6.67,6.440319
19006.23,150.0,153.3602,6.67,6.6520376
19006.43,150.0,154.7568,6.67,6.7278953
19006.63,150.0,145.31683,6.67,6.704035
19006.83,150.0,150.36688,6.67,6.9819374
19007.03,150.0,154.99821,6.67,6.6819773
19007.23,150.0,150.09918,6.67,6.965843
19007.43,150.0,151.25818,6.67,7.022749
19007.63,150.0,149.58983,6.67,6.7291584
19007.83,150.0,142.71857,6.67,7.029045
19008.03,150.0,147.07477,6.67,6.8919
19008.23,150.0,151.50461,6.67,6.507574
19008.43,150.0,149.91518,6.67,6.658684
19008.63,150.0,160.8769,6.67,6.365987
19008.83,150.0,149.29916,6.67,6.6150017
19009.03,150.0,153.0878,6.67,6.7147846
19009.23,150.0,142.80334,6.67,6.8807335
19009.43,150.0,151.40778,6.67,6.8453455
19009.63,150.0,148.36893,6.67,6.5579557
19009.83,150.0,149.40839,6.67,6.579289
19010.03,150.0,147.73007,6.67,6.897384
19010.23,150.0,152.55185,6.67,6.8804636
19010.43,150.0,158.22437,6.67,6.3949943
19010.63,150.0,149.71516,6.67,6.8075323
19010.83,150.0,154.52974,6.67,6.576928
19011.03,150.0,144.89621,6.67,6.393013
19011.23,150.0,152.92944,6.67,6.6982
19011.43,150.0,160.6494,6.67,6.4487696
19011.63,150.0,152.23282,6.67,6.5012712
19011.83,150.0,148.22635,6.67,6.7966604
19012.03,150.0,156.36078,6.67,6.594953
19012.23,150.0,154.65717,6.67,6.4545565
19012.43,150.0,149.5437,6.67,6.5821824
19012.63,150.0,154.05469,6.67,6.21986
19012.83,150.0,147.70242,6.67,6.5886984
19013.03,150.0,153.74347,6.67,6.737924
19013.23,150.0,148.42136,6.67,6.66844
19013.43,150.0,146.60986,6.67,6.6615276
19013.63,150.0,143.25656,6.67,6.427018
19013.83,150.0,145.56335,6.67,6.3805065
19014.03,150.0,149.02571,6.67,6.509863
19014.23,150.0,147.46188,6.67,6.62463
19014.43,150.0,146.83113,6.67,6.6022587
19014.63,150.0,149.13104,6.67,6.749008
19014.83,150.0,138.34901,6.67,6.7804933
19015.03,150.0,148.17886,6.67,6.6480894
19015.23,150.0,146.80417,6.67,6.38781
19015.43,150.0,143.37169,6.67,6.7760453
19015.63,150.0,156.16289,6.67,6.3699226
19015.83,150.0,152.34387,6.67,6.446035
19016.03,150.0,147.25496,6.67,6.4282937
19016.23,150.0,151.73085,6.67,6.714363
19016.43,150.0,147.62106,6.67,6.4658403
19016.63,150.0,154.97171,6.67,6.228738
19016.83,150.0,152.32748,6.67,6.1862674
19017.03,150.0,154.60678,6.67,6.225159
19017.23,150.0,150.78873,6.67,6.292221
19017.43,150.0,156.6813,6.67,6.155012
19017.63,150.0,145.3328,6.67,6.1080666
19017.83,150.0,144.05908,6.67,6.422113
19018.03,150.0,148.8912,6.67,6.4001083
19018.23,150.0,144.13426,6.67,6.638604
19018.43,150.0,148.41718,6.67,6.5072846
19018.63,150.0,154.07758,6.67,6.3954835
19018.83,150.0,153.40381,6.67,6.455965
19019.03,150.0,148.2681,6.67,5.955249
19019.23,150.0,143.11145,6.67,6.56051
19019.43,150.0,149.40034,6.67,6.6881046
19019.63,150.0,148.71786,6.67,6.4323254
19019.83,150.0,148.41034,6.67,6.379713
19020.03,150.0,149.81,6.67,6.452132
19020.23,150.0,156.97647,6.67,5.9867954
19020.43,150.0,150.45068,6.67,6.0901394
19020.63,150.0,152.0354,6.67,6.167843
19020.83,150.0,153.26309,6.67,6.3559546
19021.03,150.0,152.92807,6.67,5.9297256
19021.23,150.0,143.2279,6.67,5.934187
19021.43,150.0,144.85721,6.67,6.6902657
19021.63,150.0,155.74808,6.67,6.1245985
19021.83,150.0,151.05441,6.67,6.1653366
19022.03,150.0,151.75537,6.67,6.318039
19022.23,150.0,151.94609,6.67,6.1432867
19022.43,150.0,145.16693,6.67,6.460661
19022.63,150.0,146.19547,6.67,6.306352
19022.83,150.0,143.83984,6.67,6.3620996
19023.03,150.0,152.71889,6.67,6.4574957
19023.23,150.0,149.11069,6.67,6.237318
19023.43,150.0,154.67154,6.67,5.9795675
19023.63,150.0,146.49713,6.67,6.440423
19023.83,150.0,147.28625,6.67,6.4729424
19024.03,150.0,146.7592,6.67,6.377552
19024.23,150.0,155.87796,6.67,6.228043
19024.43,150.0,146.45593,6.67,6.4561443
19024.63,150.0,157.04883,6.67,6.148851
19024.83,150.0,154.60591,6.67,6.040853
19025.03,150.0,144.82707,6.67,6.447315
19025.23,150.0,152.32007,6.67,6.0652876
19025.43,150.0,150.41309,6.67,6.1785336
19025.63,150.0,149.20547,6.67,6.0504227
19025.83,150.0,153.45804,6.67,6.169072
19026.03,150.0,150.2547,6.67,6.348913
19026.23,150.0,150.21817,6.67,6.2041078
19026.43,150.0,147.85852,6.67,6.3039474
19026.63,150.0,145.84871,6.67,6.58971
19026.83,150.0,148.26262,6.67,6.429969
19027.03,150.0,145.55948,6.67,6.4129148
19027.23,150.0,154.87155,6.67,6.463197
19027.43,150.0,155.69034,6.67,6.0322323
19027.63,150.0,149.69437,6.67,6.1627064
19027.83,150.0,150.69086,6.67,5.903537
19028.03,150.0,151.35973,6.67,6.052589
19028.23,150.0,143.4895,6.67,6.2917466
19028.43,150.0,152.12619,6.67,6.1837845
19028.63,150.0,152.47794,6.67,6.072526
19028.83,150.0,148.15326,6.67,6.3239307
19029.03,150.0,154.45526,6.67,5.8300843
19029.23,150.0,140.40848,6.67,6.2553444
19029.43,150.0,154.83191,6.67,6.411818
19029.63,150.0,144.5488,6.67,6.4799356
19029.83,150.0,142.01369,6.67,6.671261
19030.03,150.0,144.35172,6.67,6.566759
19030.23,150.0,155.82126,6.67,6.2664585
19030.43,150.0,144.94893,6.67,6.513033
19030.63,150.0,140.89154,6.67,6.534465
19030.83,150.0,143.30241,6.67,6.3174915
19031.03,150.0,152.35986,6.67,6.1512947
19031.23,150.0,141.75095,6.67,6.255105
19031.43,150.0,145.5293,6.67,6.150253
19031.63,150.0,146.70044,6.67,6.403574
19031.83,150.0,145.74725,6.67,6.3664083
19032.03,150.0,145.16612,6.67,6.428424
19032.23,150.0,150.387,6.67,6.2251453
19032.43,150.0,149.43596,6.67,6.2977667
19032.63,150.0,153.44934,6.67,6.036614
19032.83,150.0,154.12602,6.67,5.7941823
19033.03,150.0,151.35272,6.67,5.8544555
19033.23,150.0,145.87598,6.67,5.7794123
19033.43,150.0,145.45557,6.67,6.609782
19033.63,150.0,154.56677,6.67,6.515408
19033.83,150.0,147.86809,6.67,6.4330215
19034.03,150.0,146.52419,6.67,6.4180813
19034.23,150.0,148.9439,6.67,6.4616246
19034.43,150.0,144.0105,6.67,6.2485867
19034.63,150.0,142.82578,6.67,6.583284
19034.83,150.0,153.53748,6.67,6.417612
19035.03,150.0,152.43256,6.67,6.378548
19035.23,150.0,151.05936,6.67,6.3533063
19035.43,150.0,146.11816,6.67,6.380134
19035.63,150.0,148.33496,6.67,6.6929817
19035.83,150.0,144.42676,6.67,6.281232
19036.03,150.0,149.71252,6.67,5.86959
19036.23,150.0,148.34198,6.67,5.822181
19036.43,150.0,144.17706,6.67,6.161139
19036.63,150.0,148.65195,6.67,6.0370865
19036.83,150.0,147.06914,6.67,5.8544364
19037.03,150.0,149.18991,6.67,5.9732695
19037.23,150.0,142.37666,6.67,6.6348314
19037.43,150.0,150.26602,6.67,6.3576555
19037.63,150.0,144.21548,6.67,6.759083
19037.83,150.0,148.71835,6.67,6.549611
19038.03,150.0,151.29901,6.67,6.453352
19038.23,150.0,150.13278,6.67,6.352357
19038.43,150.0,144.97636,6.67,6.353273
19038.63,150.0,146.93074,6.67,6.5556245
19038.83,150.0,146.61093,6.67,6.460881
19039.03,150.0,143.95517,6.67,6.707163
19039.23,150.0,143.62743,6.67,6.3774457
19039.43,150.0,142.24193,6.67,6.3570013
19039.63,150.0,145.44586,6.67,6.396472
19039.83,150.0,141.70288,6.67,6.4462175
19040.03,150.0,147.08884,6.67,6.3424177
19040.23,150.0,142.41788,6.67,6.4225917
19040.43,150.0,146.12578,6.67,6.5191135
19040.63,150.0,145.43802,6.67,6.4559593
19040.83,150.0,147.07413,6.67,6.3137813
19041.03,150.0,145.3698,6.67,6.3543525
19041.23,150.0,143.74231,6.67,6.242503
19041.43,150.0,141.38565,6.67,6.2880173
19041.63,150.0,144.79248,6.67,6.4658403
19041.83,150.0,146.4401,6.67,6.388259
19042.03,150.0,141.02487,6.67,6.6030436
19042.23,150.0,142.80019,6.67,6.5217094
19042.43,150.0,149.43587,6.67,6.3203173
19042.63,150.0,148.27866,6.67,6.210453
19042.83,150.0,155.22794,6.67,6.1744156
19043.03,150.0,148.14551,6.67,6.1604238
19043.23,150.0,146.75812,6.67,6.333786
19043.43,150.0,145.91644,6.67,6.522467
19043.63,150.0,147.28502,6.67,6.2565684
19043.83,150.0,145.70012,6.67,6.193248
19044.03,150.0,145.22963,6.67,6.2314706
19044.23,150.0,151.82434,6.67,6.2490616
19044.43,150.0,145.46463,6.67,6.337063
19044.63,150.0,145.1389,6.67,6.485811
19044.83,150.0,144.81688,6.67,6.4364834
19045.03,150.0,139.68231,6.67,6.646884
19045.23,150.0,140.4523,6.67,6.755037
19045.43,150.0,152.85754,6.67,6.4148016
19045.63,150.0,140.63678,6.67,6.4086123
19045.83,150.0,144.56781,6.67,6.507371
19046.03,150.0,152.36894,6.67,6.166519
19046.23,150.0,142.8646,6.67,6.2182927
19046.43,150.0,146.5923,6.67,6.253726
19046.63,150.0,144.78755,6.67,6.521346
19046.83,150.0,140.03922,6.67,6.6190658
19047.03,150.0,145.25201,6.67,6.4066916
19047.23,150.0,143.76706,6.67,6.328004
19047.43,150.0,144.71378,6.67,6.3324213
19047.63,150.0,141.74527,6.67,6.5444746
19047.83,150.0,153.89267,6.67,6.4303007
19048.03,150.0,148.59877,6.67,6.2801347
19048.23,150.0,141.73865,6.67,6.511881
19048.43,150.0,152.24875,6.67,6.235312
19048.63,150.0,144.95288,6.67,5.9803677
19048.83,150.0,142.20575,6.67,6.1525164
19049.03,150.0,154.47452,6.67,6.2169604
19049.23,150.0,150.3729,6.67,5.9483624
19049.43,150.0,140.90761,6.67,6.202552
19049.63,150.0,155.41747,6.67,6.039732
19049.83,150.0,145.8237,6.67,6.3899636
19050.03,150.0,154.74196,6.67,6.4891768
19050.23,150.0,146.13216,6.67,6.232145
19050.43,150.0,146.32077,6.67,6.3453183
19050.63,150.0,140.99734,6.67,6.151759
19050.83,150.0,139.99551,6.67,6.43335
19051.03,150.0,135.69852,6.67,6.384554
19051.23,150.0,148.45728,6.67,6.310422
19051.43,150.0,154.47827,6.67,5.8892508
19051.63,150.0,151.07518,6.67,6.1178646
19051.83,150.0,152.25237,6.67,5.870352
19052.03,150.0,152.91211,6.67,5.946105
19052.23,150.0,145.97644,6.67,6.1559334
19052.43,150.0,145.67033,6.67,6.052588
19052.63,150.0,146.75325,6.67,6.0969925
19052.83,150.0,148.67993,6.67,6.0669785
19053.03,150.0,139.1088,6.67,6.388266
19053.23,150.0,141.54755,6.67,6.3984265
19053.43,150.0,144.39609,6.67,6.1938677
19053.63,150.0,148.69717,6.67,6.3503504
19053.83,150.0,144.33499,6.67,6.299582
19054.03,150.0,147.3157,6.67,6.2068396
19054.23,150.0,147.27533,6.67,5.9205904
19054.43,150.0,150.8504,6.67,5.8151855
19054.63,150.0,148.09338,6.67,5.675648
19054.83,150.0,140.35423,6.67,6.2077446
19055.03,150.0,145.70636,6.67,6.0774937
19055.23,150.0,144.5986,6.67,6.4912963
19055.43,150.0,150.50854,6.67,6.0671053
19055.63,150.0,144.52217,6.67,6.428851
19055.83,150.0,148.20529,6.67,6.2594676
19056.03,150.0,148.4513,6.67,5.875073
19056.23,150.0,142.47694,6.67,6.0592813
19056.43,150.0,148.22794,6.67,6.135545
19056.63,150.0,138.89786,6.67,6.482376
19056.83,150.0,148.42345,6.67,6.2116747
19057.03,150.0,150.89503,6.67,5.9523897
19057.23,150.0,150.38808,6.67,5.7693505
19057.43,150.0,142.76797,6.67,6.1726823
19057.63,150.0,141.38028,6.67,6.279565
19057.83,150.0,137.46594,6.67,6.4621363
19058.03,150.0,138.25891,6.67,6.6067486
19058.23,150.0,146.49835,6.67,6.5086823
19058.43,150.0,139.74559,6.67,6.549077
19058.63,150.0,138.363,6.67,6.612958
19058.83,150.0,149.72668,6.67,6.0754514
19059.03,150.0,141.88242,6.67,6.1569614
19059.23,150.0,145.76643,6.67,6.404916
19059.43,150.0,145.77753,6.67,6.00242
19059.63,150.0,144.40878,6.67,6.1950703
19059.83,150.0,149.695,6.67,6.4711514
19060.03,150.0,141.87894,6.67,6.2812257
19060.23,150.0,134.53308,6.67,6.6246696
19060.43,150.0,141.58588,6.67,6.303068
19060.63,150.0,147.428,6.67,5.6247683
19060.83,150.0,139.4124,6.67,6.3492312
19061.03,150.0,144.92227,6.67,5.910136
19061.23,150.0,143.58789,6.67,6.0446253
19061.43,150.0,145.13611,6.67,6.339677
19061.63,150.0,139.88644,6.67,6.4453125
19061.83,150.0,146.25812,6.67,6.2210207
19062.03,150.0,148.9158,6.67,6.4505663
19062.23,150.0,145.10522,6.67,6.407254
19062.43,150.0,148.71918,6.67,6.329131
19062.63,150.0,145.17508,6.67,6.29152
19062.83,150.0,140.24144,6.67,6.409215
19063.03,150.0,142.25931,6.67,6.5358467
19063.23,150.0,141.82489,6.67,6.2240515
19063.43,150.0,147.169,6.67,6.0778904
19063.63,150.0,146.05284,6.67,6.1781483
19063.83,150.0,146.23053,6.67,6.2963896
19064.03,150.0,141.88501,6.67,6.4447355
19064.23,150.0,142.63177,6.67,6.3998437
19064.43,150.0,132.56535,6.67,6.776601
19064.63,150.0,142.34175,6.67,6.423189
19064.83,150.0,141.33014,6.67,6.4073663
19065.03,150.0,144.2153,6.67,6.0350876
19065.23,150.0,146.18715,6.67,6.0832243
19065.43,150.0,144.6319,6.67,6.324128
19065.63,150.0,142.68416,6.67,6.6384993
19065.83,150.0,144.99036,6.67,6.3081474
19066.03,150.0,144.74762,6.67,6.3245125
19066.23,150.0,144.78604,6.67,6.382946
19066.43,150.0,139.72446,6.67,6.409561
19066.63,150.0,140.73355,6.67,6.294012
19066.83,150.0,142.92255,6.67,6.3945665
19067.03,150.0,142.84583,6.67,6.303934
19067.23,150.0,144.66064,6.67,6.2770205
19067.43,150.0,140.39706,6.67,6.4039574
19067.63,150.0,138.97505,6.67,6.236515
19067.83,150.0,137.47964,6.67,6.3913274
19068.03,150.0,137.92601,6.67,6.7848296
19068.23,150.0,146.75499,6.67,6.093453
19068.43,150.0,141.15741,6.67,6.0526605
19068.63,150.0,146.4693,6.67,6.307535
19068.83,150.0,140.99588,6.67,6.2430754
19069.03,150.0,141.96112,6.67,6.4023256
19069.23,150.0,133.83693,6.67,6.4740367
19069.43,150.0,145.77196,6.67,6.2046366
19069.63,150.0,148.10922,6.67,6.0223894
19069.83,150.0,146.25638,6.67,5.9277987
19070.03,150.0,141.57721,6.67,6.4338856
19070.23,150.0,135.769,6.67,6.7046375
19070.43,150.0,136.96983,6.67,6.702388
19070.63,150.0,137.07352,6.67,6.553521
19070.83,150.0,134.79291,6.67,6.45922
19071.03,150.0,144.07277,6.67,5.5940537
19071.23,150.0,140.80736,6.67,6.040586
19071.43,150.0,148.4502,6.67,6.2202654
19071.63,150.0,135.62921,6.67,6.3596992
19071.83,150.0,136.06741,6.67,6.497101
19072.03,150.0,139.84961,6.67,6.300575
19072.23,150.0,144.12006,6.67,6.047983
19072.43,150.0,142.17618,6.67,6.2332935
19072.63,150.0,141.94705,6.67,6.3674335
19072.83,150.0,138.83098,6.67,6.5250435
19073.03,150.0,143.48114,6.67,6.4052944
19073.23,150.0,142.04529,6.67,6.496333
19073.43,150.0,138.13037,6.67,6.2391405
19073.63,150.0,144.56522,6.67,6.2325506
19073.83,150.0,144.06357,6.67,6.0941496
19074.03,150.0,139.8496,6.67,6.603979
19074.23,150.0,139.87672,6.67,6.3449636
19074.43,150.0,147.5231,6.67,6.101392
19074.63,150.0,143.56085,6.67,5.8291645
19074.83,150.0,137.59259,6.67,6.315072
19075.03,150.0,145.4765,6.67,6.2211533
19075.23,150.0,142.79121,6.67,6.012557
19075.43,150.0,134.26138,6.67,6.2390175
19075.63,150.0,148.0225,6.67,6.2319493
19075.83,150.0,143.89574,6.67,6.0740194
19076.03,150.0,143.48944,6.67,5.9595404
19076.23,150.0,147.24326,6.67,5.840444
19076.43,150.0,138.6503,6.67,6.187973
19076.63,150.0,145.50803,6.67,6.0129695
19076.83,150.0,137.79987,6.67,6.242697
19077.03,0.0,141.71533,6.67,6.3474407
19077.23,0.0,141.72192,6.67,6.1584005
19077.43,0.0,141.90283,6.67,6.19418
19077.63,0.0,136.82971,6.67,6.3050656
19077.83,0.0,141.16034,6.67,6.3521013
19078.03,0.0,143.87166,6.67,5.9350424
19078.23,0.0,139.97615,6.67,6.086248
19078.43,0.0,143.12482,6.67,5.8657455
19078.63,0.0,139.90244,6.67,5.964138
19078.83,0.0,142.08344,6.67,5.8775816
19079.03,0.0,137.6153,6.67,6.1667356
19079.23,0.0,140.92053,6.67,6.1262164
19079.43,0.0,139.26471,6.67,6.016137
19079.63,0.0,138.05086,6.67,5.7756367
19079.83,0.0,141.79498,6.67,5.968109
19080.03,0.0,142.35428,6.67,5.869293
19080.23,0.0,149.8667,6.67,5.2257304
19080.43,0.0,137.72958,6.67,5.9352427
19080.63,0.0,141.37793,6.67,6.29319
19080.83,0.0,141.92511,6.67,6.025049
19081.03,0.0,135.16902,6.67,5.9213104
19081.23,0.0,135.76404,6.67,5.8737273
19081.43,0.0,145.22214,6.67,5.6023602
19081.63,0.0,137.10289,6.67,5.5714755
19081.83,0.0,139.05319,6.67,5.965148
19082.03,0.0,141.22046,6.67,6.092205
19082.23,0.0,140.00626,6.67,5.7968626
19082.43,0.0,131.81947,6.67,5.8959465
19082.63,0.0,136.1387,6.67,5.933394
19082.83,0.0,139.75735,6.67,6.2357154
19083.03,0.0,136.69913,6.67,5.8749123
19083.23,0.0,147.64038,6.67,5.62247
19083.43,0.0,146.28885,6.67,6.025625
19083.63,0.0,139.87163,6.67,5.742673
19083.83,0.0,139.31737,6.67,5.612394
19084.03,0.0,140.46118,6.67,5.649372
19084.23,0.0,129.52907,6.67,5.962986
19084.43,0.0,144.96391,6.67,5.593933
19084.63,0.0,143.35654,6.67,5.734306
19084.83,0.0,133.76862,6.67,6.0439444
19085.03,0.0,138.33646,6.67,6.138321
19085.23,0.0,146.30264,6.67,5.5168715
19085.43,0.0,138.05768,6.67,5.9084945
19085.63,0.0,136.14644,6.67,6.060415
19085.83,0.0,141.93481,6.67,5.708584
19086.03,0.0,140.21683,6.67,6.0120907
19086.23,0.0,141.47739,6.67,6.0776653
19086.43,0.0,148.84686,6.67,5.569882
19086.63,0.0,143.3826,6.67,5.651993
19086.83,0.0,143.8972,6.67,5.7167954
19087.03,0.0,141.1295,6.67,5.7782097
19087.23,0.0,139.45415,6.67,5.860014
19087.43,0.0,145.19681,6.67,5.48272
19087.63,0.0,137.41888,6.67,5.5932016
19087.83,0.0,143.15161,6.67,5.67951
19088.03,0.0,142.03879,6.67,5.7058764
19088.23,0.0,144.86432,6.67,5.6372747
19088.43,0.0,139.32028,6.67,5.7318625
19088.63,0.0,139.29398,6.67,5.707469
19088.83,0.0,139.18727,6.67,6.10608
19089.03,0.0,138.96219,6.67,6.000024
19089.23,0.0,143.24283,6.67,5.722851
19089.43,0.0,135.3203,6.67,5.9858956
19089.63,0.0,143.24774,6.67,6.0170574
19089.83,0.0,139.35876,6.67,5.6389513
19090.03,0.0,142.26065,6.67,5.803339
19090.23,0.0,134.64484,6.67,6.1286087
19090.43,0.0,138.1601,6.67,6.1570983
19090.63,0.0,146.92883,6.67,5.4353004
19090.83,0.0,138.34344,6.67,5.555105
19091.03,0.0,136.50064,6.67,6.2256393
19091.23,0.0,132.77176,6.67,6.1343756
19091.43,0.0,132.04028,6.67,5.999388
19091.63,0.0,127.71477,6.67,5.867675
19091.83,0.0,121.28589,6.67,6.265401
19092.03,0.0,115.60741,6.67,5.9518824
19092.23,0.0,124.31036,6.67,5.326118
19092.43,0.0,118.797066,6.67,5.7660747
19092.63,0.0,104.874275,6.67,6.1139727
19092.83,0.0,111.8692,6.67,5.9086623
19093.03,0.0,96.27763,6.67,5.476364
19093.23,0.0,91.10866,6.67,5.537797
19093.43,0.0,85.4477,6.67,5.7399454
19093.63,0.0,90.51313,6.67,4.6691933
19093.83,0.0,79.50057,6.67,5.2781496
19094.03,0.0,86.43602,6.67,5.1502447
19094.23,0.0,71.18768,6.67,5.155836
19094.43,0.0,63.062027,6.67,4.8470793
19094.63,0.0,49.99884,6.67,5.4592037
19094.83,0.0,50.91976,6.67,5.6492944
19095.03,0.0,50.7827,6.67,5.6451707
19095.23,0.0,48.700966,6.67,5.382765
19095.43,0.0,47.71953,6.67,4.938344
19095.63,0.0,41.1113,6.67,5.6400046
19095.83,0.0,32.578117,6.67,5.985676
19096.03,0.0,35.100548,6.67,5.337348
19096.23,0.0,22.385345,6.67,4.8905134
19096.43,0.0,29.744827,6.67,4.2646084
19096.63,0.0,29.716015,6.67,5.0806923
19096.83,0.0,21.702545,6.67,5.2327476
19097.03,0.0,20.495007,6.67,5.292409
19097.23,0.0,31.344368,6.67,3.5842462
19097.43,0.0,23.491623,6.67,4.8398943
19097.63,0.0,19.88934,6.67,4.9555464
19097.83,0.0,18.194523,6.67,4.615123
19098.03,0.0,21.677086,6.67,4.24918
19098.23,0.0,16.649231,6.67,4.5879064
19098.43,0.0,19.548424,6.67,4.745369
19098.63,0.0,20.090137,6.67,3.7854555
19098.83,0.0,17.179226,6.67,3.911352
19099.03,0.0,15.765427,6.67,4.266228
19099.23,0.0,16.442936,6.67,4.6118045
19099.43,0.0,13.31448,6.67,4.29743
19099.63,0.0,13.38335,6.67,4.402751
19099.83,0.0,15.980869,6.67,4.7666426
19100.03,0.0,16.199997,6.67,5.0637097
19100.23,0.0,13.29076,6.67,5.279191
19100.43,0.0,11.1619835,6.67,5.043388
19100.63,0.0,12.325333,6.67,5.2242064
19100.83,0.0,12.140469,6.67,4.459908
19101.03,0.0,9.136368,6.67,4.7913837
19101.23,0.0,8.346397,6.67,5.133479
19101.43,0.0,14.788151,6.67,4.637024
19101.63,0.0,9.440266,6.67,4.802582
19101.83,0.0,8.966408,6.67,5.3798323
19102.03,0.0,9.458927,6.67,4.704308
19102.23,0.0,9.382427,6.67,5.0320044
19102.43,0.0,10.949326,6.67,5.4550147
19102.63,0.0,8.2721405,6.67,5.336243
19102.83,0.0,7.858673,6.67,5.207524
19103.03,0.0,8.203285,6.67,5.7115088
19103.23,0.0,9.3026085,6.67,5.9130273
19103.43,0.0,8.296745,6.67,5.6161604
19103.63,0.0,7.531273,6.67,5.7378044
19103.83,0.0,7.477501,6.67,6.1954937
19104.03,0.0,9.564877,6.67,6.010828
19104.23,0.0,5.4654922,6.67,5.713295
19104.43,0.0,5.958374,6.67,6.045391
19104.63,0.0,5.023514,6.67,6.03957
19104.83,0.0,5.617737,6.67,6.044961
19105.03,0.0,6.421547,6.67,5.688713
19105.23,0.0,6.217018,6.67,5.9263897
19105.43,0.0,7.7540207,6.67,5.9442444
19105.63,0.0,7.4157257,6.67,6.063141
19105.83,0.0,6.2802505,6.67,6.1864166
19106.03,0.0,6.959114,6.67,5.7563825
19106.23,0.0,5.2416153,6.67,6.1570663
19106.43,0.0,6.301819,6.67,6.494145
19106.63,0.0,6.5070496,6.67,6.104344
19106.83,0.0,5.287506,6.67,6.052043
19107.03,0.0,5.0729675,6.67,6.2454424
19107.23,0.0,6.6270065,6.67,6.5140376
19107.43,0.0,4.138527,6.67,6.5972834
19107.63,0.0,4.6274796,6.67,6.2810817
19107.83,0.0,6.686928,6.67,5.5157366
19108.03,0.0,4.1750107,6.67,6.091547
19108.23,0.0,2.7655792,6.67,6.259945
19108.43,0.0,6.5101395,6.67,5.7512217
19108.63,0.0,5.9325867,6.67,6.4904346
19108.83,0.0,6.5538025,6.67,6.2028
19109.03,0.0,5.4534683,6.67,6.7083974
19109.23,0.0,3.817955,6.67,6.734096
19109.43,0.0,7.660576,6.67,6.4307704
19109.63,0.0,6.397621,6.67,5.808695
19109.83,0.0,5.0441666,6.67,6.508739
19110.03,0.0,6.1619034,6.67,6.5721183
19110.23,0.0,3.3849869,6.67,5.5276012
19110.43,0.0,4.774086,6.67,6.5232553
19110.63,0.0,6.6634827,6.67,6.5029345
19110.83,0.0,3.9290314,6.67,7.395381
19111.03,0.0,2.6915512,6.67,7.0484495
19111.23,0.0,5.0315475,6.67,6.309416
19111.43,0.0,3.4386292,6.67,5.904327
19111.63,0.0,4.2117767,6.67,6.8010445
19111.83,0.0,3.1357956,6.67,6.5771694
19112.03,0.0,5.122528,6.67,7.239847
19112.23,0.0,4.494774,6.67,6.982852
19112.43,0.0,6.24366,6.67,6.8548355
19112.63,0.0,5.3728943,6.67,6.8965254
19112.83,0.0,8.435516,6.67,5.718916
19113.03,0.0,6.225853,6.67,6.387712
19113.23,0.0,5.5204315,6.67,7.370166
19113.43,0.0,2.595726,6.67,6.8423333
19113.63,0.0,4.2799606,6.67,6.345026
19113.83,0.0,7.832039,6.67,6.692055
19114.03,0.0,5.066902,6.67,5.6776195
19114.23,0.0,3.69915,6.67,6.6587286
19114.43,0.0,4.4517517,6.67,6.7456255
19114.63,0.0,5.39872,6.67,6.6156244
19114.83,0.0,5.2894135,6.67,6.8249454
19115.03,0.0,3.9300766,6.67,6.960575
19115.23,0.0,3.9620895,6.67,6.636177
19115.43,0.0,6.8798904,6.67,7.3022137
19115.63,0.0,7.034004,6.67,6.941059
19115.83,0.0,4.653488,6.67,6.839457
19116.03,0.0,7.4969635,6.67,7.266807
19116.23,0.0,5.594841,6.67,7.014127
19116.43,0.0,3.5266266,6.67,6.8669376
19116.63,0.0,3.645897,6.67,7.3842626
19116.83,0.0,6.2546616,6.67,6.7352934
19117.03,0.0,5.9814606,6.67,6.518103
19117.23,0.0,6.7601776,6.67,6.560216
19117.43,0.0,5.1680145,6.67,6.5150495
19117.63,0.0,3.8796616,6.67,6.6789947
19117.83,0.0,2.6876907,6.67,7.09669
19118.03,0.0,4.4138184,6.67,6.4221144
19118.23,0.0,3.9923477,6.67,6.993311
19118.43,0.0,4.5430527,6.67,7.2390184
19118.63,0.0,3.5033264,6.67,6.7906027
19118.83,0.0,5.3952637,6.67,6.8904877
19119.03,0.0,5.833,6.67,7.109935
19119.23,0.0,3.0366592,6.67,6.9566126
19119.43,0.0,2.5553207,6.67,6.912112
19119.63,0.0,2.9565353,6.67,7.1821423
19119.83,0.0,1.8300018,6.67,7.070519
19120.03,0.0,5.7507706,6.67,7.0604
19120.23,0.0,6.6456375,6.67,6.929199
19120.43,0.0,3.74263,6.67,6.955104
19120.63,0.0,3.0730438,6.67,7.1127014
19120.83,0.0,4.144066,6.67,7.046662
19121.03,0.0,4.395935,6.67,7.2772427
19121.23,0.0,3.2415009,6.67,7.15909
19121.43,0.0,4.540779,6.67,6.747615
19121.63,0.0,9.696598,6.67,6.2712536
19121.83,0.0,7.691902,6.67,6.8799124
19122.03,0.0,5.91819,6.67,6.8069572
19122.23,0.0,5.1374893,6.67,7.2686186
19122.43,0.0,3.5496597,6.67,7.0569534
19122.63,0.0,4.1180573,6.67,6.8825955
19122.83,0.0,3.3589325,6.67,6.79776
19123.03,0.0,4.72139,6.67,6.8636494
19123.23,0.0,5.9586334,6.67,6.403182
19123.43,0.0,5.5021667,6.67,6.6675024
19123.63,0.0,4.5828476,6.67,7.0259914
19123.83,0.0,5.5092697,6.67,6.6053224
19124.03,0.0,7.2463837,6.67,6.4677954
19124.23,0.0,7.146927,6.67,6.344121
19124.43,0.0,5.572769,6.67,6.9110594
19124.63,0.0,6.9292526,6.67,6.5049324
19124.83,0.0,4.9071198,6.67,6.9006286
19125.03,0.0,4.299797,6.67,7.068202
19125.23,0.0,6.2114487,6.67,6.8379526
19125.43,0.0,10.938095,6.67,7.1625705
19125.63,0.0,5.206543,6.67,6.936499
19125.83,0.0,4.535843,6.67,6.6444235
19126.03,0.0,6.2815247,6.67,6.955023
19126.23,0.0,8.459953,6.67,6.6182137
19126.43,0.0,5.1775055,6.67,6.2694397
19126.63,0.0,3.9041214,6.67,6.949466
19126.83,0.0,5.291115,6.67,6.6867867
19127.03,0.0,4.2494583,6.67,6.444683
19127.23,0.0,5.5288696,6.67,6.853308
19127.43,0.0,4.8944855,6.67,6.7714334
19127.63,0.0,11.321182,6.67,6.484108
19127.83,0.0,7.1126633,6.67,7.272957
19128.03,0.0,5.345886,6.67,6.3094883
19128.23,0.0,2.6355896,6.67,6.9181795
19128.43,0.0,5.339531,6.67,6.92023
19128.63,0.0,10.257816,6.67,6.6397266
19128.83,0.0,4.5006638,6.67,6.746883
19129.03,0.0,3.100998,6.67,7.0456786
19129.23,0.0,3.1579666,6.67,7.096744
19129.43,0.0,7.0558624,6.67,6.962703
19129.63,0.0,3.8667297,6.67,6.8632703
19129.83,0.0,10.377731,6.67,6.3687725
19130.03,0.0,7.9226837,6.67,7.250355
19130.23,0.0,5.1852264,6.67,6.40928
19130.43,0.0,5.519104,6.67,6.8492913
19130.63,0.0,6.3812485,6.67,6.967061
19130.83,0.0,5.97596,6.67,6.907473
19131.03,0.0,10.890266,6.67,6.92435
19131.23,0.0,11.499908,6.67,6.369524
19131.43,0.0,6.7720413,6.67,6.384551
19131.63,0.0,6.8002167,6.67,6.7671003
19131.83,0.0,5.0459137,6.67,7.0081387
19132.03,0.0,6.761307,6.67,6.7394094
19132.23,0.0,9.395767,6.67,6.975888
19132.43,0.0,9.255669,6.67,6.6090646
19132.63,0.0,6.6752243,6.67,6.4858594
19132.83,0.0,6.4463577,6.67,6.6507826
19133.03,0.0,3.7159653,6.67,6.890568
19133.23,0.0,5.3102493,6.67,6.912896
19133.43,0.0,7.1969376,6.67,6.935237
19133.63,0.0,10.328037,6.67,6.5849624
19133.83,0.0,8.890869,6.67,6.519279
19134.03,0.0,5.0758057,6.67,6.98073
19134.23,0.0,12.117638,6.67,6.980937
19134.43,0.0,7.464714,6.67,6.9266496
19134.63,0.0,9.631546,6.67,6.834354
19134.83,0.0,8.190834,6.67,6.677559
19135.03,0.0,15.071552,6.67,6.4299097
19135.23,0.0,9.779636,6.67,6.9118776
19135.43,0.0,9.684471,6.67,6.9494395
19135.63,0.0,9.223007,6.67,6.7740746
19135.83,0.0,7.4717712,6.67,6.7759204
19136.03,0.0,9.818352,6.67,6.6228385
19136.23,0.0,8.110672,6.67,6.8609786
19136.43,0.0,10.212112,6.67,6.8860664
19136.63,0.0,11.461323,6.67,6.3811975
19136.83,0.0,8.693062,6.67,6.882204
19137.03,0.0,9.26585,6.67,6.939587
19137.23,0.0,6.8581924,6.67,6.908768
19137.43,0.0,6.443825,6.67,6.8991494
19137.63,0.0,10.262661,6.67,6.6220694
19137.83,0.0,7.5409317,6.67,6.8594685
19138.03,0.0,7.856209,6.67,7.1751184
19138.23,0.0,9.81292,6.67,6.738499
19138.43,0.0,8.421799,6.67,6.995482
19138.63,0.0,7.7526703,6.67,7.4453993
19138.83,0.0,10.789196,6.67,7.2804823
19139.03,0.0,10.760227,6.67,6.894264
19139.23,0.0,12.46595,6.67,7.0254774
19139.43,0.0,11.8833885,6.67,6.747734
19139.63,0.0,8.971733,6.67,6.521638
19139.83,0.0,9.748066,6.67,6.490546
19140.03,0.0,10.586803,6.67,6.825445
19140.23,0.0,6.7230988,6.67,6.913192
19140.43,0.0,9.5801735,6.67,6.8649187
19140.63,0.0,11.691307,6.67,6.809039
19140.83,0.0,13.035446,6.67,6.6972065
19141.03,0.0,8.6045,6.67,6.932934
19141.23,0.0,9.964825,6.67,6.8616605
19141.43,0.0,11.592838,6.67,6.832582
19141.63,0.0,8.927704,6.67,6.7731094
19141.83,0.0,6.429283,6.67,7.0597763
19142.03,0.0,9.758686,6.67,7.1737223
19142.23,0.0,16.364426,6.67,6.786851
19142.43,0.0,7.643097,6.67,6.7414417
19142.63,0.0,8.559471,6.67,7.1392355
19142.83,0.0,6.1245117,6.67,7.193693
19143.03,0.0,7.301529,6.67,6.785816
19143.23,0.0,7.863228,6.67,7.040549
19143.43,0.0,11.040817,6.67,6.942996
19143.63,0.0,13.549553,6.67,6.5310826
19143.83,0.0,15.128437,6.67,6.4800744
19144.03,0.0,8.74929,6.67,7.031567
19144.23,0.0,8.502983,6.67,6.7448387
19144.43,0.0,8.106766,6.67,6.9082985
19144.63,0.0,9.634354,6.67,7.2043085
19144.83,0.0,9.30545,6.67,6.91028
19145.03,0.0,6.47805,6.67,7.0228252
19145.23,0.0,6.4923553,6.67,6.8365355
19145.43,0.0,5.441284,6.67,6.968729
19145.63,0.0,8.530579,6.67,7.0165405
19145.83,0.0,13.332722,6.67,6.825429
19146.03,0.0,14.761845,6.67,6.937231
19146.23,0.0,9.747379,6.67,7.176053
19146.43,0.0,10.863316,6.67,6.833069
19146.63,0.0,17.19122,6.67,6.848276
19146.83,0.0,12.631653,6.67,6.9093256
19147.03,0.0,8.8765335,6.67,6.761627
19147.23,0.0,14.528839,6.67,6.749438
19147.43,0.0,9.980724,6.67,7.1078267
19147.63,0.0,11.157288,6.67,6.801241
19147.83,0.0,10.763077,6.67,6.9119596
19148.03,0.0,15.503033,6.67,6.849866
19148.23,0.0,12.442013,6.67,6.890785
19148.43,0.0,12.815422,6.67,6.9010515
19148.63,0.0,10.85638,6.67,6.8982935
19148.83,0.0,16.697754,6.67,6.719366
19149.03,0.0,9.886711,6.67,6.7261534
19149.23,0.0,10.44426,6.67,6.980343
19149.43,0.0,11.514881,6.67,6.801428
19149.63,0.0,14.379295,6.67,6.614257
19149.83,0.0,11.057034,6.67,6.917356
19150.03,0.0,9.766102,6.67,6.8537483
19150.23,0.0,8.539871,6.67,6.9266987
19150.43,0.0,10.365425,6.67,7.0663853
19150.63,0.0,12.395191,6.67,6.8964586
19150.83,0.0,13.082848,6.67,6.8765335
19151.03,0.0,14.165127,6.67,6.8377466
19151.23,0.0,13.272213,6.67,6.8321095
19151.43,0.0,17.171322,6.67,6.698167
19151.63,0.0,19.151192,6.67,6.353485
19151.83,0.0,13.636356,6.67,6.528401
19152.03,0.0,10.184639,6.67,6.8057656
19152.23,0.0,17.814373,6.67,6.534032
19152.43,0.0,12.163555,6.67,6.6215467
19152.63,0.0,15.282303,6.67,6.688124
19152.83,0.0,19.725315,6.67,6.550851
19153.03,0.0,16.082138,6.67,6.3891964
19153.23,0.0,14.378475,6.67,6.5165386
19153.43,0.0,16.452583,6.67,6.4422812
19153.63,0.0,12.59124,6.67,6.744111
19153.83,0.0,19.274899,6.67,6.5895014
19154.03,0.0,15.62384,6.67,6.7092648
19154.23,0.0,18.93015,6.67,7.0078745
19154.43,0.0,25.176613,6.67,6.608032
19154.63,0.0,13.671501,6.67,6.76213
19154.83,0.0,22.933548,6.67,6.623767
19155.03,0.0,25.872398,6.67,6.799879
19155.23,0.0,17.060886,6.67,7.0624094
19155.43,0.0,16.97102,6.67,7.0018716
19155.63,0.0,24.883701,6.67,6.5465226
19155.83,0.0,18.441158,6.67,6.634195
19156.03,0.0,15.201546,6.67,7.0669713
19156.23,0.0,17.707508,6.67,6.396942
19156.43,0.0,21.145126,6.67,6.748447
19156.63,0.0,20.348938,6.67,6.560492
19156.83,0.0,19.88211,6.67,6.820055
19157.03,0.0,19.427979,6.67,6.599944
19157.23,0.0,12.279598,6.67,7.0376625
19157.43,0.0,16.25602,6.67,6.6989837
19157.63,0.0,9.132736,6.67,7.081641
19157.83,0.0,11.136547,6.67,7.0330076
19158.03,0.0,24.718033,6.67,6.516591
19158.23,0.0,32.291813,6.67,6.498316
19158.43,0.0,17.316471,6.67,6.905607
19158.63,0.0,18.220276,6.67,6.9392786
19158.83,0.0,14.049068,6.67,6.7507925
19159.03,0.0,14.247982,6.67,6.8266087
19159.23,0.0,16.656658,6.67,6.488515
19159.43,0.0,13.507362,6.67,7.092898
19159.63,0.0,13.131798,6.67,6.788775
19159.83,0.0,18.08611,6.67,7.0948744
19160.03,0.0,25.257427,6.67,6.5418005
19160.23,0.0,23.955528,6.67,7.094453
19160.43,0.0,21.032562,6.67,7.200575
19160.63,0.0,25.772919,6.67,7.0499187
19160.83,0.0,21.376438,6.67,6.7878284
19161.03,0.0,22.975803,6.67,6.642933
19161.23,0.0,23.307827,6.67,6.6171904
19161.43,0.0,35.36223,6.67,6.3337407
19161.63,0.0,17.851131,6.67,6.9132876
19161.83,0.0,13.541851,6.67,7.284192
19162.03,0.0,16.02713,6.67,7.1584854
19162.23,0.0,26.388351,6.67,6.2724905
19162.43,0.0,20.60498,6.67,6.720688
19162.63,0.0,19.523026,6.67,6.642583
19162.83,0.0,20.250801,6.67,7.0712004
19163.03,0.0,16.975647,6.67,6.9639416
19163.23,0.0,18.510025,6.67,6.9922943
19163.43,0.0,13.794182,6.67,6.315072
19163.63,0.0,19.442513,6.67,6.808381
19163.83,0.0,22.75644,6.67,6.784647
19164.03,0.0,21.651855,6.67,6.952883
19164.23,0.0,21.961418,6.67,6.899988
19164.43,0.0,19.254791,6.67,7.1730604
19164.63,0.0,33.202442,6.67,7.0651293
19164.83,0.0,27.713135,6.67,6.664139
19165.03,0.0,16.36641,6.67,6.880098
19165.23,0.0,17.363636,6.67,6.605141
19165.43,0.0,23.01624,6.67,7.0524483
19165.63,0.0,29.926163,6.67,6.814782
19165.83,0.0,22.358654,6.67,6.822548
19166.03,0.0,30.719719,6.67,6.6958604
19166.23,0.0,28.792831,6.67,7.011976
19166.43,0.0,25.149364,6.67,6.585966
19166.63,0.0,13.958275,6.67,7.067398
19166.83,0.0,23.56247,6.67,7.020158
19167.03,0.0,26.856522,6.67,6.86023
19167.23,0.0,28.896252,6.67,7.067514
19167.43,0.0,21.24908,6.67,6.9280415
19167.63,0.0,28.602154,6.67,6.7667513
19167.83,0.0,40.62405,6.67,6.4405556
19168.03,0.0,23.595905,6.67,6.992285
19168.23,0.0,18.502998,6.67,7.0194416
19168.43,0.0,37.677017,6.67,6.6432314
19168.63,0.0,29.42664,6.67,6.8739843
19168.83,0.0,40.329258,6.67,7.0491915
19169.03,0.0,29.710972,6.67,7.4155025
19169.23,0.0,24.269634,6.67,7.000598
19169.43,0.0,20.292988,6.67,7.020572
19169.63,0.0,27.045086,6.67,6.971589
19169.83,0.0,32.19375,6.67,6.817366
19170.03,0.0,28.837566,6.67,6.680025
19170.23,0.0,31.323372,6.67,6.9433236
19170.43,0.0,27.406773,6.67,6.96138
19170.63,0.0,30.104275,6.67,6.8397484
19170.83,0.0,22.69424,6.67,6.7398148
19171.03,0.0,21.16587,6.67,7.0224566
19171.23,0.0,29.933502,6.67,6.909792
19171.43,0.0,27.636356,6.67,6.6367216
19171.63,0.0,18.029358,6.67,6.8000975
19171.83,0.0,29.347027,6.67,6.938711
19172.03,0.0,33.513287,6.67,7.021484
19172.23,0.0,36.997135,6.67,6.4530864
19172.43,0.0,28.19917,6.67,6.8475404
19172.63,0.0,21.988503,6.67,6.961478
19172.83,0.0,27.493824,6.67,7.0345583
19173.03,0.0,23.517258,6.67,6.976328
19173.23,0.0,27.57505,6.67,6.9371467
19173.43,0.0,26.543129,6.67,7.0782766
19173.63,0.0,33.626053,6.67,6.697174
19173.83,0.0,21.702827,6.67,6.882913
19174.03,0.0,20.915043,6.67,7.1528664
19174.23,0.0,25.246655,6.67,7.0940485
19174.43,0.0,24.398464,6.67,6.728748
19174.63,0.0,28.214386,6.67,6.883271
19174.83,0.0,30.751038,6.67,6.9398785
19175.03,0.0,27.414852,6.67,6.735012
19175.23,0.0,24.884895,6.67,7.137392
19175.43,0.0,26.774323,6.67,7.1624904
19175.63,0.0,20.521008,6.67,7.3409696
19175.83,0.0,31.75927,6.67,6.943035
19176.03,0.0,27.46172,6.67,7.156741
19176.23,0.0,25.762383,6.67,7.015503
19176.43,0.0,30.691135,6.67,7.0354795
19176.63,0.0,32.403976,6.67,7.125036
19176.83,0.0,31.107754,6.67,7.091104
19177.03,0.0,32.01359,6.67,6.8968434
19177.23,0.0,30.553371,6.67,7.122516
19177.43,0.0,40.17112,6.67,6.7934437
19177.63,0.0,29.47068,6.67,6.759305
19177.83,0.0,33.336376,6.67,6.6587605
19178.03,0.0,38.902275,6.67,6.841398
19178.23,0.0,38.627308,6.67,6.814354
19178.43,0.0,26.331608,6.67,7.102759
19178.63,0.0,26.794044,6.67,6.8150663
19178.83,0.0,24.24221,6.67,7.044491
19179.03,0.0,38.694775,6.67,6.9327507
19179.23,0.0,30.632,6.67,6.7458725
19179.43,0.0,21.226646,6.67,7.0418625
19179.63,0.0,24.061226,6.67,7.33969
19179.83,0.0,28.503147,6.67,6.982932
19180.03,0.0,27.332134,6.67,6.9681196
19180.23,0.0,28.15208,6.67,7.024822
19180.43,0.0,33.324543,6.67,6.8770485
19180.63,0.0,36.747543,6.67,7.016466
19180.83,0.0,31.306011,6.67,7.0374074
19181.03,0.0,31.99046,6.67,6.992138
19181.23,0.0,28.846657,6.67,7.2230496
19181.43,0.0,28.60889,6.67,7.050816
19181.63,0.0,27.754948,6.67,6.677614
19181.83,0.0,32.028202,6.67,7.004246
19182.03,0.0,31.01038,6.67,6.876165
19182.23,0.0,22.817127,6.67,7.0105486
19182.43,0.0,24.748596,6.67,7.1257935
19182.63,0.0,31.032139,6.67,7.20746
19182.83,0.0,30.447369,6.67,7.060717
19183.03,0.0,36.463955,6.67,6.950352
19183.23,0.0,33.504913,6.67,6.820476
19183.43,0.0,29.552185,6.67,6.93217
19183.63,0.0,26.855343,6.67,7.033396
19183.83,0.0,19.672924,6.67,7.2648134
19184.03,0.0,25.039543,6.67,7.0560093
19184.23,0.0,31.68148,6.67,6.8503027
19184.43,0.0,23.888775,6.67,7.054536
19184.63,0.0,26.06366,6.67,6.9953184
19184.83,0.0,38.461636,6.67,6.9496098
19185.03,0.0,20.988083,6.67,7.0126553
19185.23,0.0,19.90826,6.67,6.8636904
19185.43,0.0,27.656174,6.67,6.8527074
19185.63,0.0,36.200848,6.67,7.1435575
19185.83,0.0,36.84159,6.67,7.0908165
19186.03,143.33,35.10133,6.67,6.9207506
19186.23,143.33,30.801632,6.67,7.1980147
19186.43,143.33,29.999313,6.67,7.025059
19186.63,143.33,28.194649,6.67,7.013623
19186.83,143.33,27.020317,6.67,7.2340555
19187.03,143.33,33.81849,6.67,7.110644
19187.23,143.33,30.397308,6.67,6.9046683
19187.43,143.33,25.70131,6.67,7.116934
19187.63,143.33,41.235508,6.67,6.8857746
19187.83,143.33,32.67705,6.67,7.065154
19188.02,143.33,25.167133,6.67,7.076887
19188.22,143.33,31.78957,6.67,7.0096865
19188.42,143.33,37.364388,6.67,7.0062923
19188.62,143.33,38.24391,6.67,6.9246283
19188.82,143.33,36.915043,6.67,7.060256
19189.02,143.33,34.14652,6.67,7.013504
19189.22,143.33,33.410034,6.67,6.9384403
19189.42,143.33,32.09441,6.67,6.834055
19189.62,143.33,20.853867,6.67,7.1794167
19189.82,143.33,24.009438,6.67,6.9995885
19190.02,143.33,41.08699,6.67,6.931179
19190.22,143.33,31.08178,6.67,7.0398183
19190.42,143.33,27.261372,6.67,6.9193106
19190.62,143.33,19.878254,6.67,7.1970296
19190.82,143.33,24.976322,6.67,6.922518
19191.02,143.33,30.749775,6.67,6.9463916
19191.22,143.33,23.868343,6.67,7.11444
19191.42,143.33,20.76688,6.67,7.338727
19191.62,143.33,23.8769,6.67,7.3227205
19191.82,143.33,29.71896,6.67,7.11777
19192.02,143.33,35.284798,6.67,7.004449
19192.22,143.33,27.619358,6.67,7.5258436
19192.42,143.33,22.796432,6.67,7.4310017
19192.62,143.33,21.894459,6.67,7.319908
19192.82,143.33,24.729824,6.67,7.3042555
19193.02,143.33,29.527775,6.67,7.4826636
19193.22,143.33,41.16116,6.67,7.074274
19193.42,143.33,44.61557,6.67,5.732168
19193.62,143.33,23.69321,6.67,6.8866673
19193.82,143.33,24.760956,6.67,7.458661
19194.02,143.33,34.984863,6.67,7.4129744
19194.22,143.33,34.690826,6.67,6.916704
19194.42,143.33,39.91512,6.67,6.6613503
19194.62,143.33,50.228485,6.67,6.0797415
19194.82,143.33,42.872913,6.67,6.3936462
19195.02,143.33,33.476803,6.67,6.888668
19195.22,143.33,27.614315,6.67,7.485962
19195.42,143.33,33.499065,6.67,7.2883224
19195.62,143.33,64.47832,6.67,6.5826697
19195.82,143.33,49.46541,6.67,6.9299345
19196.02,143.33,43.92707,6.67,6.882868
19196.22,143.33,32.033813,6.67,6.798107
19196.42,143.33,40.41399,6.67,6.1525164
19196.62,143.33,48.14357,6.67,6.6155415
19196.82,143.33,57.755287,6.67,5.1687274
19197.02,143.33,38.303795,6.67,6.0611796
19197.22,143.33,52.18544,6.67,5.3575273
19197.42,143.33,43.625774,6.67,6.462148
19197.62,143.33,34.678925,6.67,6.2908506
19197.82,143.33,46.329155,6.67,5.9724
19198.02,143.33,40.04165,6.67,6.5878286
19198.22,143.33,40.19479,6.67,6.398568
19198.42,143.33,29.884438,6.67,6.889063
19198.62,143.33,50.35767,6.67,6.02525
19198.82,143.33,52.795708,6.67,6.839841
19199.02,143.33,56.914173,6.67,4.914147
19199.22,143.33,44.122906,6.67,6.1895776
19199.42,143.33,42.620964,6.67,7.085931
19199.62,143.33,58.231472,6.67,6.96217
19199.82,143.33,69.7976,6.67,6.9559517
19200.02,143.33,87.42302,6.67,6.6633887
19200.22,143.33,101.39229,6.67,6.3869476
19200.42,143.33,105.78148,6.67,6.497908
19200.62,143.33,113.46063,6.67,6.8060346
19200.82,143.33,127.65851,6.67,6.838956
19201.02,143.33,136.55878,6.67,6.552285
19201.22,143.33,139.40208,6.67,7.0741596
19201.42,143.33,143.8009,6.67,7.075184
19201.62,143.33,139.11615,6.67,7.0656595
19201.82,143.33,144.9481,6.67,6.8286047
19202.02,143.33,143.9375,6.67,6.780227
19202.22,143.33,145.22946,6.67,6.7783756
19202.42,143.33,147.29164,6.67,6.924074
19202.62,143.33,150.39246,6.67,6.9027195
19202.82,143.33,143.40715,6.67,7.1561265
19203.02,143.33,148.01141,6.67,6.9388556
19203.22,143.33,148.16812,6.67,6.842403
19203.42,143.33,146.20331,6.67,7.105713
19203.62,143.33,147.67691,6.67,7.1927958
19203.82,143.33,147.0701,6.67,7.2388315
19204.02,143.33,148.8776,6.67,6.948696
19204.22,143.33,151.63506,6.67,6.816354
19204.42,143.33,146.65869,6.67,6.9658103
19204.62,143.33,147.16486,6.67,6.9881296
19204.82,143.33,148.2947,6.67,6.8670535
19205.02,143.33,143.6399,6.67,6.880587
19205.22,143.33,143.76636,6.67,6.927062
19205.42,143.33,145.79198,6.67,7.0636163
19205.62,143.33,143.63522,6.67,6.9840603
19205.82,143.33,143.67474,6.67,7.0910444
19206.02,143.33,141.13428,6.67,7.0087667
19206.22,143.33,143.73773,6.67,6.947767
19206.42,143.33,138.89319,6.67,7.289742
19206.62,143.33,137.2068,6.67,7.205509
19206.82,143.33,136.82259,6.67,7.2033834
19207.02,143.33,138.49307,6.67,7.1789894
19207.22,143.33,134.4516,6.67,7.0281196
19207.42,143.33,137.65201,6.67,7.0433264
19207.62,143.33,135.01802,6.67,7.2423315
19207.82,143.33,142.41614,6.67,6.7882733
19208.02,143.33,140.45224,6.67,7.076639
19208.22,143.33,143.4216,6.67,6.845294
19208.42,143.33,144.93106,6.67,6.3205123
19208.62,143.33,146.78958,6.67,6.640359
19208.82,143.33,142.64836,6.67,6.6854095
19209.02,143.33,141.59224,6.67,6.8392463
19209.22,143.33,143.75171,6.67,6.63373
19209.42,143.33,147.55435,6.67,6.7281594
19209.62,143.33,143.45955,6.67,6.5572534
19209.82,143.33,147.47363,6.67,6.4242783
19210.02,143.33,148.60703,6.67,6.6271772
19210.22,143.33,144.89192,6.67,6.617862
19210.42,143.33,150.3,6.67,6.351519
19210.62,143.33,150.43652,6.67,6.075929
19210.82,143.33,153.753,6.67,5.9266167
19211.02,143.33,150.72131,6.67,6.3684673
19211.22,143.33,148.86198,6.67,6.5028267
19211.42,143.33,150.10413,6.67,6.41152
19211.62,143.33,153.94386,6.67,6.495797
19211.82,143.33,154.9963,6.67,6.472735
19212.02,143.33,157.1389,6.67,6.3922725
19212.22,143.33,151.87198,6.67,6.630617
19212.42,143.33,158.79465,6.67,6.236869
19212.62,143.33,156.2748,6.67,6.215638
19212.82,143.33,156.10855,6.67,6.390234
19213.02,143.33,152.5548,6.67,6.6464996
19213.22,143.33,152.00037,6.67,6.852194
19213.42,143.33,155.14632,6.67,6.7584124
19213.62,143.33,160.00766,6.67,6.2443333
19213.82,143.33,155.41528,6.67,6.4600286
19214.02,143.33,149.07272,6.67,7.000796
19214.22,143.33,154.88239,6.67,6.9190493
19214.42,143.33,159.53342,6.67,6.5326166
19214.62,143.33,150.95189,6.67,7.0810103
19214.82,143.33,153.46445,6.67,6.889639
19215.02,143.33,152.49394,6.67,6.7755623
19215.22,143.33,148.98376,6.67,6.956917
19215.42,143.33,156.10535,6.67,6.7747664
19215.62,143.33,157.61519,6.67,6.755493
19215.82,143.33,159.07013,6.67,6.5559783
19216.02,143.33,154.02171,6.67,6.8433733
19216.22,143.33,156.29234,6.67,6.350631
19216.42,143.33,154.98169,6.67,6.6901636
19216.62,143.33,155.9078,6.67,6.817918
19216.82,143.33,162.79343,6.67,6.5019193
19217.02,143.33,156.7094,6.67,6.614625
19217.22,143.33,156.1099,6.67,6.6879253
19217.42,143.33,151.91754,6.67,6.908227
19217.62,143.33,153.59424,6.67,6.6463223
19217.82,143.33,155.42133,6.67,6.5850115
19218.02,143.33,157.26224,6.67,6.62483
19218.22,143.33,151.71411,6.67,7.1037626
19218.42,143.33,160.10272,6.67,6.52279
19218.62,143.33,149.98915,6.67,6.8118935
19218.82,143.33,157.13875,6.67,6.4382706
19219.02,143.33,159.68268,6.67,6.522312
19219.22,143.33,155.64618,6.67,6.5748296
19219.42,143.33,155.52869,6.67,6.6517544
19219.62,143.33,151.06638,6.67,6.827507
19219.82,143.33,160.08173,6.67,6.3384333
19220.02,143.33,159.32791,6.67,6.302935
19220.22,143.33,159.67252,6.67,5.9899893
19220.42,143.33,157.91046,6.67,6.3854446
19220.62,143.33,151.99045,6.67,6.9304547
19220.82,143.33,164.7172,6.67,6.57382
19221.02,143.33,155.91046,6.67,6.7375603
19221.22,143.33,156.11932,6.67,6.8364305
19221.42,143.33,154.30911,6.67,6.8098183
19221.62,143.33,151.66486,6.67,6.854028
19221.82,143.33,151.55565,6.67,6.8232803
19222.02,143.33,156.4768,6.67,6.6801605
19222.22,143.33,158.18433,6.67,6.4233637
19222.42,143.33,155.64755,6.67,6.6939745
19222.62,143.33,150.05853,6.67,6.753845
19222.82,143.33,161.04178,6.67,6.440092
19223.02,143.33,159.2123,6.67,6.36866
19223.22,143.33,154.23627,6.67,6.4916987
19223.42,143.33,148.86847,6.67,6.684594
19223.62,143.33,153.95161,6.67,6.628477
19223.82,143.33,154.99805,6.67,6.4658194
19224.02,143.33,158.67557,6.67,6.5870314
19224.22,143.33,160.56256,6.67,6.4772053
19224.42,143.33,163.86139,6.67,6.2004466
19224.62,143.33,159.98438,6.67,6.5098553
19224.82,143.33,159.83987,6.67,6.49119
19225.02,143.33,150.81006,6.67,6.7693872
19225.22,143.33,151.74182,6.67,6.8106856
19225.42,143.33,157.79729,6.67,6.6612616
19225.62,143.33,161.8353,6.67,6.3293123
19225.82,143.33,155.60625,6.67,6.385858
19226.02,143.33,151.04178,6.67,6.461852
19226.22,143.33,150.56973,6.67,6.7954044
19226.42,143.33,148.9472,6.67,6.492756
19226.62,143.33,155.39557,6.67,6.354519
19226.82,143.33,161.81174,6.67,6.141226
19227.02,143.33,151.50693,6.67,6.6138163
19227.22,143.33,152.58942,6.67,6.545249
19227.42,143.33,160.11191,6.67,6.3398542
19227.62,143.33,151.7785,6.67,6.6597986
19227.82,143.33,155.26959,6.67,6.2905455
19228.02,143.33,162.78302,6.67,6.0403504
19228.22,143.33,151.26294,6.67,6.594879
19228.42,143.33,157.44205,6.67,6.3591113
19228.62,143.33,153.2275,6.67,6.3560605
19228.82,143.33,152.53403,6.67,6.4756413
19229.02,143.33,152.2943,6.67,6.5814266
19229.22,143.33,151.72244,6.67,6.4453735
19229.42,143.33,150.0167,6.67,6.3462267
19229.62,143.33,151.55644,6.67,6.384944
19229.82,143.33,159.00067,6.67,6.387025
19230.02,143.33,147.13907,6.67,6.5211277
19230.22,143.33,145.21649,6.67,6.7178288
19230.42,143.33,153.52002,6.67,6.5684624
19230.62,143.33,158.3068,6.67,6.4450674
19230.82,143.33,154.74513,6.67,6.714451
19231.02,143.33,153.5321,6.67,6.785548
19231.22,143.33,153.27332,6.67,6.8062916
19231.42,143.33,149.95221,6.67,6.6899753
19231.62,143.33,146.53735,6.67,6.6925545
19231.82,143.33,149.90492,6.67,6.7094207
19232.02,143.33,145.80756,6.67,6.8017874
19232.22,143.33,144.9342,6.67,6.806282
19232.42,143.33,150.16367,6.67,6.6317253
19232.62,143.33,145.3229,6.67,6.945855
19232.82,143.33,152.83952,6.67,6.557246
19233.02,143.33,160.99458,6.67,6.1705213
19233.22,143.33,156.67221,6.67,6.4496155
19233.42,143.33,154.44618,6.67,6.236576
19233.62,143.33,155.39008,6.67,6.2329
19233.82,143.33,153.75151,6.67,6.3633566
19234.02,143.33,152.95143,6.67,6.331875
19234.22,143.33,154.9967,6.67,6.47469
19234.42,143.33,153.59738,6.67,6.766018
19234.62,143.33,154.35185,6.67,6.5154247
19234.82,143.33,154.08302,6.67,6.4584255
19235.02,143.33,146.3544,6.67,6.560854
19235.22,143.33,145.98383,6.67,7.0153856
19235.42,143.33,147.13635,6.67,6.790469
19235.62,143.33,150.63863,6.67,6.91623
19235.82,143.33,156.46416,6.67,6.5084023
19236.02,143.33,147.77597,6.67,6.681591
19236.22,143.33,154.54309,6.67,6.5223794
19236.42,143.33,152.90228,6.67,6.756713
19236.62,143.33,148.3533,6.67,6.8945646
19236.82,143.33,156.61034,6.67,6.6625557
19237.02,143.33,149.442,6.67,6.8685503
19237.22,143.33,153.53763,6.67,6.6212883
19237.42,143.33,149.78189,6.67,6.7801023
19237.62,143.33,151.71918,6.67,6.769452
19237.82,143.33,146.93427,6.67,6.8695955
19238.02,143.33,143.26205,6.67,6.799554
19238.22,143.33,141.54999,6.67,6.9038286
19238.42,143.33,154.9495,6.67,6.5585794
19238.62,143.33,155.15863,6.67,6.4957
19238.82,143.33,155.0473,6.67,6.545168
19239.02,143.33,152.41035,6.67,6.6946735
19239.22,143.33,150.24234,6.67,6.6895885
19239.42,143.33,156.99992,6.67,6.272526
19239.62,143.33,149.76794,6.67,6.520483
19239.82,143.33,153.85596,6.67,6.556162
19240.02,143.33,150.75345,6.67,6.5338035
19240.22,143.33,154.0805,6.67,6.307349
19240.42,143.33,158.2283,6.67,6.4467096
19240.62,143.33,150.24803,6.67,6.7147884
19240.82,143.33,156.13261,6.67,6.617444
19241.02,143.33,158.1088,6.67,6.297782
19241.22,143.33,154.20415,6.67,6.376114
19241.42,143.33,150.18271,6.67,6.594516
19241.62,143.33,154.98338,6.67,6.431932
19241.82,143.33,150.86893,6.67,6.6312847
19242.02,143.33,148.04193,6.67,6.737053
19242.22,143.33,153.3357,6.67,6.5844564
19242.42,143.33,155.30444,6.67,6.4127655
19242.62,143.33,155.18732,6.67,6.354814
19242.82,143.33,156.68898,6.67,6.616127
19243.02,143.33,152.76245,6.67,6.4310474
19243.22,143.33,148.08524,6.67,6.784508
19243.42,143.33,153.52954,6.67,6.778217
19243.62,143.33,154.95848,6.67,6.463051
19243.82,143.33,146.22925,6.67,6.5925817
19244.02,143.33,155.40735,6.67,6.482168
19244.22,143.33,156.75444,6.67,6.511899
19244.42,143.33,160.11499,6.67,6.369982
19244.62,143.33,163.79636,6.67,6.4185
19244.82,143.33,154.5575,6.67,6.522398
19245.02,143.33,154.70331,6.67,6.4283676
19245.22,143.33,153.0187,6.67,6.342644
19245.42,143.33,147.71039,6.67,6.3554897
19245.62,143.33,147.67046,6.67,6.8029833
19245.82,143.33,153.37415,6.67,6.3685904
19246.02,143.33,155.49838,6.67,5.797705
19246.22,143.33,155.64459,6.67,6.1749578
19246.42,143.33,159.74924,6.67,6.3895397
19246.62,143.33,157.99475,6.67,6.2302256
19246.82,143.33,148.66368,6.67,6.4583626
19247.02,143.33,140.73138,6.67,6.7077923
19247.22,143.33,148.55609,6.67,6.541862
19247.42,143.33,149.97539,6.67,6.2831116
19247.62,143.33,151.84705,6.67,6.2556543
19247.82,143.33,152.63516,6.67,6.635351
19248.02,143.33,151.39095,6.67,6.6416483
19248.22,143.33,156.36465,6.67,6.481881
19248.42,143.33,152.63052,6.67,5.705679
19248.62,143.33,155.16595,6.67,5.9691887
19248.82,143.33,150.41571,6.67,6.5650587
19249.02,143.33,157.46634,6.67,6.1635423
19249.22,143.33,156.47108,6.67,5.9901752
19249.42,143.33,151.52023,6.67,6.4484873
19249.62,143.33,154.16588,6.67,6.4700756
19249.82,143.33,148.25034,6.67,6.583912
19250.02,143.33,154.51344,6.67,6.450305
19250.22,143.33,163.20947,6.67,6.015763
19250.42,143.33,161.30453,6.67,6.0670567
19250.62,143.33,155.58096,6.67,6.1240635
19250.82,143.33,160.41196,6.67,6.199877
19251.02,143.33,160.60165,6.67,5.970148
19251.22,143.33,152.61476,6.67,6.2281303
19251.42,143.33,159.99664,6.67,6.2967377
19251.62,143.33,156.73254,6.67,6.0868864
19251.82,143.33,148.74414,6.67,6.3103046
19252.02,143.33,147.92438,6.67,6.5260754
19252.22,143.33,148.58621,6.67,6.5795937
19252.42,143.33,149.69872,6.67,6.5164123
19252.62,143.33,146.33795,6.67,6.3605537
19252.82,143.33,150.52933,6.67,6.290484
19253.02,143.33,155.3894,6.67,6.1998005
19253.22,143.33,163.08301,6.67,5.921824
19253.42,143.33,147.2637,6.67,6.618668
19253.62,143.33,158.05692,6.67,6.2849236
19253.82,143.33,159.47076,6.67,5.7542295
19254.02,143.33,152.03928,6.67,6.137698
19254.22,143.33,151.67828,6.67,6.605874
19254.42,143.33,150.5599,6.67,6.249323
19254.62,143.33,154.61023,6.67,6.2925053
19254.82,143.33,155.36502,6.67,6.213289
19255.02,143.33,150.24463,6.67,6.0820713
19255.22,143.33,156.71048,6.67,5.5410075
19255.42,143.33,150.3793,6.67,6.019027
19255.62,143.33,154.02112,6.67,6.439073
19255.82,143.33,159.97198,6.67,6.2337394
19256.02,143.33,150.08609,6.67,6.462196
19256.22,143.33,153.0527,6.67,6.254507
19256.42,143.33,154.49011,6.67,6.5781336
19256.62,143.33,148.46585,6.67,6.725774
19256.82,143.33,152.02223,6.67,6.523658
19257.02,143.33,154.13559,6.67,6.592479
19257.22,143.33,162.26382,6.67,6.2133827
19257.42,143.33,153.49902,6.67,6.4294114
19257.62,143.33,160.98898,6.67,6.047828
19257.82,143.33,145.27974,6.67,6.398383
19258.02,143.33,146.34904,6.67,6.5045443
19258.22,143.33,153.6055,6.67,6.3068657
19258.42,143.33,152.99298,6.67,6.4508815
19258.62,143.33,155.64977,6.67,6.527098
19258.82,143.33,162.56622,6.67,6.1709642
19259.02,143.33,155.1226,6.67,6.2699785
19259.22,143.33,152.69177,6.67,6.5320997
19259.42,143.33,157.56264,6.67,6.1549954
19259.62,143.33,151.46986,6.67,6.424036
19259.82,143.33,150.38133,6.67,6.362
19260.02,143.33,151.56967,6.67,6.4492264
19260.22,143.33,144.12042,6.67,6.3968754
19260.42,143.33,144.47974,6.67,6.3687787
19260.62,143.33,155.78699,6.67,6.1248913
19260.82,143.33,157.14719,6.67,6.060771
19261.02,143.33,153.2788,6.67,6.28269
19261.22,143.33,154.01727,6.67,6.126212
19261.42,143.33,153.57379,6.67,5.870099
19261.62,143.33,151.4483,6.67,6.167152
19261.82,143.33,147.47336,6.67,6.3628635
19262.02,143.33,153.77948,6.67,6.087962
19262.22,143.33,151.2191,6.67,6.569374
19262.42,143.33,153.81682,6.67,6.28761
19262.62,143.33,151.09271,6.67,6.3336873
19262.82,143.33,152.71524,6.67,6.417157
19263.02,143.33,144.92566,6.67,6.514937
19263.22,143.33,149.48166,6.67,6.0816936
19263.42,143.33,149.65323,6.67,6.28475
19263.62,143.33,151.7724,6.67,6.2286263
19263.82,143.33,149.92899,6.67,6.3443065
19264.02,143.33,155.66364,6.67,6.35639
19264.22,143.33,156.83514,6.67,6.277239
19264.42,143.33,154.04097,6.67,6.2786236
19264.62,143.33,153.5226,6.67,6.414115
19264.82,143.33,152.08801,6.67,6.5749083
19265.02,143.33,154.76482,6.67,6.11735
19265.22,143.33,154.78336,6.67,6.5091047
19265.42,143.33,152.50842,6.67,6.389292
19265.62,143.33,157.23627,6.67,6.2257395
19265.82,143.33,155.83742,6.67,6.377488
19266.02,143.33,154.19331,6.67,6.2253404
19266.22,143.33,154.21027,6.67,6.3154335
19266.42,143.33,151.50827,6.67,6.4883013
19266.62,143.33,155.3187,6.67,6.4558444
19266.82,143.33,159.05069,6.67,6.196042
19267.02,143.33,150.78659,6.67,6.1259456
19267.22,143.33,145.95749,6.67,6.470539
19267.42,143.33,156.00842,6.67,6.395795
19267.62,143.33,153.86948,6.67,6.1440773
19267.82,143.33,157.48839,6.67,5.821371
19268.02,143.33,156.81404,6.67,5.951798
19268.22,143.33,154.07263,6.67,6.0611963
19268.42,143.33,154.85625,6.67,6.193038
19268.62,143.33,148.60803,6.67,6.194969
19268.82,143.33,155.26656,6.67,5.950066
19269.02,143.33,154.44193,6.67,6.1813335
19269.22,143.33,151.20529,6.67,6.2575784
19269.42,143.33,150.30276,6.67,6.2463017
19269.62,143.33,149.54416,6.67,6.286481
19269.82,143.33,146.41939,6.67,6.32151
19270.02,143.33,150.59975,6.67,6.0111675
19270.22,143.33,149.37213,6.67,6.0922165
19270.42,143.33,150.80714,6.67,5.824974
19270.62,143.33,160.02328,6.67,5.8796644
19270.82,143.33,152.58057,6.67,6.150503
19271.02,143.33,150.16502,6.67,6.42561
19271.22,143.33,147.09637,6.67,6.402821
19271.42,143.33,149.41783,6.67,6.371974
19271.62,143.33,147.78964,6.67,6.1502004
19271.82,143.33,151.77515,6.67,6.038353
19272.02,143.33,151.91402,6.67,6.0633736
19272.22,143.33,148.47943,6.67,6.4608784
19272.42,143.33,146.81247,6.67,6.551162
19272.62,143.33,152.90315,6.67,6.29857
19272.82,143.33,148.46124,6.67,6.2986193
19273.02,143.33,147.80916,6.67,6.072562
19273.22,143.33,149.00339,6.67,6.008441
19273.42,143.33,143.1587,6.67,6.354918
19273.62,143.33,146.47626,6.67,6.202432
19273.82,143.33,143.77237,6.67,6.405953
19274.02,143.33,146.85788,6.67,6.3490076
19274.22,143.33,152.1803,6.67,6.121548
19274.42,143.33,148.91225,6.67,6.3624396
19274.62,143.33,148.48505,6.67,6.2480326
19274.82,143.33,141.80478,6.67,6.4196568
19275.02,143.33,141.1264,6.67,6.5603657
19275.22,143.33,138.18784,6.67,6.7816553
19275.42,143.33,153.74176,6.67,6.393532
19275.62,143.33,150.11386,6.67,6.10052
19275.82,143.33,150.71387,6.67,6.1103573
19276.02,143.33,151.32263,6.67,6.163033
19276.22,143.33,149.57266,6.67,6.0273395
19276.42,143.33,144.13159,6.67,6.168291
19276.62,143.33,141.29169,6.67,6.133607
19276.82,143.33,142.12277,6.67,6.462731
19277.02,143.33,149.82002,6.67,6.2274036
19277.22,143.33,142.7591,6.67,6.249009
19277.42,143.33,149.95706,6.67,6.1825123
19277.62,143.33,151.29987,6.67,6.0342135
19277.82,143.33,149.02727,6.67,6.1532497
19278.02,143.33,144.3148,6.67,6.1707315
19278.22,143.33,142.55191,6.67,6.2316732
19278.42,143.33,136.76071,6.67,6.3583293
19278.62,143.33,143.669,6.67,6.288743
19278.82,143.33,148.30704,6.67,6.397669
19279.02,143.33,147.05408,6.67,6.0869913
19279.22,143.33,142.73758,6.67,6.22042
19279.42,143.33,138.72977,6.67,6.349313
19279.62,143.33,137.97784,6.67,6.41448
19279.82,143.33,144.90009,6.67,5.940944
19280.02,143.33,146.01308,6.67,6.1463137
19280.22,143.33,144.60065,6.67,5.940952
19280.42,143.33,144.09743,6.67,6.2346325
19280.62,143.33,146.27762,6.67,6.168228
19280.82,143.33,133.12494,6.67,5.952446
19281.02,143.33,147.81772,6.67,6.1275787
19281.22,143.33,149.49597,6.67,5.98781
19281.42,143.33,143.6608,6.67,5.6801043
19281.62,143.33,148.82602,6.67,5.7947445
19281.82,143.33,148.28525,6.67,5.815129
19282.02,153.33,136.77869,6.67,6.1032333
19282.22,153.33,140.1431,6.67,6.369507
19282.42,153.33,146.6608,6.67,5.7530518
19282.62,153.33,137.4809,6.67,6.196059
19282.82,153.33,132.98132,6.67,6.4912024
19283.02,153.33,141.31851,6.67,6.2259283
19283.22,153.33,132.376,6.67,5.9998636
19283.42,153.33,139.13155,6.67,6.3048306
19283.62,153.33,140.0246,6.67,6.2256107
19283.82,153.33,136.76857,6.67,6.4740505
19284.02,153.33,130.29034,6.67,6.464837
19284.22,153.33,135.45091,6.67,6.4187536
19284.42,153.33,134.57922,6.67,6.4837155
19284.62,153.33,131.0449,6.67,6.0115786
19284.82,153.33,132.61382,6.67,6.1992245
19285.02,153.33,134.4604,6.67,6.2888336
19285.22,153.33,131.4218,6.67,6.1807165
19285.42,153.33,136.1658,6.67,6.0274143
19285.62,153.33,134.28333,6.67,6.203747
19285.82,153.33,140.62607,6.67,6.153612
19286.02,153.33,131.03413,6.67,6.0260487
19286.22,153.33,137.2887,6.67,6.1439066
19286.42,153.33,130.90364,6.67,6.222392
19286.62,153.33,127.36247,6.67,6.2916994
19286.82,153.33,125.709854,6.67,5.9831405
19287.02,153.33,131.81406,6.67,6.004194
19287.22,153.33,135.8053,6.67,6.125913
19287.42,153.33,131.6203,6.67,6.2136164
19287.62,153.33,140.37555,6.67,5.845599
19287.82,153.33,133.87204,6.67,6.031823
19288.02,153.33,130.28073,6.67,6.457738
19288.22,153.33,129.14876,6.67,6.3727307
19288.42,153.33,134.71083,6.67,5.737188
19288.62,153.33,128.43443,6.67,6.123193
19288.82,153.33,135.52226,6.67,6.1638045
19289.02,153.33,129.97571,6.67,6.1019163
19289.22,153.33,125.41059,6.67,6.0268755
19289.42,153.33,124.78021,6.67,5.8938394
19289.62,153.33,126.54816,6.67,5.8946967
19289.82,153.33,121.76428,6.67,5.9341593
19290.02,153.33,123.0912,6.67,5.968979
19290.22,153.33,123.52922,6.67,5.881955
19290.42,153.33,124.78914,6.67,6.0567174
19290.62,153.33,129.14551,6.67,5.746909
19290.82,153.33,126.50049,6.67,5.8131437
19291.02,153.33,135.324,6.67,6.1381993
19291.22,153.33,133.59143,6.67,6.1439495
19291.42,153.33,136.48785,6.67,5.744266
19291.62,153.33,121.64218,6.67,5.4431853
19291.82,153.33,126.47585,6.67,5.721427
19292.02,153.33,122.95505,6.67,5.4094505
19292.22,153.33,127.1026,6.67,5.8019423
19292.42,153.33,127.179504,6.67,6.128085
19292.62,153.33,124.09996,6.67,5.569471
19292.82,153.33,122.38066,6.67,6.159568
19293.02,153.33,135.83572,6.67,5.7244534
19293.22,153.33,118.92096,6.67,5.623193
19293.42,153.33,126.36357,6.67,5.9638224
19293.62,153.33,129.01004,6.67,5.926292
19293.82,153.33,123.20183,6.67,5.7064743
19294.02,153.33,123.03601,6.67,5.9517813
19294.22,153.33,123.65982,6.67,5.9273834
19294.42,153.33,128.29028,6.67,6.4523897
19294.62,153.33,126.78479,6.67,5.9095516
19294.82,153.33,121.975716,6.67,5.9494505
19295.02,153.33,124.15144,6.67,6.3308506
19295.22,153.33,130.9473,6.67,6.1356974
19295.42,153.33,126.35858,6.67,5.7414975
19295.62,153.33,125.428535,6.67,6.117223
19295.82,153.33,122.840744,6.67,6.2458405
19296.02,153.33,120.87797,6.67,5.531531
19296.22,153.33,128.19728,6.67,6.116039
19296.42,153.33,128.05331,6.67,6.275475
19296.62,153.33,130.73523,6.67,6.2719994
19296.82,153.33,130.34781,6.67,6.3102016
19297.02,153.33,125.63313,6.67,6.3458185
19297.22,153.33,130.61902,6.67,6.027532
19297.42,153.33,128.60497,6.67,6.370125
19297.62,153.33,125.362175,6.67,6.325186
19297.82,153.33,128.005,6.67,6.545642
19298.02,153.33,130.37622,6.67,6.5457764
19298.22,153.33,121.617584,6.67,6.424087
19298.42,153.33,124.80871,6.67,6.3234386
19298.62,153.33,122.5208,6.67,6.264531
19298.82,153.33,130.64407,6.67,6.2608347
19299.02,153.33,131.16968,6.67,6.3071346
19299.22,153.33,128.5505,6.67,6.2990255
19299.42,153.33,130.93867,6.67,6.294084
19299.62,153.33,131.06892,6.67,6.2046843
19299.82,153.33,131.2286,6.67,6.1147385
19300.02,153.33,128.53589,6.67,6.738224
19300.22,153.33,127.056366,6.67,6.569916
19300.42,153.33,135.49487,6.67,6.581727
19300.62,153.33,127.03235,6.67,6.458107
19300.82,153.33,122.24706,6.67,6.5469146
19301.02,153.33,129.43678,6.67,6.6893616
19301.22,153.33,133.19713,6.67,6.2656903
19301.42,153.33,135.86108,6.67,6.2918525
19301.62,153.33,136.32246,6.67,6.4627705
19301.82,153.33,133.69313,6.67,6.5660105
19302.02,153.33,124.7157,6.67,6.833208
19302.22,153.33,129.76361,6.67,6.7257566
19302.42,153.33,130.31805,6.67,6.6279697
19302.62,153.33,128.36671,6.67,6.71876
19302.82,153.33,135.46936,6.67,6.410874
19303.02,153.33,131.54488,6.67,6.731737
19303.22,153.33,135.81685,6.67,6.5873985
19303.42,153.33,133.83301,6.67,6.5810175
19303.62,153.33,130.87631,6.67,6.511857
19303.82,153.33,133.52786,6.67,6.4554815
19304.02,153.33,133.0234,6.67,6.615759
19304.22,153.33,131.6552,6.67,6.6208754
19304.42,153.33,129.17458,6.67,6.6987276
19304.62,153.33,126.49598,6.67,6.8945875
19304.82,153.33,128.46756,6.67,6.593411
19305.02,153.33,130.41159,6.67,6.7923527
19305.22,153.33,130.441,6.67,6.5876727
19305.42,153.33,129.54305,6.67,6.5920486
19305.62,153.33,127.275055,6.67,6.7387004
19305.82,153.33,135.68875,6.67,6.5952387
19306.02,153.33,131.87173,6.67,6.526267
19306.22,153.33,129.82773,6.67,6.3547707
19306.42,153.33,130.0157,6.67,6.3742285
19306.62,153.33,132.97513,6.67,6.5965776
19306.82,153.33,132.19589,6.67,6.6615567
19307.02,153.33,128.18582,6.67,6.6354475
19307.22,153.33,132.0609,6.67,6.5083427
19307.42,153.33,134.80252,6.67,6.2912073
19307.62,153.33,127.94861,6.67,6.604662
19307.82,153.33,130.61388,6.67,6.403035
19308.02,153.33,130.11185,6.67,6.372143
19308.22,153.33,127.39661,6.67,6.360838
19308.42,153.33,131.91031,6.67,6.4262834
19308.62,153.33,129.49876,6.67,6.4602137
19308.82,153.33,126.56423,6.67,6.5402904
19309.02,153.33,133.64316,6.67,6.502879
19309.22,153.33,132.33821,6.67,6.221285
19309.42,153.33,128.08202,6.67,6.43293
19309.62,153.33,135.0169,6.67,6.421936
19309.82,153.33,131.68915,6.67,6.373677
19310.02,153.33,127.582,6.67,6.26464
19310.22,153.33,129.95593,6.67,6.2692738
19310.42,153.33,127.89375,6.67,6.5210676
19310.62,153.33,124.01223,6.67,6.5620823
19310.82,153.33,129.90518,6.67,6.6877103
19311.02,153.33,130.57999,6.67,6.4639254
19311.22,153.33,126.19969,6.67,6.648704
19311.42,153.33,133.71313,6.67,6.328288
19311.62,153.33,129.47137,6.67,6.5823355
19311.82,153.33,134.63373,6.67,6.546462
19312.02,153.33,132.34091,6.67,6.409109
19312.22,153.33,129.72101,6.67,6.680797
19312.42,153.33,129.84734,6.67,6.7148066
19312.62,153.33,127.74985,6.67,6.5677505
19312.82,153.33,126.38744,6.67,6.5673175
19313.02,153.33,134.33069,6.67,6.3412695
19313.22,153.33,128.01315,6.67,6.42085
19313.42,153.33,124.6621,6.67,6.3697186
19313.62,153.33,130.23627,6.67,6.4501257
19313.82,153.33,136.3353,6.67,6.345028
19314.02,153.33,128.9343,6.67,6.444253
19314.22,153.33,136.05508,6.67,6.4401827
19314.42,153.33,129.68683,6.67,6.395856
19314.62,153.33,126.39227,6.67,6.5773764
19314.82,153.33,135.32341,6.67,6.4454126
19315.02,153.33,131.65547,6.67,6.4614134
19315.22,153.33,126.899605,6.67,6.572094
19315.42,153.33,131.3217,6.67,6.6750593
19315.62,153.33,130.08163,6.67,6.555399
19315.82,153.33,125.43834,6.67,6.6803665
19316.02,153.33,132.1106,6.67,6.208952
19316.22,153.33,128.12086,6.67,6.227165
19316.42,153.33,137.74387,6.67,6.413102
19316.62,153.33,138.55957,6.67,6.214479
19316.82,153.33,133.62228,6.67,6.4360676
19317.02,153.33,132.70871,6.67,6.385642
19317.22,153.33,132.60352,6.67,6.2796745
19317.42,153.33,134.59903,6.67,5.8443418
19317.62,153.33,125.59053,6.67,6.2121115
19317.82,153.33,126.82344,6.67,6.0979652
19318.02,153.33,137.37546,6.67,6.365581
19318.22,153.33,129.70108,6.67,6.037634
19318.42,153.33,133.64445,6.67,6.111808
19318.62,153.33,130.41068,6.67,6.2848587
19318.82,153.33,131.28175,6.67,6.442485
19319.02,153.33,126.750595,6.67,6.382817
19319.22,153.33,139.92581,6.67,6.3132477
19319.42,153.33,137.3714,6.67,5.971878
19319.62,153.33,132.84909,6.67,6.0916777
19319.82,153.33,132.82922,6.67,6.1632085
19320.02,153.33,133.39105,6.67,6.025691
19320.22,153.33,131.32611,6.67,6.1787796
19320.42,153.33,132.75037,6.67,6.448683
19320.62,153.33,128.56049,6.67,6.254071
19320.82,153.33,130.40985,6.67,6.2905035
19321.02,153.33,133.1387,6.67,6.3635793
19321.22,153.33,128.52655,6.67,6.335474
19321.42,153.33,130.86035,6.67,5.997244
19321.62,153.33,130.00914,6.67,6.6724625
19321.82,153.33,138.1431,6.67,6.4834795
19322.02,153.33,137.99274,6.67,6.2758656
19322.22,153.33,132.00995,6.67,6.417662
19322.42,153.33,135.44986,6.67,6.2893105
19322.62,153.33,137.84296,6.67,6.2003794
19322.82,153.33,137.27534,6.67,6.0819225
19323.02,153.33,132.07062,6.67,6.269179
19323.22,153.33,141.13597,6.67,6.3160152
19323.42,153.33,138.13448,6.67,6.2453012
19323.62,153.33,137.06071,6.67,6.019842
19323.82,153.33,136.1221,6.67,6.2888904
19324.02,153.33,141.63013,6.67,5.9084053
19324.22,153.33,137.42786,6.67,6.047985
19324.42,153.33,142.03076,6.67,6.1609964
19324.62,153.33,140.80136,6.67,6.262172
19324.82,153.33,138.68219,6.67,6.3674803
19325.02,153.33,144.87474,6.67,6.234432
19325.22,153.33,144.35965,6.67,6.134416
19325.42,153.33,143.55246,6.67,6.1700287
19325.62,153.33,144.93283,6.67,5.998907
19325.82,153.33,142.24821,6.67,6.187439
19326.02,153.33,138.93478,6.67,6.3809776
19326.22,153.33,138.56987,6.67,6.3805723
19326.42,153.33,139.4761,6.67,6.424683
19326.62,153.33,147.99866,6.67,5.8581614
19326.82,153.33,137.45432,6.67,6.180359
19327.02,153.33,145.74701,6.67,6.074189
19327.22,153.33,144.03908,6.67,6.1482
19327.42,153.33,146.49176,6.67,6.045223
19327.62,153.33,142.84172,6.67,6.093443
19327.82,153.33,143.919,6.67,6.104683
19328.02,153.33,145.12225,6.67,6.1608567
19328.22,153.33,144.5031,6.67,6.369668
19328.42,153.33,146.17839,6.67,6.1543794
19328.62,153.33,139.91269,6.67,6.07747
19328.82,153.33,144.0499,6.67,6.243223
19329.02,153.33,142.1583,6.67,6.2531013
19329.22,153.33,141.80795,6.67,6.0496054
19329.42,153.33,145.54222,6.67,6.198695
19329.62,153.33,147.13199,6.67,6.0369
19329.82,153.33,143.19061,6.67,6.3510175
19330.02,153.33,142.68378,6.67,6.3097105
19330.22,153.33,146.98526,6.67,6.0959606
19330.42,153.33,145.68002,6.67,6.342427
19330.62,153.33,141.84714,6.67,6.474293
19330.82,153.33,147.4754,6.67,6.0882354
19331.02,153.33,142.93942,6.67,6.145193
19331.22,153.33,148.3057,6.67,6.266275
19331.42,153.33,134.92734,6.67,6.221589
19331.62,153.33,142.50594,6.67,6.339309
19331.82,153.33,146.89986,6.67,6.121597
19332.02,153.33,147.1944,6.67,5.9991255
19332.22,153.33,149.32181,6.67,6.175153
19332.42,153.33,152.32779,6.67,6.3417816
19332.62,153.33,138.61984,6.67,6.315506
19332.82,153.33,145.62975,6.67,6.4384027
19333.02,153.33,144.11722,6.67,6.2596264
19333.22,153.33,139.99118,6.67,6.32002
19333.42,153.33,151.40645,6.67,6.262474
19333.62,153.33,151.18399,6.67,6.048027
19333.82,153.33,149.1637,6.67,5.9492884
19334.02,153.33,141.3861,6.67,6.1880774
19334.22,153.33,143.62213,6.67,6.1985235
19334.42,153.33,132.7826,6.67,5.9709086
19334.62,153.33,143.39384,6.67,6.230472
19334.82,153.33,139.99298,6.67,6.1129317
19335.02,153.33,153.78473,6.67,6.0564466
19335.22,153.33,150.0914,6.67,6.2367983
19335.42,153.33,149.4613,6.67,6.214196
19335.62,153.33,141.91075,6.67,6.4727035
19335.82,153.33,143.3222,6.67,6.446233
19336.02,153.33,135.90456,6.67,6.5013895
19336.22,153.33,138.93536,6.67,6.4421325
19336.42,153.33,137.67307,6.67,6.649175
19336.62,153.33,145.04507,6.67,6.556764
19336.82,153.33,149.66573,6.67,6.240878
19337.02,153.33,138.281,6.67,6.5833015
19337.22,153.33,150.51286,6.67,6.0313253
19337.42,153.33,137.14517,6.67,6.43207
19337.62,153.33,142.38121,6.67,6.6578712
19337.82,153.33,146.3707,6.67,6.1665936
19338.02,153.33,142.30312,6.67,5.7546144
19338.22,153.33,150.47276,6.67,6.048586
19338.42,153.33,145.44298,6.67,5.8014317
19338.62,153.33,131.82019,6.67,6.2891636
19338.82,153.33,141.31192,6.67,6.417444
19339.02,153.33,139.8206,6.67,6.8375144
19339.22,153.33,138.02975,6.67,6.7842493
19339.42,153.33,148.03096,6.67,6.446844
19339.62,153.33,145.93283,6.67,6.507043
19339.82,153.33,148.57303,6.67,6.3751173
19340.02,153.33,145.95045,6.67,6.4625874
19340.22,153.33,136.04706,6.67,6.6306744
19340.42,153.33,136.2669,6.67,6.597001
19340.62,153.33,148.27176,6.67,6.1321106
19340.82,153.33,76.11006,6.67,0.94711375
19341.02,153.33,17.918144,6.67,-0.16184139
19341.22,153.33,12.519199,6.67,-0.21572638
19341.42,153.33,10.442402,6.67,-0.2446537
19341.62,153.33,9.534508,6.67,-0.26009178
19341.82,153.33,8.272827,6.67,-0.30980635
19342.02,153.33,7.463814,6.67,-0.31184864
19342.22,153.33,7.1533585,6.67,-0.31472206
19342.42,153.33,6.7171936,6.67,-0.32291985
19342.62,153.33,6.4741287,6.67,-0.327919
19342.82,153.33,6.7992477,6.67,-0.3435917
19343.02,153.33,6.925461,6.67,-0.35171556
19343.22,153.33,6.88163,6.67,-0.36674118
19343.42,153.33,6.9837112,6.67,-0.37743473
19343.62,153.33,7.536598,6.67,-0.3950286
19343.82,153.33,7.7555313,6.67,-0.4036789
19344.02,153.33,7.5143127,6.67,-0.40099669
19344.22,153.33,7.6232376,6.67,-0.40225077
19344.42,153.33,7.8921204,6.67,-0.4121647
19344.62,153.33,7.940712,6.67,-0.41943312
19344.82,153.33,8.162674,6.67,-0.42441654
19345.02,153.33,8.54657,6.67,-0.42123795
19345.22,153.33,8.194878,6.67,-0.41113472
19345.42,153.33,8.878952,6.67,-0.42134953
19345.62,153.33,9.541172,6.67,-0.4210596
19345.82,153.33,9.863468,6.67,-0.41987944
19346.02,153.33,10.585411,6.67,-0.34862423
19346.22,153.33,11.546158,6.67,-0.23497629
19346.42,153.33,11.852329,6.67,-0.15922117
19346.62,153.33,13.521297,6.67,0.10316181
19346.82,153.33,13.283485,6.67,0.105778694
19347.02,153.33,13.256863,6.67,0.08551669
19347.22,153.33,13.273907,6.67,-0.022628546
19347.42,153.33,13.581673,6.67,0.1734798
19347.62,153.33,13.713001,6.67,0.21499658
19347.82,153.33,12.951691,6.67,0.08293033
19348.02,153.33,13.730831,6.67,0.08596206
19348.22,153.33,13.2813835,6.67,0.049559593
19348.42,153.33,13.421139,6.67,0.1033752
19348.62,153.33,13.157902,6.67,0.13813758
19348.82,153.33,13.763855,6.67,0.16924262
19349.02,153.33,13.966671,6.67,0.084022045
19349.22,153.33,13.986752,6.67,0.17631507
19349.42,153.33,14.101707,6.67,0.1973126
19349.62,153.33,13.598698,6.67,0.013919115
19349.82,153.33,14.553764,6.67,0.25760388
19350.02,153.33,13.799969,6.67,0.13487864
19350.22,153.33,14.091076,6.67,0.19545722
19350.42,153.33,14.04076,6.67,0.08222556
19350.62,153.33,14.882843,6.67,0.12031293
19350.82,153.33,15.733395,6.67,0.12298584
19351.02,153.33,18.100216,6.67,0.24785137
19351.22,153.33,18.549057,6.67,0.09109163
19351.42,153.33,19.969288,6.67,0.17957711
19351.62,153.33,20.30043,6.67,0.12650299
19351.82,153.33,19.883385,6.67,0.013823032
19352.02,153.33,20.971584,6.67,0.091594696
19352.22,153.33,20.765442,6.67,0.06256914
19352.42,153.33,21.774769,6.67,0.014498949
19352.62,153.33,22.30909,6.67,0.050853252
19352.82,153.33,23.229996,6.67,0.26522207
19353.02,153.33,20.911682,6.67,-0.038701057
19353.22,153.33,21.795006,6.67,-0.0993247
19353.42,153.33,19.975952,6.67,-0.19624996
19353.62,153.33,22.048935,6.67,-0.04370165
19353.82,153.33,20.403473,6.67,-0.1559906
19354.02,153.33,19.809177,6.67,-0.20025206
19354.22,153.33,21.839417,6.67,-0.18045425
19354.42,153.33,22.967522,6.67,-0.12171364
19354.62,153.33,20.008465,6.67,-0.20418167
19354.82,153.33,20.87418,6.67,-0.20724821
19355.02,153.33,22.395802,6.67,-0.18558216
19355.22,153.33,20.74236,6.67,-0.21331453
19355.42,153.33,23.555523,6.67,-0.19359875
19355.62,153.33,22.126694,6.67,-0.20083666
19355.82,153.33,21.309929,6.67,-0.1992321
19356.02,153.33,25.641048,6.67,-0.15166044
19356.22,153.33,26.274818,6.67,-0.18010521
19356.42,153.33,28.673592,6.67,-0.13957214
19356.62,153.33,24.447498,6.67,-0.2301979
19356.82,153.33,23.275497,6.67,-0.22816133
19357.02,153.33,23.546902,6.67,-0.2374711
19357.22,153.33,25.855625,6.67,-0.16805315
19357.42,153.33,25.412827,6.67,-0.19000387
19357.62,153.33,25.686169,6.67,-0.19825268
19357.82,153.33,28.785446,6.67,-0.21321774
19358.02,153.33,31.194164,6.67,-0.19583559
19358.22,153.33,28.762745,6.67,-0.20615482
19358.42,153.33,27.732174,6.67,-0.18816519
19358.62,153.33,32.975548,6.67,-0.14889002
19358.82,153.33,38.50998,6.67,-0.16354609
19359.02,153.33,34.643135,6.67,-0.17460537
19359.22,153.33,34.494236,6.67,-0.18894482
19359.42,153.33,34.61163,6.67,-0.17600441
19359.62,153.33,31.264725,6.67,-0.19104052
19359.82,153.33,37.302856,6.67,-0.13605118
19360.02,153.33,29.934166,6.67,-0.20060444
19360.22,153.33,29.279793,6.67,-0.14890432
19360.42,153.33,40.491165,6.67,-0.18680716
19360.62,153.33,36.260574,6.67,-0.1976366
19360.82,153.33,36.0323,6.67,-0.16834688
19361.02,153.33,45.625267,6.67,-0.15915537
19361.22,153.33,40.47246,6.67,-0.183074
19361.42,153.33,39.764484,6.67,-0.18207455
19361.62,153.33,40.041233,6.67,-0.16440487
19361.82,153.33,41.598457,6.67,-0.14495277
19362.02,153.33,46.777184,6.67,-0.17776537
19362.22,153.33,56.314156,6.67,-0.12127447
19362.42,153.33,54.86563,6.67,-0.12798023
19362.62,153.33,45.032085,6.67,-0.13887787
19362.82,153.33,46.341408,6.67,-0.111225605
19363.02,153.33,54.63102,6.67,-0.1345892
19363.22,153.33,50.323727,6.67,-0.096699715
19363.42,153.33,49.289722,6.67,-0.12607479
19363.62,153.33,62.20932,6.67,-0.108403206
19363.82,153.33,59.719387,6.67,-0.060816765
19364.02,153.33,47.064682,6.67,-0.15331364
19364.22,153.33,43.858093,6.67,-0.12454319
19364.42,153.33,60.79953,6.67,-0.04162979
19364.62,153.33,65.84622,6.67,-0.03263569
19364.82,153.33,60.25874,6.67,-0.06594634
19365.02,153.33,56.101715,6.67,-0.0873189
19365.22,153.33,75.59395,6.67,-0.0824461
19365.42,153.33,59.70092,6.67,-0.03770566
19365.62,153.33,63.20543,6.67,-0.069422245
19365.82,153.33,70.17289,6.67,-0.020948172
19366.02,153.33,58.291023,6.67,-0.12441254
19366.22,153.33,86.95766,6.67,0.050524235
19366.42,153.33,62.87077,6.67,-0.04840803
19366.62,153.33,53.17183,6.67,-0.10353613
19366.82,153.33,58.371124,6.67,-0.041632175
19367.02,153.33,58.410152,6.67,-0.024979591
19367.22,153.33,70.154396,6.67,-0.014221907
19367.42,153.33,71.86714,6.67,-0.07362223
19367.62,153.33,52.399128,6.67,-0.07922077
19367.82,153.33,40.174664,6.67,-0.11068392
19368.02,153.33,48.00802,6.67,-0.089161396
19368.22,153.33,55.310513,6.67,-0.09134579
19368.42,153.33,63.49262,6.67,-0.002413988
19368.62,153.33,50.624348,6.67,-0.06911659
19368.82,153.33,77.93946,6.67,-0.03237295
19369.02,153.33,74.65348,6.67,-0.015726566
19369.22,153.33,69.16419,6.67,-0.013910532
19369.42,153.33,68.123856,6.67,-0.017435074
19369.62,153.33,66.81485,6.67,-0.049952984
19369.82,153.33,79.87928,6.67,0.06116724
19370.02,153.33,64.06361,6.67,-0.022289515
19370.22,153.33,45.38782,6.67,-0.064539194
19370.42,153.33,69.19869,6.67,-0.04407859
19370.62,153.33,64.502686,6.67,-0.08844185
19370.82,153.33,53.037308,6.67,0.003884554
19371.02,153.33,63.722076,6.67,0.0503819
19371.22,153.33,100.16969,6.67,0.07423067
19371.42,153.33,108.81759,6.67,0.12502623
19371.62,153.33,93.22458,6.67,0.15849805
19371.82,153.33,92.557495,6.67,0.17196608
19372.02,153.33,96.61609,6.67,0.15007305
19372.22,153.33,110.64734,6.67,0.15065765
19372.42,153.33,93.79544,6.67,0.15090227
19372.62,153.33,106.26278,6.67,0.145967
19372.82,153.33,96.294754,6.67,0.15179157
19373.02,153.33,97.65395,6.67,0.14822888
19373.22,153.33,94.686104,6.67,0.13331914
19373.42,153.33,103.6929,6.67,0.123619795
19373.62,153.33,94.64587,6.67,0.13288498
19373.82,153.33,113.06929,6.67,0.097090244
19374.02,153.33,100.463715,6.67,0.1252346
19374.22,153.33,90.072975,6.67,0.09632301
19374.42,153.33,93.95465,6.67,0.10476899
19374.62,153.33,115.85457,6.67,0.079304695
19374.82,153.33,118.11554,6.67,0.058773756
19375.02,130.0,114.06201,6.67,0.0624063
19375.22,130.0,86.36949,6.67,0.06580162
19375.42,130.0,100.491264,6.67,0.05590558
19375.62,130.0,101.63699,6.67,0.075157404
19375.82,130.0,86.83774,6.67,0.06733775
19376.02,130.0,105.248856,6.67,0.015861988
19376.22,130.0,124.539444,6.67,0.036643505
19376.42,130.0,147.83994,6.67,0.022800684
19376.62,130.0,96.00908,6.67,0.026408434
19376.82,130.0,117.02403,6.67,0.023597956
19377.02,130.0,122.04702,6.67,0.012693882
19377.22,130.0,107.275154,6.67,0.042265177
19377.42,130.0,97.83563,6.67,0.009638548
19377.62,130.0,99.066315,6.67,-0.01117754
19377.82,130.0,100.990295,6.67,0.023013592
19378.02,130.0,126.05415,6.67,0.0020980835
19378.22,130.0,113.20875,6.67,-0.0021140575
19378.42,130.0,148.47931,6.67,-0.049047947
19378.62,130.0,133.28859,6.67,-0.011126757
19378.82,130.0,116.81171,6.67,-0.012970686
19379.02,130.0,102.91392,6.67,-0.0059170723
19379.22,130.0,92.35809,6.67,-0.07090378
19379.42,130.0,117.99602,6.67,0.0015487671
19379.62,130.0,124.45274,6.67,0.018645525
19379.82,130.0,123.69403,6.67,0.02614808
19380.02,130.0,98.98532,6.67,-0.04096198
19380.22,130.0,89.23973,6.67,0.009227037
19380.42,130.0,99.14777,6.67,0.02012086
19380.62,130.0,104.31261,6.67,-0.028574228
19380.82,130.0,127.47781,6.67,0.0052518845
19381.02,130.0,104.95322,6.67,0.008495569
19381.22,130.0,96.20152,6.67,-0.024855852
19381.42,130.0,114.18132,6.67,0.015064478
19381.62,130.0,106.16324,6.67,-0.002781868
19381.82,130.0,135.37262,6.67,0.11690998
19382.02,130.0,138.50891,6.67,-0.019246578
19382.22,130.0,108.12999,6.67,0.028491735
19382.42,130.0,125.10681,6.67,0.035481453
19382.62,130.0,74.356636,6.67,-0.015729427
19382.82,130.0,96.04251,6.67,0.013388634
19383.02,130.0,114.049515,6.67,0.10819936
19383.22,130.0,119.298996,6.67,0.041165113
19383.42,130.0,101.339035,6.67,0.046663523
19383.62,130.0,105.47086,6.67,0.003908634
19383.82,130.0,89.260544,6.67,-0.024242401
19384.02,130.0,86.51829,6.67,0.019222021
19384.22,130.0,86.50871,6.67,0.034675837
19384.42,130.0,134.7422,6.67,0.18396878
19384.62,130.0,101.97822,6.67,0.026744604
19384.82,130.0,122.81502,6.67,0.09993386
19385.02,130.0,108.683685,6.67,0.054493666
19385.22,130.0,104.456314,6.67,0.048820972
19385.42,130.0,105.73887,6.67,0.12037301
19385.62,130.0,106.228455,6.67,0.1855495
19385.82,130.0,126.50054,6.67,0.26207757
19386.02,130.0,123.45331,6.67,0.103971004
19386.22,130.0,120.75069,6.67,0.080631495
19386.42,130.0,97.1792,6.67,0.03508663
19386.62,130.0,102.63039,6.67,-0.012820959
19386.82,130.0,100.80657,6.67,0.13576245
19387.02,130.0,100.888054,6.67,0.1146059
19387.22,130.0,118.365906,6.67,0.21974015
19387.42,130.0,113.34675,6.67,0.09235382
19387.62,130.0,113.446686,6.67,0.072015285
19387.82,130.0,104.75527,6.67,0.20905471
19388.02,130.0,100.46275,6.67,0.16774344
19388.22,130.0,135.302,6.67,0.3667016
19388.42,130.0,126.48053,6.67,0.54072595
19388.62,130.0,122.14202,6.67,0.7447448
19388.82,130.0,116.53328,6.67,0.4332862
19389.02,130.0,88.57745,6.67,0.06995511
19389.22,130.0,67.12311,6.67,0.012074232
19389.42,130.0,107.171234,6.67,0.7354088
19389.62,130.0,117.721634,6.67,0.36470866
19389.82,130.0,89.27983,6.67,0.038105965
19390.02,130.0,98.905426,6.67,0.20029664
19390.22,130.0,122.44552,6.67,0.45028043
19390.42,130.0,89.95891,6.67,0.012082815
19390.62,130.0,95.51018,6.67,0.15824771
19390.82,130.0,104.38489,6.67,0.4612522
19391.02,130.0,77.5514,6.67,0.27394724
19391.22,130.0,98.091545,6.67,0.86993
19391.42,130.0,99.274,6.67,0.44939733
19391.62,130.0,102.49348,6.67,0.69643474
19391.82,130.0,81.947296,6.67,0.26644588
19392.02,130.0,96.05158,6.67,0.39989758
19392.22,130.0,82.4935,6.67,0.14413142
19392.42,130.0,65.543106,6.67,0.071861744
19392.62,130.0,67.08965,6.67,0.090662
19392.82,130.0,80.88629,6.67,0.14913964
19393.02,130.0,70.810616,6.67,0.014603853
19393.22,130.0,56.099,6.67,0.048168898
19393.42,130.0,73.556725,6.67,0.101174116
19393.62,130.0,55.11605,6.67,0.041053057
19393.82,130.0,51.89044,6.67,0.005866766
19394.02,130.0,57.40192,6.67,-0.0112428665
19394.22,130.0,49.95585,6.67,-0.08337593
19394.42,130.0,49.279133,6.67,0.033219337
19394.62,130.0,63.073826,6.67,0.25297928
19394.82,130.0,56.938763,6.67,-0.037267208
19395.02,130.0,65.589386,6.67,0.0037372112
19395.22,130.0,48.505554,6.67,-0.0741868
19395.42,130.0,53.355507,6.67,-0.0256536
19395.62,130.0,43.263287,6.67,0.04349923
19395.82,130.0,54.71797,6.67,0.030293226
19396.02,130.0,48.446724,6.67,0.035647392
19396.22,130.0,55.549896,6.67,0.044683933
19396.42,130.0,50.202625,6.67,-0.027025223
19396.62,130.0,57.586018,6.67,-0.09706688
19396.82,130.0,45.98411,6.67,0.000702858
19397.02,130.0,54.250942,6.67,0.023320675
19397.22,130.0,59.325825,6.67,0.037284374
19397.42,130.0,38.280922,6.67,-0.11039066
19397.62,130.0,52.190254,6.67,-0.02961421
19397.82,130.0,52.469254,6.67,-0.010830641
19398.02,130.0,54.415913,6.67,-0.059728146
19398.22,130.0,43.873566,6.67,-0.03999281
19398.42,130.0,59.200264,6.67,-0.023327827
19398.62,130.0,49.64937,6.67,0.038930178
19398.82,130.0,54.134644,6.67,-0.029696703
19399.02,130.0,44.696224,6.67,0.028751135
19399.22,130.0,44.150185,6.67,0.011770248
19399.42,130.0,65.3067,6.67,-0.027015924
19399.62,130.0,45.26328,6.67,-0.04783678
19399.82,130.0,43.100018,6.67,-0.09647751
19400.02,130.0,48.341503,6.67,-0.10858536
19400.22,130.0,55.987118,6.67,-0.027853966
19400.42,130.0,66.86333,6.67,0.08546615
19400.62,130.0,48.564667,6.67,-0.0216918
19400.82,130.0,43.576675,6.67,0.013420582
19401.02,130.0,36.3439,6.67,0.15390158
19401.22,130.0,28.465202,6.67,0.19096375
19401.42,130.0,24.386879,6.67,0.19044614
19401.62,130.0,27.090893,6.67,0.18574834
19401.82,130.0,30.4865,6.67,0.2109077
19402.02,130.0,29.027622,6.67,0.20183706
19402.22,130.0,28.53048,6.67,0.20583725
19402.42,130.0,28.97393,6.67,0.19270372
19402.62,130.0,32.93942,6.67,0.19485474
19402.82,130.0,29.762138,6.67,0.20326138
19403.02,130.0,28.905846,6.67,0.18582869
19403.22,130.0,30.777885,6.67,0.21144056
19403.42,130.0,33.954197,6.67,0.2186265
19403.62,130.0,29.234383,6.67,0.18015862
19403.82,130.0,25.898518,6.67,0.18123913
19404.02,130.0,24.708626,6.67,0.18734956
19404.22,130.0,30.549583,6.67,0.17520571
19404.42,130.0,34.033424,6.67,0.18766212
19404.62,130.0,35.166885,6.67,0.19679213
19404.82,130.0,33.554783,6.67,0.1706357
19405.02,130.0,25.813683,6.67,0.17106962
19405.22,130.0,31.115139,6.67,0.1484406
19405.42,130.0,28.111435,6.67,0.18418288
19405.62,130.0,30.440449,6.67,0.15333152
19405.82,130.0,35.95912,6.67,0.14446878
19406.02,130.0,40.013893,6.67,0.16315675
19406.22,130.0,35.506737,6.67,0.14332509
19406.42,130.0,28.556248,6.67,0.15243196
19406.62,130.0,33.874256,6.67,0.12636662
19406.82,130.0,37.37493,6.67,0.142066
19407.02,130.0,47.0111,6.67,0.111576796
19407.22,130.0,45.647182,6.67,0.14667082
19407.42,130.0,47.71476,6.67,0.15727377
19407.62,130.0,37.19189,6.67,0.11664057
19407.82,130.0,41.49031,6.67,0.08058834
19408.02,130.0,50.243637,6.67,0.064204216
19408.22,130.0,58.710453,6.67,0.079859495
19408.42,130.0,56.38411,6.67,0.102779865
19408.62,130.0,48.770134,6.67,0.029753685
19408.82,130.0,46.27652,6.67,0.022737026
19409.02,130.0,48.805664,6.67,0.09660864
19409.22,130.0,60.867092,6.67,0.038509607
19409.42,130.0,56.42711,6.67,0.03687954
19409.62,130.0,56.88842,6.67,0.03409052
19409.82,130.0,50.071564,6.67,0.03645587
19410.02,130.0,58.247498,6.67,0.018372059
19410.22,130.0,63.060665,6.67,-0.00032544136
19410.42,130.0,48.147392,6.67,-0.01598525
19410.62,130.0,63.160393,6.67,0.03596115
19410.82,130.0,66.49141,6.67,-0.01861167
19411.02,130.0,66.93219,6.67,0.008529186
19411.22,130.0,70.23808,6.67,-0.029594898
19411.42,130.0,75.759254,6.67,-0.01596284
19411.62,130.0,69.42487,6.67,0.09537053
19411.82,130.0,62.192307,6.67,-0.0895195
19412.02,130.0,58.151455,6.67,-0.015170097
19412.22,130.0,90.57626,6.67,-0.055260897
19412.42,130.0,82.77251,6.67,-0.03617406
19412.62,130.0,83.99879,6.67,-0.08127022
19412.82,130.0,68.54266,6.67,0.1649878
19413.02,130.0,82.150505,6.67,0.17071557
19413.22,130.0,78.05172,6.67,0.34677267
19413.42,130.0,69.817024,6.67,0.017427921
19413.62,130.0,64.515884,6.67,0.0626502
19413.82,130.0,92.68955,6.67,-0.02460742
19414.02,130.0,81.942726,6.67,0.061007977
19414.22,130.0,92.54877,6.67,0.60892487
19414.42,130.0,82.533554,6.67,0.17437124
19414.62,130.0,83.39889,6.67,0.062264442
19414.82,130.0,87.36164,6.67,0.17958379
19415.02,130.0,82.83437,6.67,0.31428623
19415.22,130.0,72.57062,6.67,0.13637567
19415.42,130.0,81.59112,6.67,0.12706256
19415.62,130.0,82.181915,6.67,0.9089196
19415.82,130.0,74.00635,6.67,0.8566284
19416.02,130.0,77.324425,6.67,0.8184271
19416.22,130.0,74.26465,6.67,1.9217925
19416.42,130.0,95.27494,6.67,1.4656084
19416.62,130.0,68.72283,6.67,0.4452803
19416.82,130.0,77.29731,6.67,1.2374668
19417.02,130.0,89.75222,6.67,0.86585593
19417.22,130.0,75.611435,6.67,0.3320458
19417.42,130.0,91.704735,6.67,0.5887587
19417.62,130.0,79.82304,6.67,0.9176762
19417.82,130.0,81.32743,6.67,1.4011178
19418.02,130.0,109.52406,6.67,0.966228
19418.22,130.0,90.63904,6.67,1.4283452
19418.42,130.0,87.179504,6.67,0.9025912
19418.62,130.0,112.85948,6.67,1.1661732
19418.82,130.0,102.17756,6.67,1.688668
19419.02,130.0,95.94686,6.67,1.2659643
19419.22,130.0,91.03175,6.67,1.3866696
19419.42,130.0,85.86894,6.67,1.5650895
19419.62,130.0,93.79317,6.67,1.3354299
19419.82,130.0,90.49071,6.67,1.1151359
19420.02,130.0,78.53192,6.67,1.3364146
19420.22,130.0,102.0713,6.67,1.9478339
19420.42,130.0,84.37618,6.67,1.695883
19420.62,130.0,82.39588,6.67,2.5451293
19420.82,130.0,91.854675,6.67,1.4379854
19421.02,130.0,101.23307,6.67,1.4751301
19421.22,130.0,108.91861,6.67,1.4931619
19421.42,130.0,78.56864,6.67,1.0456996
19421.62,130.0,102.57163,6.67,2.5427084
19421.82,130.0,98.16933,6.67,0.82415533
19422.02,130.0,97.90815,6.67,2.4101727
19422.22,130.0,98.29251,6.67,2.151516
19422.42,130.0,93.518265,6.67,1.8760993
19422.62,130.0,98.92332,6.67,2.892867
19422.82,130.0,90.81107,6.67,3.0005496
19423.02,130.0,94.43503,6.67,2.2407427
19423.22,130.0,92.0755,6.67,2.6240869
19423.42,130.0,107.471115,6.67,1.660624
19423.62,130.0,98.251785,6.67,1.268132
19423.82,130.0,94.81836,6.67,1.3745773
19424.02,130.0,92.92644,6.67,2.4011889
19424.22,130.0,92.56211,6.67,1.2066116
19424.42,130.0,88.051025,6.67,1.8142953
19424.62,130.0,82.50897,6.67,1.6744437
19424.82,130.0,78.43783,6.67,0.8289304
19425.02,130.0,90.5056,6.67,1.6783185
19425.22,130.0,107.894585,6.67,1.4964855
19425.42,130.0,105.7247,6.67,1.0867686
19425.62,130.0,105.05301,6.67,0.8786862
19425.82,130.0,107.8335,6.67,1.6467395
19426.02,130.0,103.334625,6.67,0.8715112
19426.22,130.0,102.9169,6.67,1.1096427
19426.42,130.0,86.48854,6.67,1.6967826
19426.62,130.0,80.96586,6.67,1.5887609
19426.82,130.0,86.25902,6.67,0.9454582
19427.02,130.0,87.92593,6.67,2.981667
19427.22,130.0,80.67018,6.67,1.2669089
19427.42,130.0,83.90409,6.67,0.7548039
19427.62,130.0,100.26329,6.67,1.0675235
19427.82,130.0,82.19656,6.67,1.3404162
19428.02,130.0,84.02717,6.67,1.0242379
19428.22,130.0,93.78517,6.67,1.2274244
19428.42,130.0,106.8351,6.67,0.5788355
19428.62,130.0,94.80346,6.67,2.2771473
19428.82,130.0,98.48647,6.67,1.8492262
19429.02,130.0,107.78314,6.67,0.56160855
19429.22,130.0,97.57503,6.67,1.577611
19429.42,130.0,111.306015,6.67,2.3580499
19429.62,130.0,107.874344,6.67,0.63432527
19429.82,130.0,89.35737,6.67,0.7569406
19430.02,130.0,91.34944,6.67,1.2410574
19430.22,130.0,109.56749,6.67,2.70119
19430.42,130.0,111.75238,6.67,2.5838912
19430.62,130.0,92.06177,6.67,0.710104
19430.82,130.0,126.14081,6.67,-0.11357784
19431.02,130.0,131.26764,6.67,-0.014358282
19431.22,130.0,121.922966,6.67,0.02027154
19431.42,130.0,118.511024,6.67,0.052063704
19431.62,130.0,118.938995,6.67,0.08132315
19431.82,130.0,118.97618,6.67,0.088955164
19432.02,130.0,118.525345,6.67,0.07771897
19432.22,130.0,119.083115,6.67,0.062743664
19432.42,130.0,119.321175,6.67,0.07046437
19432.62,130.0,120.831894,6.67,0.0824244
19432.82,130.0,120.432175,6.67,0.08960056
19433.02,130.0,120.51579,6.67,0.07331562
19433.22,130.0,120.64524,6.67,0.06792307
19433.42,130.0,119.220825,6.67,0.058962107
19433.62,130.0,120.4519,6.67,0.049200535
19433.82,130.0,121.4535,6.67,0.08014393
19434.02,130.0,124.0467,6.67,0.064561844
19434.22,130.0,122.52919,6.67,0.07977867
19434.42,130.0,123.554794,6.67,0.07091689
19434.62,130.0,123.60417,6.67,0.068514585
19434.82,130.0,122.763374,6.67,0.05281377
19435.02,130.0,123.600235,6.67,0.046318054
19435.22,130.0,125.17102,6.67,0.054431915
19435.42,130.0,125.38414,6.67,0.08691096
19435.62,130.0,127.18959,6.67,0.0812695
19435.82,130.0,126.89548,6.67,0.07263255
19436.02,130.0,129.08392,6.67,0.077433586
19436.22,130.0,129.50418,6.67,0.02950716
19436.42,130.0,130.28831,6.67,0.076964855
19436.62,130.0,130.51678,6.67,0.038511276
19436.82,130.0,133.5504,6.67,0.0911386
19437.02,130.0,133.05142,6.67,0.08298254
19437.22,130.0,131.94376,6.67,0.005207062
19437.42,130.0,129.06714,6.67,0.071825504
19437.62,130.0,129.41829,6.67,-0.0018515587
19437.82,130.0,127.78149,6.67,-0.013487101
19438.02,130.0,132.85483,6.67,0.10444379
19438.22,130.0,139.08038,6.67,0.074911356
19438.42,130.0,137.10895,6.67,0.059850693
19438.62,130.0,136.5264,6.67,0.028721571
19438.82,130.0,133.64847,6.67,-0.032837152
19439.02,130.0,132.70177,6.67,-0.003774166
19439.22,130.0,139.78244,6.67,0.088715315
19439.42,130.0,134.45506,6.67,0.05325675
19439.62,130.0,141.06552,6.67,0.27180958
19439.82,130.0,143.76079,6.67,0.22412348
19440.02,130.0,133.43802,6.67,0.095983505
19440.22,130.0,138.88661,6.67,0.05821228
19440.42,130.0,134.66377,6.67,0.23985744
19440.62,130.0,139.96298,6.67,0.3285215
19440.82,130.0,148.97626,6.67,0.76027083
19441.02,130.0,141.72406,6.67,0.6036563
19441.22,130.0,140.3328,6.67,0.40712142
19441.42,130.0,141.10394,6.67,0.81139493
19441.62,130.0,140.20035,6.67,0.5748782
19441.82,130.0,140.41565,6.67,0.74196243
19442.02,130.0,139.9018,6.67,0.650758
19442.22,130.0,132.69046,6.67,1.6589062
19442.42,130.0,135.37767,6.67,1.596123
19442.62,130.0,139.76758,6.67,1.3351693
19442.82,130.0,140.07837,6.67,0.8417995
19443.02,130.0,134.50247,6.67,2.5221806
19443.22,130.0,143.65366,6.67,0.7496803
19443.42,130.0,130.81064,6.67,1.7125137
19443.62,130.0,136.50854,6.67,1.5276814
19443.82,130.0,124.73729,6.67,2.3615599
19444.02,130.0,136.05211,6.67,1.5292239
19444.22,130.0,120.65969,6.67,3.130416
19444.42,130.0,120.7819,6.67,2.7806706
19444.62,130.0,133.91891,6.67,1.6981688
19444.82,130.0,126.04529,6.67,2.4937782
19445.02,130.0,117.88239,6.67,3.1903703
19445.22,130.0,125.2461,6.67,2.7575812
19445.42,130.0,117.59754,6.67,3.230958
19445.62,130.0,114.975945,6.67,3.0709867
19445.82,130.0,128.43031,6.67,2.647397
19446.02,130.0,119.61528,6.67,3.4352427
19446.22,130.0,114.729706,6.67,3.6540134
19446.42,130.0,114.52876,6.67,4.189497
19446.62,130.0,119.7641,6.67,3.1975892
19446.82,130.0,112.39244,6.67,4.265233
19447.02,130.0,115.252914,6.67,3.8995576
19447.22,130.0,123.88614,6.67,1.8851748
19447.42,130.0,107.24231,6.67,3.9069865
19447.62,130.0,119.22934,6.67,4.5438504
19447.82,130.0,118.13313,6.67,4.0726333
19448.02,130.0,111.02989,6.67,3.7713857
19448.22,130.0,111.59409,6.67,4.110587
19448.42,130.0,118.473145,6.67,3.453638
19448.62,130.0,120.491394,6.67,2.8165324
19448.82,130.0,110.50026,6.67,3.8297813
19449.02,130.0,109.43813,6.67,4.836262
19449.22,130.0,112.66048,6.67,5.261653
19449.42,130.0,114.815506,6.67,4.4948773
19449.62,130.0,109.04881,6.67,3.9842887
19449.82,130.0,113.49791,6.67,4.4798675
19450.02,130.0,113.039825,6.67,4.2448597
19450.22,130.0,112.83586,6.67,3.6226537
19450.42,130.0,108.19144,6.67,4.4082637
19450.62,130.0,114.32118,6.67,4.1124763
19450.82,130.0,101.41888,6.67,4.6825614
19451.02,130.0,102.10174,6.67,4.970829
19451.22,130.0,111.97618,6.67,4.328089
19451.42,130.0,110.63936,6.67,4.495342
19451.62,130.0,110.64603,6.67,4.4610815
19451.82,130.0,114.798065,6.67,4.462855
19452.02,130.0,109.410545,6.67,5.03355
19452.22,130.0,93.32775,6.67,5.6993036
19452.42,130.0,104.51387,6.67,5.294452
19452.62,130.0,114.71893,6.67,4.8437414
19452.82,130.0,116.03664,6.67,4.1818867
19453.02,130.0,114.957535,6.67,4.1074615
19453.22,130.0,113.792595,6.67,4.5427704
19453.42,130.0,106.55154,6.67,5.2089114
19453.62,130.0,107.32497,6.67,5.4905825
19453.82,130.0,107.42764,6.67,4.8814316
19454.02,130.0,106.388016,6.67,5.12472
19454.22,130.0,115.76802,6.67,4.4647
19454.42,130.0,110.01967,6.67,4.3848124
19454.62,130.0,107.57097,6.67,4.62218
19454.82,130.0,101.66006,6.67,5.0118947
19455.02,130.0,112.90321,6.67,5.1630206
19455.22,130.0,106.46463,6.67,4.810873
19455.42,130.0,102.547745,6.67,5.6519055
19455.62,130.0,110.6346,6.67,4.615036
19455.82,130.0,111.07314,6.67,4.4763837
19456.02,130.0,98.68601,6.67,5.1685534
19456.22,130.0,103.23512,6.67,5.472337
19456.42,130.0,96.96721,6.67,5.8763843
19456.62,130.0,96.821396,6.67,5.6374774
19456.82,130.0,99.53591,6.67,5.687941
19457.02,130.0,105.70767,6.67,5.4466906
19457.22,130.0,111.07478,6.67,5.173253
19457.42,130.0,106.36815,6.67,5.5300736
19457.62,130.0,100.40489,6.67,5.3018985
19457.82,130.0,104.2451,6.67,5.451323
19458.02,130.0,104.57977,6.67,5.562192
19458.22,130.0,99.96826,6.67,5.4507093
19458.42,130.0,96.47758,6.67,5.557187
19458.62,130.0,114.38388,6.67,4.7542267
19458.82,130.0,99.89338,6.67,5.21585
19459.02,130.0,102.81317,6.67,5.383065
19459.22,130.0,106.73367,6.67,4.579565
19459.42,130.0,105.90336,6.67,5.4597197
19459.62,130.0,106.673706,6.67,5.2144446
19459.82,130.0,98.11557,6.67,5.5637145
19460.02,130.0,105.55516,6.67,5.7025185
19460.22,130.0,106.99613,6.67,5.613042
19460.42,130.0,99.57323,6.67,5.514439
19460.62,130.0,96.24002,6.67,6.1731834
19460.82,130.0,129.56703,6.67,3.6744947
19461.02,130.0,134.87247,6.67,1.6085582
19461.22,130.0,71.11702,6.67,0.30696392
19461.42,130.0,60.38255,6.67,0.33372903
19461.62,130.0,34.009678,6.67,0.31214356
19461.82,130.0,32.142323,6.67,0.3153236
19462.02,130.0,38.148674,6.67,0.33646464
19462.22,130.0,44.476227,6.67,0.34614897
19462.42,130.0,37.374733,6.67,0.3122089
19462.62,130.0,51.29064,6.67,0.37148404
19462.82,130.0,46.54078,6.67,0.32692528
19463.02,130.0,54.268105,6.67,0.36313558
19463.22,130.0,54.48409,6.67,0.35390806
19463.42,130.0,47.43186,6.67,0.3392136
19463.62,130.0,57.130043,6.67,0.31288743
19463.82,130.0,44.292007,6.67,0.32829714
19464.02,130.0,68.73756,6.67,0.388021
19464.22,130.0,56.36295,6.67,0.36011553
19464.42,130.0,57.860157,6.67,0.28767824
19464.62,130.0,62.02033,6.67,0.3309729
19464.82,130.0,107.5645,6.67,0.89920855
19465.02,130.0,85.580765,6.67,0.5433173
19465.22,130.0,109.019196,6.67,0.72325015
19465.42,130.0,108.8874,6.67,0.43181038
19465.62,130.0,94.009155,6.67,0.3549037
19465.82,130.0,103.98657,6.67,0.9460838
19466.02,130.0,111.887405,6.67,0.743932
19466.22,130.0,99.33486,6.67,1.1176975
19466.42,130.0,128.90121,6.67,2.017001
19466.62,130.0,134.76355,6.67,2.8556015
19466.82,130.0,144.60866,6.67,2.3171854
19467.02,130.0,144.05374,6.67,2.244913
19467.22,130.0,124.437256,6.67,2.6925273
19467.42,130.0,120.380295,6.67,2.622373
19467.62,130.0,119.296814,6.67,4.7791433
19467.82,130.0,154.99582,6.67,2.761949
19468.02,130.0,143.71918,6.67,3.1340168
19468.22,130.0,119.558624,6.67,4.8077307
19468.42,130.0,119.79123,6.67,4.376991
19468.62,130.0,120.45912,6.67,4.273998
19468.82,130.0,109.01846,6.67,5.100513
19469.02,130.0,128.31836,6.67,4.945254
19469.22,130.0,117.39667,6.67,5.38278
19469.42,130.0,128.20404,6.67,5.1429315
19469.62,130.0,123.47981,6.67,5.4196405
19469.82,130.0,114.27084,6.67,5.1856785
19470.02,130.0,109.62877,6.67,5.22424
19470.22,130.0,105.2473,6.67,5.945634
19470.42,130.0,121.07687,6.67,5.627164
19470.62,130.0,117.36513,6.67,5.509013
19470.82,130.0,109.75113,6.67,5.61953
19471.02,130.0,129.00664,6.67,4.9893775
19471.22,130.0,108.16812,6.67,6.2612267
19471.42,130.0,126.08678,6.67,5.3978148
19471.62,130.0,124.68262,6.67,5.3671155
19471.82,130.0,122.99869,6.67,5.674539
19472.02,130.0,109.48955,6.67,6.3069496
19472.22,130.0,104.934654,6.67,6.2391768
19472.42,130.0,111.277176,6.67,6.3032627
19472.62,130.0,123.70624,6.67,5.8012047
19472.82,130.0,114.303604,6.67,6.097081
19473.02,130.0,119.927246,6.67,6.1206493
19473.22,130.0,99.44795,6.67,6.4492784
19473.42,130.0,120.599884,6.67,5.8164043
19473.62,130.0,101.94769,6.67,6.485033
19473.82,130.0,118.82565,6.67,6.0115614
19474.02,130.0,109.61147,6.67,6.231989
19474.22,130.0,125.295395,6.67,5.674958
19474.42,130.0,98.11426,6.67,6.504447
19474.62,130.0,106.14416,6.67,6.5240536
19474.82,130.0,118.33,6.67,6.2195816
19475.02,130.0,111.454956,6.67,6.452113
19475.22,130.0,101.26151,6.67,6.6685185
19475.42,130.0,110.08799,6.67,6.669382
19475.62,130.0,122.60649,6.67,6.329565
19475.82,130.0,107.26991,6.67,6.0763817
19476.02,130.0,115.0294,6.67,6.0296817
19476.22,130.0,113.56343,6.67,6.0899267
19476.42,130.0,120.84583,6.67,5.7971754
19476.62,130.0,112.66545,6.67,6.03747
19476.82,130.0,113.56172,6.67,6.0238857
19477.02,106.67,103.44744,6.67,6.2649117
19477.22,106.67,123.41635,6.67,5.7590046
19477.42,106.67,106.7404,6.67,6.1242847
19477.62,106.67,103.48043,6.67,6.5102596
19477.82,106.67,117.91611,6.67,6.2577314
19478.02,106.67,113.994,6.67,6.1025453
19478.22,106.67,114.57124,6.67,6.139069
19478.42,106.67,97.247215,6.67,6.4945426
19478.62,106.67,104.28338,6.67,6.6031556
19478.82,106.67,106.40445,6.67,6.5239654
19479.02,106.67,115.57213,6.67,6.349327
19479.22,106.67,113.3499,6.67,5.8728256
19479.42,106.67,111.271225,6.67,6.1639714
19479.62,106.67,114.715,6.67,5.9082174
19479.82,106.67,116.7034,6.67,5.7318277
19480.02,106.67,108.32956,6.67,6.0560904
19480.22,106.67,106.30824,6.67,6.263212
19480.42,106.67,121.66043,6.67,5.927183
19480.62,106.67,113.45282,6.67,5.908393
19480.82,106.67,91.07443,6.67,6.5627913
19481.02,106.67,109.2439,6.67,6.166503
19481.22,106.67,106.450066,6.67,6.179977
19481.42,106.67,115.19825,6.67,5.9489374
19481.62,106.67,109.82873,6.67,6.3437204
19481.82,106.67,118.77281,6.67,6.03543
19482.02,106.67,99.053955,6.67,6.3753433
19482.22,106.67,97.227776,6.67,6.532073
19482.42,106.67,107.01015,6.67,6.7001505
19482.62,106.67,109.12279,6.67,6.6865335
19482.82,106.67,121.1022,6.67,5.935919
19483.02,106.67,113.92506,6.67,6.418376
19483.22,106.67,105.997025,6.67,6.200606
19483.42,106.67,98.33906,6.67,6.524609
19483.62,106.67,102.70761,6.67,6.750427
19483.82,106.67,101.525826,6.67,6.953185
19484.02,106.67,106.59722,6.67,6.7922344
19484.22,106.67,104.18809,6.67,6.3060856
19484.42,106.67,111.93509,6.67,5.9998612
19484.62,106.67,106.547264,6.67,6.5026927
19484.82,106.67,104.39046,6.67,6.4677095
19485.02,106.67,114.4984,6.67,6.504748
19485.22,106.67,120.69873,6.67,6.006502
19485.42,106.67,109.040375,6.67,6.3921766
19485.62,106.67,116.938354,6.67,6.273679
19485.82,106.67,106.42879,6.67,6.09009
19486.02,106.67,104.56374,6.67,6.6326447
19486.22,106.67,103.93078,6.67,6.8142996
19486.42,106.67,98.62977,6.67,6.691905
19486.62,106.67,107.928314,6.67,6.5981207
19486.82,106.67,104.78664,6.67,6.415532
19487.02,106.67,104.970276,6.67,6.4347134
19487.22,106.67,104.85739,6.67,6.585751
19487.42,106.67,114.184204,6.67,5.9713135
19487.62,106.67,96.91138,6.67,7.1900787
19487.82,106.67,109.87662,6.67,6.9049363
19488.02,106.67,105.859146,6.67,6.683445
19488.22,106.67,109.17204,6.67,6.3678436
19488.42,106.67,113.5904,6.67,6.2458124
19488.62,106.67,112.859695,6.67,6.3120146
19488.82,106.67,118.28836,6.67,6.3283396
19489.02,106.67,103.56882,6.67,6.6326337
19489.22,106.67,100.885544,6.67,6.884016
19489.42,106.67,108.04814,6.67,6.7434587
19489.62,106.67,114.775604,6.67,6.586851
19489.82,106.67,107.36146,6.67,6.604224
19490.02,106.67,104.293686,6.67,7.0096107
19490.22,106.67,107.10596,6.67,6.9405375
19490.42,106.67,109.27282,6.67,6.910273
19490.62,106.67,103.31973,6.67,7.048132
19490.82,106.67,107.49942,6.67,6.662409
19491.02,106.67,106.58923,6.67,6.7090073
19491.22,106.67,103.78807,6.67,6.9976854
19491.42,106.67,98.81353,6.67,7.0715084
19491.62,106.67,101.69395,6.67,6.6058645
19491.82,106.67,94.555145,6.67,7.0946956
19492.02,106.67,103.38162,6.67,6.6436567
19492.22,106.67,103.860504,6.67,6.812496
19492.42,106.67,97.08827,6.67,7.0819645
19492.62,106.67,91.73699,6.67,7.0509014
19492.82,106.67,104.74638,6.67,6.885892
19493.02,106.67,94.837585,6.67,6.7700863
19493.22,106.67,98.92007,6.67,6.7089796
19493.42,106.67,93.61586,6.67,6.8046594
19493.62,106.67,88.07988,6.67,7.035657
19493.82,106.67,87.3586,6.67,7.1719685
19494.02,106.67,90.0296,6.67,7.143152
19494.22,106.67,94.52607,6.67,6.600168
19494.42,106.67,95.03302,6.67,6.5730453
19494.62,106.67,88.864716,6.67,6.658204
19494.82,106.67,90.20888,6.67,6.864506
19495.02,106.67,87.37251,6.67,6.911652
19495.22,106.67,80.07979,6.67,6.9607196
19495.42,106.67,86.98676,6.67,6.797031
19495.62,106.67,86.98537,6.67,6.710643
19495.82,106.67,89.936386,6.67,6.7211123
19496.02,106.67,80.754944,6.67,6.69685
19496.22,106.67,82.37633,6.67,6.815281
19496.42,106.67,79.16483,6.67,7.0041056
19496.62,106.67,80.21196,6.67,6.783078
19496.82,106.67,75.23594,6.67,7.106611
19497.02,106.67,82.37138,6.67,6.7684536
19497.22,106.67,85.03435,6.67,6.462146
19497.42,106.67,76.24618,6.67,6.7719674
19497.62,106.67,86.00091,6.67,6.6342063
19497.82,106.67,86.91174,6.67,6.562237
19498.02,106.67,90.87359,6.67,6.3702
19498.22,106.67,76.17422,6.67,6.7316275
19498.42,106.67,71.46228,6.67,7.013761
19498.62,106.67,79.939064,6.67,6.6140127
19498.82,106.67,87.36019,6.67,6.653711
19499.02,106.67,75.43415,6.67,6.921462
19499.22,106.67,72.80143,6.67,7.072862
19499.42,106.67,74.13377,6.67,7.0275025
19499.62,106.67,73.96731,6.67,7.2836514
19499.82,106.67,71.415306,6.67,7.0955677
19500.02,106.67,72.65269,6.67,6.8019137
19500.22,106.67,76.96954,6.67,6.9257894
19500.42,106.67,79.72931,6.67,7.1551948
19500.62,106.67,70.26362,6.67,7.2304068
19500.82,106.67,79.2099,6.67,7.0473843
19501.02,106.67,82.97372,6.67,6.7670336
19501.22,106.67,84.49949,6.67,6.8886013
19501.42,106.67,75.70435,6.67,6.941182
19501.62,106.67,78.35565,6.67,6.4887266
19501.82,106.67,75.010475,6.67,6.902648
19502.02,106.67,79.14164,6.67,7.099691
19502.22,106.67,83.007866,6.67,6.638025
19502.42,106.67,80.63011,6.67,6.8825464
19502.62,106.67,88.45016,6.67,6.471554
19502.82,106.67,81.10284,6.67,6.7255006
19503.02,106.67,67.424736,6.67,7.3165207
19503.22,106.67,72.3635,6.67,7.268199
19503.42,106.67,78.23322,6.67,7.0281115
19503.62,106.67,76.17982,6.67,7.0206714
19503.82,106.67,75.66307,6.67,7.1189137
19504.02,106.67,83.20094,6.67,6.8069954
19504.22,106.67,78.825005,6.67,6.9145517
19504.42,106.67,73.36994,6.67,7.183751
19504.62,106.67,73.964935,6.67,7.167865
19504.82,106.67,72.31578,6.67,7.379407
19505.02,106.67,84.47199,6.67,6.9600844
19505.22,106.67,89.17014,6.67,6.7312465
19505.42,106.67,78.82019,6.67,6.9775815
19505.62,106.67,86.00911,6.67,7.0086274
19505.82,106.67,79.458664,6.67,7.1359534
19506.02,106.67,84.21039,6.67,6.608411
19506.22,106.67,78.20094,6.67,6.885327
19506.42,106.67,77.79797,6.67,6.9339437
19506.62,106.67,79.30292,6.67,6.8275256
19506.82,106.67,80.53672,6.67,6.7328463
19507.02,106.67,80.2945,6.67,6.767288
19507.22,106.67,74.391335,6.67,6.7746468
19507.42,106.67,80.74041,6.67,6.9837985
19507.62,106.67,83.26135,6.67,7.068128
19507.82,106.67,76.33642,6.67,7.0423584
19508.02,106.67,84.906136,6.67,7.05443
19508.22,106.67,86.40735,6.67,6.8931437
19508.42,106.67,82.73333,6.67,6.919448
19508.62,106.67,82.64112,6.67,6.88241
19508.82,106.67,86.931435,6.67,6.9776764
19509.02,106.67,83.48156,6.67,6.9690065
19509.22,106.67,79.23052,6.67,7.076789
19509.42,106.67,86.512276,6.67,6.710006
19509.62,106.67,81.91682,6.67,6.8279104
19509.82,106.67,72.96842,6.67,6.9269376
19510.02,106.67,79.558655,6.67,6.8127356
19510.22,106.67,85.79318,6.67,6.921953
19510.42,106.67,84.09301,6.67,7.0732775
19510.62,106.67,93.89777,6.67,6.5701838
19510.82,106.67,83.02993,6.67,6.9186244
19511.02,106.67,74.349525,6.67,6.973756
19511.22,106.67,80.36451,6.67,6.836149
19511.42,106.67,86.90808,6.67,6.986782
19511.62,106.67,75.089645,6.67,7.051604
19511.82,106.67,88.952675,6.67,6.545233
19512.02,106.67,75.63639,6.67,6.86848
19512.22,106.67,79.96646,6.67,6.6901007
19512.42,106.67,90.212105,6.67,6.8865576
19512.62,106.67,81.72607,6.67,7.1622324
19512.82,106.67,87.50457,6.67,6.848893
19513.02,106.67,85.956345,6.67,6.661955
19513.22,106.67,84.62718,6.67,6.861582
19513.42,106.67,88.25175,6.67,6.86738
19513.62,106.67,85.72016,6.67,6.691926
19513.82,106.67,81.915405,6.67,7.357648
19514.02,106.67,86.69101,6.67,6.9871454
19514.22,106.67,89.82853,6.67,6.6561775
19514.42,106.67,89.364525,6.67,6.487225
19514.62,106.67,89.50892,6.67,6.4702377
19514.82,106.67,74.18773,6.67,6.885786
19515.02,106.67,85.009796,6.67,7.059762
19515.22,106.67,87.00879,6.67,6.9532022
19515.42,106.67,88.39795,6.67,6.7316084
19515.62,106.67,86.281815,6.67,6.3732405
19515.82,106.67,86.599365,6.67,6.7354646
19516.02,106.67,82.97615,6.67,6.7075987
19516.22,106.67,82.86647,6.67,6.7048063
19516.42,106.67,88.581436,6.67,6.96053
19516.62,106.67,99.056656,6.67,6.772356
19516.82,106.67,91.97105,6.67,6.488456
19517.02,106.67,90.39401,6.67,6.5182447
19517.22,106.67,85.22084,6.67,6.5310287
19517.42,106.67,77.57512,6.67,6.801528
19517.62,106.67,86.13161,6.67,6.8705845
19517.82,106.67,87.95574,6.67,6.8269286
19518.02,106.67,76.77748,6.67,7.1219206
19518.22,106.67,79.784164,6.67,6.4762297
19518.42,106.67,86.410515,6.67,6.2023983
19518.62,106.67,85.867676,6.67,6.569853
19518.82,106.67,92.84522,6.67,6.542583
19519.02,106.67,91.88628,6.67,7.0329103
19519.22,106.67,95.23298,6.67,6.770299
19519.42,106.67,91.863205,6.67,6.4781094
19519.62,106.67,90.43208,6.67,6.114555
19519.82,106.67,81.266174,6.67,6.809581
19520.02,106.67,98.1138,6.67,6.161014
19520.22,106.67,92.96669,6.67,6.4143333
19520.42,106.67,87.88912,6.67,6.8316355
19520.62,106.67,89.26483,6.67,6.8292637
19520.82,106.67,99.70479,6.67,5.982965
19521.02,106.67,80.151436,6.67,6.7900863
19521.22,106.67,80.9295,6.67,7.0917273
19521.42,106.67,78.86294,6.67,6.8746576
19521.62,106.67,85.14406,6.67,6.7698503
19521.82,106.67,84.89385,6.67,6.837209
19522.02,106.67,88.14783,6.67,6.6151867
19522.22,106.67,85.645424,6.67,6.6429086
19522.42,106.67,101.99433,6.67,6.9592366
19522.62,106.67,92.04893,6.67,6.5329733
19522.82,106.67,77.29708,6.67,6.9560194
19523.02,106.67,94.13972,6.67,6.7996545
19523.22,106.67,83.6618,6.67,6.8432837
19523.42,106.67,83.39985,6.67,6.7626143
19523.62,106.67,89.83077,6.67,6.801774
19523.82,106.67,86.48223,6.67,6.713957
19524.02,106.67,84.97042,6.67,6.9142046
19524.22,106.67,86.48489,6.67,7.074235
19524.42,106.67,91.4687,6.67,6.7813816
19524.62,106.67,93.07998,6.67,6.9248095
19524.82,106.67,88.220856,6.67,6.865868
19525.02,106.67,90.818535,6.67,7.039526
19525.22,106.67,80.31306,6.67,7.0153933
19525.42,106.67,91.14753,6.67,7.088144
19525.62,106.67,80.20362,6.67,7.0665417
19525.82,106.67,89.31495,6.67,6.847248
19526.02,106.67,84.12697,6.67,7.0692234
19526.22,106.67,83.419044,6.67,6.9325886
19526.42,106.67,81.25064,6.67,6.949393
19526.62,106.67,90.93646,6.67,6.7768526
19526.82,106.67,92.991425,6.67,6.86652
19527.02,106.67,87.07472,6.67,7.1221027
19527.22,106.67,93.77715,6.67,6.721195
19527.42,106.67,80.39547,6.67,6.9976487
19527.62,106.67,95.70879,6.67,6.914302
19527.82,106.67,87.399376,6.67,6.7259445
19528.02,106.67,79.125404,6.67,6.7689447
19528.22,106.67,93.27688,6.67,6.7571683
19528.42,106.67,98.98424,6.67,6.285274
19528.62,106.67,86.23653,6.67,6.662362
19528.82,106.67,92.29588,6.67,6.6438866
19529.02,106.67,97.14956,6.67,6.411104
19529.22,106.67,92.05185,6.67,6.537813
19529.42,106.67,83.68701,6.67,6.798334
19529.62,106.67,76.98645,6.67,7.083411
19529.82,106.67,83.9125,6.67,6.802495
19530.02,106.67,89.97468,6.67,6.90086
19530.22,106.67,90.3311,6.67,6.852873
19530.42,106.67,86.99322,6.67,7.138914
19530.62,106.67,85.15982,6.67,6.8368034
19530.82,106.67,93.54056,6.67,6.5739126
19531.02,106.67,93.11081,6.67,6.638219
19531.22,106.67,83.56971,6.67,6.820097
19531.42,106.67,96.019104,6.67,6.5903153
19531.62,106.67,94.2846,6.67,6.647401
19531.82,106.67,101.010315,6.67,6.299033
19532.02,106.67,88.55135,6.67,6.7508173
19532.22,106.67,86.24164,6.67,6.7619877
19532.42,106.67,73.45482,6.67,7.124954
19532.62,106.67,87.6951,6.67,6.9049187
19532.82,106.67,84.0656,6.67,6.852851
19533.02,106.67,86.19335,6.67,6.7068176
19533.22,106.67,88.29748,6.67,7.0454454
19533.42,106.67,85.643616,6.67,7.1313066
19533.62,106.67,91.62511,6.67,6.603347
19533.82,106.67,85.47365,6.67,6.7473993
19534.02,106.67,86.287025,6.67,6.6909075
19534.22,106.67,86.18485,6.67,6.5706444
19534.42,106.67,88.95526,6.67,6.3507905
19534.62,106.67,87.47799,6.67,6.700495
19534.82,106.67,92.80589,6.67,6.773737
19535.02,106.67,95.78492,6.67,6.4413576
19535.22,106.67,86.09386,6.67,6.8264303
19535.42,106.67,84.03946,6.67,6.8304048
19535.62,106.67,86.56621,6.67,6.831914
19535.82,106.67,91.40425,6.67,6.44728
19536.02,106.67,84.89548,6.67,6.6396136
19536.22,106.67,92.72886,6.67,6.5398016
19536.42,106.67,97.356995,6.67,6.551669
19536.62,106.67,85.17544,6.67,6.9558153
19536.82,106.67,82.977325,6.67,6.9078164
19537.02,106.67,94.799095,6.67,6.82849
19537.22,106.67,89.4064,6.67,6.721981
19537.42,106.67,89.897354,6.67,6.6865335
19537.62,106.67,89.28335,6.67,6.6543455
19537.82,106.67,83.246605,6.67,6.9519043
19538.02,106.67,83.89196,6.67,6.958344
19538.22,106.67,80.94388,6.67,6.822047
19538.42,106.67,79.61252,6.67,6.9283447
19538.62,106.67,83.01001,6.67,6.9877596
19538.82,106.67,92.04144,6.67,6.9872866
19539.02,106.67,98.840355,6.67,6.3418016
19539.22,106.67,83.58467,6.67,6.8782687
19539.42,106.67,82.95332,6.67,7.065867
19539.62,106.67,91.07671,6.67,6.8768845
19539.82,106.67,91.81154,6.67,6.540676
19540.02,106.67,88.63429,6.67,6.949802
19540.22,106.67,87.07747,6.67,6.9952564
19540.42,106.67,84.78156,6.67,6.807493
19540.62,106.67,98.35967,6.67,6.511483
19540.82,106.67,83.560776,6.67,6.95537
19541.02,106.67,94.330765,6.67,6.8761506
19541.22,106.67,94.78334,6.67,6.5597258
19541.42,106.67,86.5328,6.67,6.9677753
19541.62,106.67,85.96962,6.67,6.88282
19541.82,106.67,83.63959,6.67,6.7798057
19542.02,106.67,85.72472,6.67,6.808175
19542.22,106.67,91.25493,6.67,6.5282097
19542.42,106.67,98.35569,6.67,6.427091
19542.62,106.67,96.7557,6.67,6.5567036
19542.82,106.67,90.03888,6.67,6.5736284
19543.02,106.67,79.41911,6.67,6.8513317
19543.22,106.67,88.463036,6.67,6.9241133
19543.42,106.67,90.23514,6.67,6.5803633
19543.62,106.67,82.910355,6.67,6.962535
19543.82,106.67,82.322044,6.67,7.1445765
19544.02,106.67,87.328835,6.67,6.9418073
19544.22,106.67,82.55927,6.67,7.051263
19544.42,106.67,80.31478,6.67,7.1095448
19544.62,106.67,83.666176,6.67,6.97322
19544.82,106.67,87.19412,6.67,6.9052186
19545.02,106.67,86.10838,6.67,6.582549
19545.22,106.67,93.51651,6.67,6.5788403
19545.42,106.67,86.28279,6.67,6.777892
19545.62,106.67,89.670425,6.67,7.010515
19545.82,106.67,93.25128,6.67,6.7062874
19546.02,106.67,93.26019,6.67,6.9873724
19546.22,106.67,94.842865,6.67,6.646229
19546.42,106.67,96.59831,6.67,6.868412
19546.62,106.67,88.55128,6.67,6.896427
19546.82,106.67,88.4927,6.67,7.20118
19547.02,106.67,87.709076,6.67,6.736224
19547.22,106.67,94.31253,6.67,6.9214764
19547.42,106.67,86.69359,6.67,6.7611194
19547.62,106.67,92.2976,6.67,6.8669853
19547.82,106.67,94.920715,6.67,6.8817377
19548.02,106.67,88.66483,6.67,6.7460833
19548.22,106.67,101.63478,6.67,6.8420486
19548.42,106.67,99.17869,6.67,7.0591607
19548.62,106.67,92.267334,6.67,6.85557
19548.82,106.67,87.859146,6.67,6.799198
19549.02,106.67,99.377075,6.67,6.7855854
19549.22,106.67,91.057106,6.67,6.841837
19549.42,106.67,82.65885,6.67,7.078085
19549.62,106.67,82.15375,6.67,6.932381
19549.82,106.67,94.1393,6.67,6.9066277
19550.02,106.67,93.01122,6.67,7.08352
19550.22,106.67,86.42319,6.67,7.021513
19550.42,106.67,81.915276,6.67,6.874508
19550.62,106.67,94.43706,6.67,7.038022
19550.82,106.67,94.05828,6.67,7.3398166
19551.02,106.67,80.58865,6.67,6.8308363
19551.22,106.67,86.47736,6.67,7.264285
19551.42,106.67,95.84607,6.67,7.023903
19551.62,106.67,81.41599,6.67,7.0873294
19551.82,106.67,92.915474,6.67,6.9291725
19552.02,106.67,89.17229,6.67,6.9729767
19552.22,106.67,97.95723,6.67,6.915595
19552.42,106.67,91.98515,6.67,6.584125
19552.62,106.67,99.01497,6.67,6.1407228
19552.82,106.67,97.11641,6.67,6.587353
19553.02,106.67,88.16263,6.67,7.176853
19553.22,106.67,92.79934,6.67,6.889616
19553.42,106.67,88.94069,6.67,7.0303135
19553.62,106.67,86.93392,6.67,6.8650546
19553.82,106.67,91.46269,6.67,7.1675787
19554.02,106.67,95.61076,6.67,6.671182
19554.22,106.67,96.63157,6.67,6.9065485
19554.42,106.67,93.75108,6.67,6.928487
19554.62,106.67,94.39983,6.67,6.9342155
19554.82,106.67,87.25007,6.67,6.8185916
19555.02,106.67,89.799126,6.67,6.754351
19555.22,106.67,87.46964,6.67,6.945844
19555.42,106.67,93.49841,6.67,7.057293
19555.62,106.67,84.96438,6.67,6.9153223
19555.82,106.67,87.69879,6.67,6.8676567
19556.02,106.67,92.0477,6.67,6.734068
19556.22,106.67,86.60255,6.67,6.795507
19556.42,106.67,84.9183,6.67,6.923789
19556.62,106.67,89.22298,6.67,6.967779
19556.82,106.67,76.8122,6.67,7.259536
19557.02,106.67,81.40605,6.67,7.162278
19557.22,106.67,95.98242,6.67,6.9774218
19557.42,106.67,84.258194,6.67,7.0747776
19557.62,106.67,93.1257,6.67,6.909868
19557.82,106.67,93.29244,6.67,6.774287
19558.02,106.67,88.06382,6.67,6.744236
19558.22,106.67,91.59545,6.67,6.8981876
19558.42,106.67,83.485535,6.67,7.078788
19558.62,106.67,86.25683,6.67,7.1614494
19558.82,106.67,85.28484,6.67,6.9324875
19559.02,106.67,84.97982,6.67,6.8659506
19559.22,106.67,86.16166,6.67,6.935107
19559.42,106.67,84.953156,6.67,6.9881325
19559.62,106.67,89.77566,6.67,7.2270584
19559.82,106.67,87.77309,6.67,6.9965525
19560.02,106.67,96.92135,6.67,6.7365904
19560.22,106.67,81.92452,6.67,7.216475
19560.42,106.67,88.70178,6.67,6.963162
19560.62,106.67,86.959984,6.67,7.1215096
19560.82,106.67,95.32208,6.67,6.899089
19561.02,106.67,82.02925,6.67,7.1807528
19561.22,106.67,83.998566,6.67,7.312611
19561.42,106.67,94.63319,6.67,7.066805
19561.62,106.67,78.706474,6.67,7.245019
19561.82,106.67,80.51377,6.67,7.3274226
19562.02,106.67,94.49422,6.67,7.067878
19562.22,106.67,90.21669,6.67,7.063815
19562.42,106.67,95.41754,6.67,6.9091287
19562.62,106.67,92.0874,6.67,6.898631
19562.82,106.67,87.69211,6.67,7.0764
19563.02,106.67,86.19494,6.67,7.0882664
19563.22,106.67,86.05426,6.67,7.0935593
19563.42,106.67,76.90944,6.67,7.1762505
19563.62,106.67,87.595375,6.67,7.205291
19563.82,106.67,85.75525,6.67,7.0842714
19564.02,106.67,80.142136,6.67,7.0009356
19564.22,106.67,100.79577,6.67,6.8519564
19564.42,106.67,89.36005,6.67,6.9629703
19564.62,106.67,94.55455,6.67,6.785218
19564.82,106.67,93.79695,6.67,6.9567556
19565.02,106.67,89.38856,6.67,7.0824866
19565.22,106.67,81.95815,6.67,7.1847067
19565.42,106.67,87.77722,6.67,7.1366844
19565.62,106.67,91.600624,6.67,6.987961
19565.82,106.67,91.98306,6.67,6.868676
19566.02,106.67,86.774925,6.67,6.8536663
19566.22,106.67,93.010895,6.67,7.038871
19566.42,106.67,88.58439,6.67,7.137576
19566.62,106.67,81.11552,6.67,7.273801
19566.82,106.67,80.47924,6.67,7.2585287
19567.02,106.67,80.25922,6.67,7.284994
19567.22,106.67,85.896774,6.67,6.881154
19567.42,106.67,90.01889,6.67,6.857959
19567.62,106.67,85.56376,6.67,7.0482397
19567.82,106.67,92.644226,6.67,7.078866
19568.02,106.67,89.23138,6.67,6.916976
19568.22,106.67,85.02815,6.67,7.0421424
19568.42,106.67,83.21574,6.67,7.0678463
19568.62,106.67,91.69678,6.67,6.8475513
19568.82,106.67,101.40571,6.67,6.7840147
19569.02,106.67,92.222206,6.67,7.0284786
19569.22,106.67,75.789,6.67,7.157533
19569.42,106.67,83.57726,6.67,7.202573
19569.62,106.67,89.19731,6.67,7.052887
19569.82,106.67,84.96199,6.67,7.0388136
19570.02,106.67,93.5746,6.67,6.8566456
19570.22,106.67,96.64378,6.67,6.640766
19570.42,106.67,90.6526,6.67,6.6896877
19570.62,106.67,93.60479,6.67,6.888393
19570.82,106.67,87.80034,6.67,6.8978496
19571.02,180.0,98.18667,6.67,6.60222
19571.22,180.0,106.69933,6.67,6.696759
19571.42,180.0,92.62309,6.67,6.981838
19571.62,180.0,87.357376,6.67,6.913205
19571.82,180.0,89.903595,6.67,6.765911
19572.02,180.0,98.88662,6.67,7.0819635
19572.22,180.0,99.54258,6.67,7.0565195
19572.42,180.0,91.37424,6.67,6.986672
19572.62,180.0,87.067535,6.67,7.1431904
19572.82,180.0,98.432396,6.67,6.988776
19573.02,180.0,86.29228,6.67,7.004006
19573.22,180.0,91.708824,6.67,6.8064218
19573.42,180.0,92.94284,6.67,6.667752
19573.62,180.0,93.28163,6.67,6.7501497
19573.82,180.0,99.46779,6.67,6.581745
19574.02,180.0,88.229095,6.67,6.500269
19574.22,180.0,86.20076,6.67,6.801878
19574.42,180.0,87.57456,6.67,6.966402
19574.62,180.0,87.72433,6.67,6.909096
19574.82,180.0,86.99115,6.67,6.8367386
19575.02,180.0,91.86867,6.67,6.7578354
19575.22,180.0,95.41254,6.67,7.127809
19575.42,180.0,87.97735,6.67,7.3204346
19575.62,180.0,94.49103,6.67,6.9939127
19575.82,180.0,84.09295,6.67,6.941845
19576.02,180.0,96.11246,6.67,6.7688246
19576.22,180.0,87.6926,6.67,6.812834
19576.42,180.0,95.02974,6.67,6.9342985
19576.62,180.0,89.34053,6.67,6.9300556
19576.82,180.0,87.23276,6.67,6.549325
19577.02,180.0,89.25043,6.67,6.511608
19577.22,180.0,95.76395,6.67,6.1389327
19577.42,180.0,76.60856,6.67,6.638268
19577.62,180.0,88.36654,6.67,6.9187202
19577.82,180.0,102.384155,6.67,6.7570076
19578.02,180.0,96.15899,6.67,6.589439
19578.22,180.0,100.82943,6.67,6.1621447
19578.42,180.0,94.73373,6.67,6.3734627
19578.62,180.0,94.00572,6.67,6.4624357
19578.82,180.0,86.729645,6.67,6.9819055
19579.02,180.0,86.3355,6.67,7.06453
19579.22,180.0,91.90419,6.67,7.0224743
19579.42,180.0,96.5577,6.67,6.732584
19579.62,180.0,88.450226,6.67,6.9420195
19579.82,180.0,92.82601,6.67,6.851427
19580.02,180.0,94.81946,6.67,6.8037205
19580.22,180.0,89.91693,6.67,6.7319355
19580.42,180.0,85.92232,6.67,7.091344
19580.62,180.0,92.12606,6.67,6.932001
19580.82,180.0,91.43021,6.67,6.7521663
19581.02,180.0,83.69445,6.67,7.070032
19581.22,180.0,97.173874,6.67,6.8319616
19581.42,180.0,93.94058,6.67,6.6586833
19581.62,180.0,85.16521,6.67,6.7964296
19581.82,180.0,78.62674,6.67,7.0797935
19582.02,180.0,86.815605,6.67,7.1261644
19582.22,180.0,89.70639,6.67,7.0059767
19582.42,180.0,89.2744,6.67,7.1069717
19582.62,180.0,97.6181,6.67,6.8818336
19582.82,180.0,96.82191,6.67,6.71749
19583.02,180.0,94.83212,6.67,6.849837
19583.22,180.0,97.53795,6.67,6.7666054
19583.42,180.0,97.232864,6.67,6.505281
19583.62,180.0,85.4832,6.67,6.656904
19583.82,180.0,86.21504,6.67,6.9245243
19584.02,180.0,88.58153,6.67,7.025687
19584.22,180.0,90.49962,6.67,6.69809
19584.42,180.0,87.27707,6.67,6.979661
19584.62,180.0,91.25171,6.67,6.747387
19584.82,180.0,92.76251,6.67,6.904261
19585.02,180.0,94.69168,6.67,6.6436787
19585.22,180.0,89.421906,6.67,6.883239
19585.42,180.0,97.10724,6.67,6.788835
19585.62,180.0,99.06751,6.67,6.6653643
19585.82,180.0,98.724,6.67,6.613773
19586.02,180.0,94.830536,6.67,6.853694
19586.22,180.0,101.85997,6.67,6.8636656
19586.42,180.0,101.67433,6.67,6.862483
19586.62,180.0,117.383545,6.67,6.5991697
19586.82,180.0,115.37395,6.67,6.554328
19587.02,180.0,112.58977,6.67,6.927018
19587.22,180.0,121.29503,6.67,6.9012785
19587.42,180.0,128.55017,6.67,6.633065
19587.62,180.0,122.924355,6.67,6.633235
19587.82,180.0,136.50467,6.67,6.485971
19588.02,180.0,136.73979,6.67,6.5770617
19588.22,180.0,135.55731,6.67,6.665848
19588.42,180.0,135.17503,6.67,6.5020833
19588.62,180.0,135.70673,6.67,6.9196815
19588.82,180.0,137.76492,6.67,6.7439594
19589.02,180.0,132.71375,6.67,6.936409
19589.22,180.0,136.18854,6.67,7.0379972
19589.42,180.0,149.34818,6.67,6.992085
19589.62,180.0,145.33107,6.67,6.899311
19589.82,180.0,154.51593,6.67,6.709053
19590.02,180.0,146.63716,6.67,7.1598034
19590.22,180.0,151.19077,6.67,7.119595
19590.42,180.0,149.39807,6.67,6.8924117
19590.62,180.0,147.65561,6.67,6.837537
19590.82,180.0,147.09991,6.67,6.7947216
19591.02,180.0,151.4473,6.67,6.9686804
19591.22,180.0,153.86789,6.67,6.7016587
19591.42,180.0,151.43448,6.67,7.1183934
19591.62,180.0,158.03938,6.67,6.8509502
19591.82,180.0,153.12024,6.67,6.9890585
19592.02,180.0,154.39923,6.67,7.0278134
19592.22,180.0,155.2955,6.67,6.8839912
19592.42,180.0,158.98303,6.67,6.8863163
19592.62,180.0,161.61053,6.67,6.889431
19592.82,180.0,151.72084,6.67,7.064043
19593.02,180.0,157.83209,6.67,6.8948607
19593.22,180.0,149.81232,6.67,7.478487
19593.42,180.0,158.085,6.67,7.177864
19593.62,180.0,157.56062,6.67,6.993656
19593.82,180.0,159.77979,6.67,7.152022
19594.02,180.0,155.22993,6.67,7.178727
19594.22,180.0,160.58875,6.67,7.046994
19594.42,180.0,150.70993,6.67,7.0881104
19594.62,180.0,158.0433,6.67,7.202059
19594.82,180.0,151.61713,6.67,7.099345
19595.02,180.0,155.66441,6.67,7.1413155
19595.22,180.0,157.79428,6.67,7.090184
19595.42,180.0,157.71896,6.67,7.123494
19595.62,180.0,165.03564,6.67,6.86421
19595.82,180.0,161.40398,6.67,6.7780523
19596.02,180.0,163.04895,6.67,6.9792295
19596.22,180.0,158.47519,6.67,7.1773653
19596.42,180.0,153.79013,6.67,7.231184
19596.62,180.0,152.49892,6.67,7.314199
19596.82,180.0,154.10324,6.67,7.371708
19597.02,180.0,156.4346,6.67,7.1158752
19597.22,180.0,155.85515,6.67,6.99573
19597.42,180.0,160.48447,6.67,6.969136
19597.62,180.0,158.54468,6.67,6.801337
19597.82,180.0,164.4505,6.67,6.95784
19598.02,180.0,158.69675,6.67,7.1543884
19598.22,180.0,163.33795,6.67,7.0531197
19598.42,180.0,162.56293,6.67,6.8418493
19598.62,180.0,166.81396,6.67,6.5637608
19598.82,180.0,157.25229,6.67,7.123191
19599.02,180.0,161.66289,6.67,6.917161
19599.22,180.0,164.44006,6.67,6.6392922
19599.42,180.0,153.24826,6.67,7.27843
19599.62,180.0,158.2431,6.67,7.3239875
19599.82,180.0,155.2297,6.67,7.304926
19600.02,180.0,157.01685,6.67,7.2396507
19600.22,180.0,152.96706,6.67,7.5197706
19600.42,180.0,153.49725,6.67,7.3915343
19600.62,180.0,161.67358,6.67,6.980184
19600.82,180.0,166.03632,6.67,6.705492
19601.02,180.0,158.51468,6.67,7.041417
19601.22,180.0,163.4896,6.67,7.0137043
19601.42,180.0,163.84152,6.67,6.8982334
19601.62,180.0,159.72122,6.67,6.6624193
19601.82,180.0,164.70874,6.67,7.0499105
19602.02,180.0,161.69969,6.67,6.9461555
19602.22,180.0,159.47504,6.67,6.9842772
19602.42,180.0,161.17072,6.67,7.23939
19602.62,180.0,165.6677,6.67,7.123475
19602.82,180.0,152.09067,6.67,7.2274675
19603.02,180.0,160.51685,6.67,7.021989
19603.22,180.0,153.79965,6.67,7.2091045
19603.42,180.0,157.66403,6.67,6.9065657
19603.62,180.0,155.2453,6.67,6.87678
19603.82,180.0,158.08774,6.67,6.9751587
19604.02,180.0,157.9812,6.67,7.0816536
19604.22,180.0,159.17978,6.67,6.890239
19604.42,180.0,155.76556,6.67,7.2228956
19604.62,180.0,157.82747,6.67,7.2638817
19604.82,180.0,154.8746,6.67,7.1895466
19605.02,180.0,150.22327,6.67,7.180085
19605.22,180.0,156.45062,6.67,7.2666283
19605.42,180.0,159.61325,6.67,7.130332
19605.62,180.0,155.70535,6.67,7.2610736
19605.82,180.0,149.38504,6.67,7.270959
19606.02,180.0,159.83115,6.67,6.945216
19606.22,180.0,166.94533,6.67,6.567193
19606.42,180.0,161.06955,6.67,6.766822
19606.62,180.0,161.6124,6.67,6.630418
19606.82,180.0,159.92169,6.67,6.7825108
19607.02,180.0,167.94629,6.67,6.54638
19607.22,180.0,162.2662,6.67,6.423341
19607.42,180.0,157.43863,6.67,6.872338
19607.62,180.0,153.52328,6.67,7.048069
19607.82,180.0,156.96405,6.67,6.821064
19608.02,180.0,150.10907,6.67,7.2751117
19608.22,180.0,155.97438,6.67,7.216202
19608.42,180.0,155.39398,6.67,6.997528
19608.62,180.0,150.3428,6.67,6.93445
19608.82,180.0,162.83078,6.67,6.776311
19609.02,180.0,155.2024,6.67,6.9241605
19609.22,180.0,153.72108,6.67,6.8100796
19609.42,180.0,161.80963,6.67,6.697114
19609.62,180.0,160.3088,6.67,6.59437
19609.82,180.0,155.48532,6.67,6.633081
19610.02,180.0,158.53284,6.67,6.579544
19610.22,180.0,161.92685,6.67,6.61518
19610.42,180.0,160.1641,6.67,6.777156
19610.62,180.0,157.79567,6.67,6.9449825
19610.82,180.0,166.12605,6.67,6.398411
19611.02,180.0,165.43365,6.67,6.6959715
19611.22,180.0,167.10712,6.67,6.6403437
19611.42,180.0,154.65059,6.67,6.570362
19611.62,180.0,149.41013,6.67,7.0188484
19611.82,180.0,159.16014,6.67,6.5810204
19612.02,180.0,151.584,6.67,6.801155
19612.22,180.0,158.21411,6.67,6.9064846
19612.42,180.0,159.68176,6.67,6.675701
19612.62,180.0,153.88861,6.67,6.9235563
19612.82,180.0,169.34958,6.67,6.299054
19613.02,180.0,159.79825,6.67,6.710624
19613.22,180.0,159.1167,6.67,6.3537307
19613.42,180.0,154.43425,6.67,6.702509
19613.62,180.0,161.54466,6.67,6.6567526
19613.82,180.0,152.13506,6.67,7.0152645
19614.02,180.0,165.19966,6.67,6.352888
19614.22,180.0,159.39915,6.67,6.6579084
19614.42,180.0,166.22673,6.67,6.4522233
19614.62,180.0,158.56998,6.67,6.7630434
19614.82,180.0,160.99365,6.67,6.611802
19615.02,180.0,158.96329,6.67,6.626918
19615.22,180.0,160.39536,6.67,6.9099813
19615.42,180.0,174.50772,6.67,5.9814563
19615.62,180.0,157.68959,6.67,6.61854
19615.82,180.0,163.90552,6.67,6.451073
19616.02,180.0,162.2641,6.67,6.655559
19616.22,180.0,156.23477,6.67,6.687398
19616.42,180.0,157.07893,6.67,6.9142146
19616.62,180.0,152.5711,6.67,6.756629
19616.82,180.0,158.65472,6.67,6.4441595
19617.02,180.0,162.60994,6.67,6.678218
19617.22,180.0,160.29378,6.67,6.5192556
19617.42,180.0,156.26703,6.67,6.59056
19617.62,180.0,159.60278,6.67,6.7495756
19617.82,180.0,151.10577,6.67,6.9383736
19618.02,180.0,155.6999,0.0,6.7698126
19618.22,180.0,160.452,0.0,6.5248146
19618.42,180.0,154.99295,0.0,6.832804
19618.62,180.0,148.50789,0.0,6.946492
19618.82,180.0,161.5362,0.0,6.8043594
19619.02,180.0,150.51065,0.0,6.75325
19619.22,180.0,155.56934,0.0,6.724263
19619.42,180.0,147.80682,0.0,7.033304
19619.62,180.0,148.6873,0.0,7.0187087
19619.82,180.0,144.92737,0.0,7.2523537
19620.02,180.0,160.36653,0.0,6.8416204
19620.22,180.0,162.54901,0.0,6.406437
19620.42,180.0,154.1259,0.0,6.7029037
19620.62,180.0,157.52744,0.0,6.639551
19620.82,180.0,155.79086,0.0,6.7686787
19621.02,180.0,147.9092,0.0,6.7565804
19621.22,180.0,148.11404,0.0,6.9849167
19621.42,180.0,158.79001,0.0,6.626935
19621.62,180.0,154.04028,0.0,6.786994
19621.82,180.0,154.63864,0.0,6.852544
19622.02,180.0,148.20834,0.0,7.1201553
19622.22,180.0,142.74506,0.0,7.063442
19622.42,180.0,144.08505,0.0,6.9133425
19622.62,180.0,150.71155,0.0,6.9330034
19622.82,180.0,150.01172,0.0,6.911715
19623.02,180.0,145.7131,0.0,6.974944
19623.22,180.0,155.448,0.0,6.5870914
19623.42,180.0,154.24606,0.0,6.8214107
19623.62,180.0,156.11778,0.0,6.4349794
19623.82,180.0,152.98053,0.0,6.6127963
19624.02,180.0,157.63272,0.0,6.57806
19624.22,180.0,150.45645,0.0,6.846079
19624.42,180.0,148.92284,0.0,6.744018
19624.62,180.0,155.044,0.0,6.5528946
19624.82,180.0,154.54343,0.0,6.7318993
19625.02,180.0,150.04251,0.0,6.95412
19625.22,180.0,156.20712,0.0,6.8154726
19625.42,180.0,143.21033,0.0,7.0066814
19625.62,180.0,139.1576,0.0,7.129566
19625.82,180.0,151.05746,0.0,6.9326553
19626.02,180.0,153.38683,0.0,6.4819574
19626.22,180.0,149.61633,0.0,6.7499065
19626.42,180.0,149.24132,0.0,6.5175514
19626.62,180.0,150.27985,0.0,6.567363
19626.82,180.0,151.95068,0.0,6.7674932
19627.02,180.0,152.92484,0.0,6.4749913
19627.22,180.0,158.0041,0.0,6.535631
19627.42,180.0,150.53976,0.0,6.506464
19627.62,180.0,156.03212,0.0,6.457448
19627.82,180.0,146.94788,0.0,6.8425016
19628.02,180.0,153.28482,0.0,6.6728945
19628.22,180.0,148.7876,0.0,6.528098
19628.42,180.0,153.98453,0.0,6.564444
19628.62,180.0,152.85202,0.0,6.4982243
19628.82,180.0,151.29424,0.0,6.7859983
19629.02,180.0,151.53494,0.0,6.411929
19629.22,180.0,143.81549,0.0,6.747342
19629.42,180.0,152.41315,0.0,6.456349
19629.62,180.0,154.35175,0.0,6.188879
19629.82,180.0,146.13559,0.0,6.576802
19630.02,180.0,151.18375,0.0,6.3988543
19630.22,180.0,148.52133,0.0,6.664336
19630.42,180.0,145.92255,0.0,6.6683264
19630.62,180.0,148.87668,0.0,6.518005
19630.82,180.0,154.39038,0.0,6.316838
19631.02,180.0,151.05609,0.0,6.4501605
19631.22,180.0,142.60825,0.0,6.5628996
19631.42,180.0,146.20602,0.0,6.7266784
19631.62,180.0,150.64969,0.0,6.6195574
19631.82,180.0,144.89078,0.0,6.5814576
19632.02,180.0,143.5711,0.0,6.8480034
19632.22,180.0,160.15613,0.0,6.1740184
19632.42,180.0,152.87955,0.0,6.116665
19632.62,180.0,149.48862,0.0,6.4356976
19632.82,180.0,151.18033,0.0,6.600628
19633.02,180.0,150.47073,0.0,6.6391335
19633.22,180.0,157.78862,0.0,6.2668276
19633.42,180.0,151.94894,0.0,6.518871
19633.62,180.0,148.27512,0.0,6.729927
19633.82,180.0,151.79224,0.0,6.345591
19634.02,180.0,150.72644,0.0,6.1887407
19634.22,180.0,145.8405,0.0,6.628789
19634.42,180.0,152.03613,0.0,6.302559
19634.62,180.0,154.04808,0.0,6.227869
19634.82,180.0,152.0065,0.0,6.31317
19635.02,180.0,145.87405,0.0,6.440245
19635.22,180.0,146.67029,0.0,6.5321236
19635.42,180.0,144.39076,0.0,6.624387
19635.62,180.0,147.09975,0.0,6.4939556
19635.82,180.0,138.79242,0.0,6.617318
19636.02,180.0,149.62674,0.0,5.9607906
19636.22,180.0,150.37494,0.0,5.796383
19636.42,180.0,140.86221,0.0,6.3742046
19636.62,180.0,144.14453,0.0,6.2273397
19636.82,180.0,148.72937,0.0,5.8474383
19637.02,180.0,136.42775,0.0,6.0973577
19637.22,180.0,140.37976,0.0,6.046002
19637.42,180.0,140.04782,0.0,5.673544
19637.62,180.0,154.51822,0.0,4.878389
19637.82,180.0,144.89786,0.0,5.017119
19638.02,180.0,155.97226,0.0,4.842007
19638.22,180.0,144.07324,0.0,5.424365
19638.42,180.0,153.17876,0.0,4.316556
19638.62,180.0,153.47363,0.0,4.2725663
19638.82,180.0,150.76642,0.0,4.7674685
19639.02,180.0,164.664,0.0,3.768115
19639.22,180.0,153.93349,0.0,3.9603431
19639.42,180.0,149.20142,0.0,3.8389816
19639.62,180.0,157.78183,0.0,3.0797431
19639.82,180.0,156.06586,0.0,3.2754116
19640.02,180.0,151.50214,0.0,2.6829228
19640.22,180.0,162.90677,0.0,2.7014503
19640.42,180.0,165.06119,0.0,2.1148863
19640.62,180.0,167.90924,0.0,1.4768965
19640.82,180.0,170.5593,0.0,0.99808216
19641.02,180.0,161.02695,0.0,1.9737443
19641.22,180.0,167.40031,0.0,1.3743727
19641.42,180.0,175.3835,0.0,0.78261256
19641.62,180.0,165.81871,0.0,1.4176431
19641.82,180.0,177.30148,0.0,0.5669582
19642.02,180.0,178.58325,0.0,0.23963451
19642.22,180.0,172.0701,0.0,0.33670497
19642.42,180.0,170.65878,0.0,-0.34681797
19642.62,180.0,171.63554,0.0,-0.028357506
19642.82,180.0,168.51068,0.0,0.20067334
19643.02,180.0,168.37094,0.0,-0.19403934
19643.22,180.0,172.26392,0.0,0.32654333
19643.42,180.0,172.52959,0.0,0.3250444
19643.62,180.0,171.78125,0.0,-0.27419138
19643.82,180.0,173.31372,0.0,-0.23686218
19644.02,180.0,168.60916,0.0,-0.17998219
19644.22,180.0,172.61703,0.0,-0.41203165
19644.42,180.0,167.90628,0.0,-0.1142149
19644.62,180.0,171.0455,0.0,-0.49229097
19644.82,180.0,171.9979,0.0,-0.37796688
19645.02,180.0,172.35445,0.0,-0.25379658
19645.22,180.0,179.10886,0.0,-0.46659422
19645.42,180.0,174.40143,0.0,-0.34020758
19645.62,180.0,174.26187,0.0,-0.38292027
19645.82,180.0,163.10283,0.0,-0.5129919
19646.02,180.0,171.92535,0.0,-0.48320007
19646.22,180.0,174.07,0.0,-0.47687912
19646.42,180.0,174.39658,0.0,-0.4416499
19646.62,180.0,176.70683,0.0,-0.44822073
19646.82,180.0,172.31335,0.0,-0.41892195
19647.02,180.0,170.56448,0.0,-0.35035658
19647.22,180.0,171.21217,0.0,-0.49380493
19647.42,180.0,171.8977,0.0,-0.4454155
19647.62,180.0,176.71428,0.0,-0.5081501
19647.82,180.0,172.87445,0.0,-0.4069271
19648.02,180.0,177.6221,0.0,-0.4204998
19648.22,180.0,176.53183,0.0,-0.52728415
19648.42,180.0,170.8325,0.0,-0.5372739
19648.62,180.0,164.99675,0.0,-0.40626574
19648.82,180.0,169.47128,0.0,-0.54607916
19649.02,180.0,169.56583,0.0,-0.5381479
19649.22,180.0,175.75864,0.0,-0.5037346
19649.42,180.0,172.24301,0.0,-0.37926197
19649.62,180.0,174.78955,0.0,-0.48553658
19649.82,180.0,174.44167,0.0,-0.48254013
19650.02,180.0,176.60278,0.0,-0.52826834
19650.22,180.0,172.35512,0.0,-0.5411911
19650.42,180.0,174.92868,0.0,-0.5373626
19650.62,180.0,175.42882,0.0,-0.4098959
19650.82,180.0,175.79282,0.0,-0.5081415
19651.02,180.0,174.42615,0.0,-0.5607562
19651.22,180.0,165.48401,0.0,-0.48915434
19651.42,180.0,167.98767,0.0,-0.51353073
19651.62,180.0,173.73074,0.0,-0.5097947
19651.82,180.0,173.53201,0.0,-0.43655586
19652.02,180.0,169.52766,0.0,-0.5243683
19652.22,180.0,182.03165,0.0,-0.5577488
19652.42,180.0,171.556,0.0,-0.5439186
19652.62,180.0,169.96718,0.0,-0.4581051
19652.82,180.0,168.4878,0.0,-0.45953703
19653.02,180.0,169.40982,0.0,-0.52196693
19653.22,180.0,168.03485,0.0,-0.44300795
19653.42,180.0,170.11398,0.0,-0.42979527
19653.62,180.0,177.05098,0.0,-0.5046835
19653.82,180.0,176.58429,0.0,-0.55464554
19654.02,180.0,173.52025,0.0,-0.5546975
19654.22,180.0,171.78638,0.0,-0.50335026
19654.42,180.0,175.23795,0.0,-0.45385885
19654.62,180.0,175.63797,0.0,-0.571764
19654.82,180.0,173.50165,0.0,-0.5378704
19655.02,180.0,175.01117,0.0,-0.51811075
19655.22,180.0,178.56158,0.0,-0.5121546
19655.42,180.0,178.52054,0.0,-0.550694
19655.62,180.0,175.98494,0.0,-0.49928045
19655.82,180.0,175.90924,0.0,-0.55661774
19656.02,180.0,173.81363,0.0,-0.52781343
19656.22,180.0,171.62,0.0,-0.5068197
19656.42,180.0,174.06583,0.0,-0.47153616
19656.62,180.0,165.07556,0.0,-0.508708
19656.82,180.0,173.18372,0.0,-0.47318268
19657.02,180.0,173.57326,0.0,-0.53926086
19657.22,180.0,172.79523,0.0,-0.47754192
19657.42,180.0,170.46706,0.0,-0.4826107
19657.62,180.0,176.02634,0.0,-0.5392256
19657.82,180.0,180.80258,0.0,-0.55333614
19658.02,180.0,173.7403,0.0,-0.5723028
19658.22,180.0,175.1037,0.0,-0.5453911
19658.42,180.0,176.6248,0.0,-0.59094524
19658.62,180.0,178.74976,0.0,-0.5659714
19658.82,180.0,177.29987,0.0,-0.54145145
19659.02,180.0,180.41016,0.0,-0.5334921
19659.22,180.0,176.52588,0.0,-0.5739088
19659.42,180.0,181.14113,0.0,-0.5392909
19659.62,180.0,174.79865,0.0,-0.5589318
19659.82,180.0,173.72658,0.0,-0.52144766
19660.02,180.0,173.5926,0.0,-0.5579176
19660.22,180.0,179.1059,0.0,-0.5655365
19660.42,180.0,170.68402,0.0,-0.54266596
19660.62,180.0,173.85251,0.0,-0.5679383
19660.82,180.0,176.2175,0.0,-0.5634222
19661.02,180.0,178.68922,0.0,-0.5585561
19661.22,180.0,174.70111,0.0,-0.5463705
19661.42,180.0,178.20204,0.0,-0.6067524
19661.62,180.0,183.22421,0.0,-0.51104784
19661.82,180.0,182.92654,0.0,-0.4897399
19662.02,180.0,179.94333,0.0,-0.57267666
19662.22,180.0,174.2781,0.0,-0.5795169
19662.42,180.0,177.65411,0.0,-0.5559664
19662.62,180.0,175.92323,0.0,-0.5721755
19662.82,180.0,182.11041,0.0,-0.5569067
19663.02,180.0,178.42137,0.0,-0.60483265
19663.22,180.0,175.90555,0.0,-0.5719776
19663.42,180.0,177.46468,0.0,-0.5503545
19663.62,180.0,172.15623,0.0,-0.5313568
19663.82,180.0,173.79884,0.0,-0.48919153
19664.02,180.0,177.24356,0.0,-0.5614433
19664.22,180.0,181.25449,0.0,-0.5625806
19664.42,180.0,173.4891,0.0,-0.56414175
19664.62,180.0,172.65915,0.0,-0.5310302
19664.82,180.0,170.73413,0.0,-0.55017567
19665.02,180.0,175.82178,0.0,-0.5008316
19665.22,180.0,174.57864,0.0,-0.56098557
19665.42,180.0,176.57185,0.0,-0.49850035
19665.62,180.0,175.12848,0.0,-0.5742512
19665.82,180.0,172.94904,0.0,-0.5344806
19666.02,180.0,180.43124,0.0,-0.5285764
19666.22,180.0,179.02713,0.0,-0.56910896
19666.42,180.0,171.96921,0.0,-0.4393425
19666.62,180.0,175.77713,0.0,-0.5071564
19666.82,180.0,183.00464,0.0,-0.5502968
19667.02,180.0,180.75275,0.0,-0.5739441
19667.22,180.0,176.4162,0.0,-0.5452423
19667.42,180.0,179.60498,0.0,-0.5876031
19667.62,180.0,179.79874,0.0,-0.5532012
19667.82,180.0,177.50117,0.0,-0.6083789
19668.02,180.0,176.08078,0.0,-0.5743413
19668.22,180.0,179.087,0.0,-0.5377207
19668.42,180.0,177.42267,0.0,-0.56844234
19668.62,180.0,180.12141,0.0,-0.57368374
19668.82,180.0,181.41031,0.0,-0.5590663
19669.02,180.0,177.55988,0.0,-0.5339699
19669.22,180.0,180.61966,0.0,-0.5512934
19669.42,180.0,180.49106,0.0,-0.54976416
19669.62,180.0,177.17725,0.0,-0.5644598
19669.82,180.0,179.52602,0.0,-0.5335512
19670.02,180.0,180.20071,0.0,-0.58286476
19670.22,180.0,184.67409,0.0,-0.54746056
19670.42,180.0,179.77707,0.0,-0.58037424
19670.62,180.0,175.3931,0.0,-0.58637476
19670.82,180.0,176.14816,0.0,-0.56008005
19671.02,180.0,175.20549,0.0,-0.54655886
19671.22,180.0,176.2283,0.0,-0.5840783
19671.42,180.0,181.32956,0.0,-0.60450125
19671.62,180.0,183.32285,0.0,-0.58907413
19671.82,180.0,183.4147,0.0,-0.5232048
19672.02,180.0,175.34021,0.0,-0.6048684
19672.22,180.0,180.71016,0.0,-0.5615792
19672.42,180.0,175.28502,0.0,-0.60494566
19672.62,180.0,178.49422,0.0,-0.61208963
19672.82,180.0,182.81302,0.0,-0.5638604
19673.02,180.0,178.82794,0.0,-0.617589
19673.22,180.0,176.58728,0.0,-0.603878
19673.42,180.0,177.9473,0.0,-0.57863474
19673.62,180.0,177.36801,0.0,-0.55061054
19673.82,180.0,175.06374,0.0,-0.5759115
19674.02,180.0,182.82028,0.0,-0.5180721
19674.22,180.0,184.57686,0.0,-0.5907645
19674.42,180.0,185.63666,0.0,-0.5688324
19674.62,180.0,180.685,0.0,-0.52830887
19674.82,180.0,179.50229,0.0,-0.60077
19675.02,180.0,181.97745,0.0,-0.5285983
19675.22,180.0,180.11122,0.0,-0.61165094
19675.42,180.0,182.70078,0.0,-0.5888767
19675.62,180.0,178.96695,0.0,-0.6099353
19675.82,180.0,182.66252,0.0,-0.6089196
19676.02,180.0,181.7138,0.0,-0.57259035
19676.22,180.0,184.4059,0.0,-0.58468485
19676.42,180.0,180.83649,0.0,-0.61704826
19676.62,180.0,183.27092,0.0,-0.45444536
19676.82,180.0,178.20398,0.0,-0.6043463
19677.02,180.0,185.79236,0.0,-0.5352068
19677.22,180.0,175.07419,0.0,-0.5193744
19677.42,180.0,181.61462,0.0,-0.49760914
19677.62,180.0,179.87518,0.0,-0.56269073
19677.82,180.0,182.14279,0.0,-0.5269332
19678.02,180.0,180.51584,0.0,-0.58529997
19678.22,180.0,183.44817,0.0,-0.5555248
19678.42,180.0,180.06342,0.0,-0.5437684
19678.62,180.0,187.10297,0.0,-0.58766794
19678.82,180.0,179.32906,0.0,-0.54789114
19679.02,180.0,182.4066,0.0,-0.53070116
19679.22,180.0,183.88464,0.0,-0.56634474
19679.42,180.0,178.70248,0.0,-0.51044226
19679.62,180.0,174.37961,0.0,-0.44322062
19679.82,180.0,176.524,0.0,-0.52079296
19680.02,180.0,182.93239,0.0,-0.5692892
19680.22,180.0,187.72589,0.0,-0.5687151
19680.42,180.0,184.04417,0.0,-0.61501837
19680.62,180.0,185.105,0.0,-0.59909153
19680.82,180.0,182.42786,0.0,-0.5750723
19681.02,180.0,184.00513,0.0,-0.53423214
19681.22,180.0,183.10123,0.0,-0.5564728
19681.42,180.0,183.2597,0.0,-0.5693846
19681.62,180.0,184.80106,0.0,-0.5632143
19681.82,180.0,184.98965,0.0,-0.57898045
19682.02,180.0,181.71756,0.0,-0.5831723
19682.22,180.0,187.64139,0.0,-0.6170521
19682.42,180.0,179.87604,0.0,-0.49525547
19682.62,180.0,180.1741,0.0,-0.5942006
19682.82,180.0,184.24338,0.0,-0.5646901
19683.02,180.0,181.21979,0.0,-0.5902643
19683.22,180.0,182.93805,0.0,-0.5684643
19683.42,180.0,180.9554,0.0,-0.582664
19683.62,180.0,181.66296,0.0,-0.56207323
19683.82,180.0,181.00171,0.0,-0.56544113
19684.02,180.0,186.32162,0.0,-0.62052345
19684.22,180.0,188.67114,0.0,-0.60054207
19684.42,180.0,187.43912,0.0,-0.58626986
19684.62,180.0,187.60263,0.0,-0.5611448
19684.82,180.0,186.74124,0.0,-0.6459646
19685.02,180.0,185.01782,0.0,-0.59740686
19685.22,180.0,188.9992,0.0,-0.61705256
19685.42,180.0,186.71089,0.0,-0.5893583
19685.62,180.0,193.0781,0.0,-0.56065416
19685.82,180.0,186.88629,0.0,-0.60830116
19686.02,180.0,186.91403,0.0,-0.5888896
19686.22,180.0,188.25674,0.0,-0.6127782
19686.42,180.0,194.30544,0.0,-0.5505514
19686.62,180.0,189.24524,0.0,-0.62720823
19686.82,180.0,185.429,0.0,-0.6113162
19687.02,180.0,188.96802,0.0,-0.6003566
19687.22,180.0,188.96288,0.0,-0.55472136
19687.42,180.0,188.5487,0.0,-0.56558514
19687.62,180.0,186.94003,0.0,-0.5747776
19687.82,180.0,190.7969,0.0,-0.6051383
19688.02,180.0,195.7143,0.0,-0.57037354
19688.22,180.0,183.49979,0.0,-0.6323166
19688.42,180.0,191.68475,0.0,-0.5765095
19688.62,180.0,191.43335,0.0,-0.4765272
19688.82,180.0,188.99619,0.0,-0.5895014
19689.02,180.0,190.86115,0.0,-0.58763695
19689.22,180.0,194.15475,0.0,-0.5598626
19689.42,180.0,191.18571,0.0,-0.5772443
19689.62,180.0,191.6323,0.0,-0.60207367
19689.82,180.0,192.10388,0.0,-0.57940626
19690.02,143.33,189.38306,0.0,-0.6067438
19690.22,143.33,188.79593,0.0,-0.57300234
19690.42,143.33,188.9873,0.0,-0.5444646
19690.62,143.33,194.00769,0.0,-0.5715189
19690.82,143.33,187.78958,0.0,-0.56941557
19691.02,143.33,189.10858,0.0,-0.59716797
19691.22,143.33,183.94861,0.0,-0.48302937
19691.42,143.33,188.3259,0.0,-0.5578232
19691.62,143.33,188.60916,0.0,-0.5708871
19691.82,143.33,193.88681,0.0,-0.54974604
19692.02,143.33,199.64532,0.0,-0.5626669
19692.22,143.33,193.93408,0.0,-0.5945082
19692.42,143.33,188.69376,0.0,-0.57551146
19692.62,143.33,193.45413,0.0,-0.5389042
19692.82,143.33,187.22704,0.0,-0.5920963
19693.02,143.33,191.51312,0.0,-0.6296644
19693.22,143.33,193.05246,0.0,-0.6122403
19693.42,143.33,192.05771,0.0,-0.6276221
19693.62,143.33,192.46344,0.0,-0.5729141
19693.82,143.33,189.00671,0.0,-0.5684533
19694.02,143.33,189.8197,0.0,-0.6285448
19694.22,143.33,193.52914,0.0,-0.59685326
19694.42,143.33,190.36505,0.0,-0.5933604
19694.62,143.33,190.23506,0.0,-0.6262603
19694.82,143.33,192.40524,0.0,-0.5985751
19695.02,143.33,195.2173,0.0,-0.53714657
19695.22,143.33,190.06119,0.0,-0.57341003
19695.42,143.33,192.9261,0.0,-0.5646391
19695.62,143.33,193.8409,0.0,-0.5966401
19695.82,143.33,195.39688,0.0,-0.6035838
19696.02,143.33,194.35086,0.0,-0.58094025
19696.22,143.33,190.24872,0.0,-0.63875055
19696.42,143.33,191.82632,0.0,-0.58924484
19696.62,143.33,194.3435,0.0,-0.56543255
19696.82,143.33,195.62048,0.0,-0.5207615
19697.02,143.33,191.09921,0.0,-0.59048843
19697.22,143.33,194.56894,0.0,-0.5966873
19697.42,143.33,189.84668,0.0,-0.5586405
19697.62,143.33,188.03502,0.0,-0.6045704
19697.82,143.33,192.62744,0.0,-0.61626816
19698.02,143.33,189.88855,0.0,-0.5572071
19698.22,143.33,192.34354,0.0,-0.51454544
19698.42,143.33,194.86697,0.0,-0.59288883
19698.62,143.33,193.06941,0.0,-0.5894122
19698.82,143.33,192.26169,0.0,-0.54815817
19699.02,143.33,187.92091,0.0,-0.6289382
19699.22,143.33,192.1776,0.0,-0.506763
19699.42,143.33,190.18596,0.0,-0.59581757
19699.62,143.33,190.1748,0.0,-0.6496048
19699.82,143.33,195.21854,0.0,-0.5855546
19700.02,143.33,186.11832,0.0,-0.5866542
19700.22,143.33,190.62787,0.0,-0.3641181
19700.42,143.33,193.19739,0.0,-0.6243944
19700.62,143.33,197.55434,0.0,-0.5825062
19700.82,143.33,189.68365,0.0,-0.5824213
19701.02,143.33,191.93898,0.0,-0.55233574
19701.22,143.33,196.47508,0.0,-0.5793214
19701.42,143.33,187.92175,0.0,-0.56733036
19701.62,143.33,192.31966,0.0,-0.57991934
19701.82,143.33,200.60432,0.0,-0.57698345
19702.02,143.33,188.87408,0.0,-0.49487162
19702.22,143.33,180.46689,0.0,-0.38465977
19702.42,143.33,186.14061,0.0,-0.5157857
19702.62,143.33,194.52582,0.0,-0.57367706
19702.82,143.33,195.41702,0.0,-0.5043216
19703.02,143.33,200.33633,0.0,-0.48947287
19703.22,143.33,198.25209,0.0,-0.61223507
19703.42,143.33,197.31677,0.0,-0.45428944
19703.62,143.33,197.63141,0.0,-0.56414986
19703.82,143.33,196.23172,0.0,-0.5738106
19704.02,143.33,193.23592,0.0,-0.61407614
19704.22,143.33,193.05016,0.0,-0.59384775
19704.42,143.33,196.32935,0.0,-0.5965328
19704.62,143.33,195.65271,0.0,-0.6081662
19704.82,143.33,191.66902,0.0,-0.5994811
19705.02,143.33,201.39407,0.0,-0.53851414
19705.22,143.33,191.20117,0.0,-0.46605778
19705.42,143.33,189.70175,0.0,-0.3906126
19705.62,143.33,181.94235,0.0,-0.6061044
19705.82,143.33,193.44434,0.0,-0.55304813
19706.02,143.33,178.34079,0.0,-0.4578843
19706.22,143.33,180.84048,0.0,-0.39358854
19706.42,143.33,184.36583,0.0,-0.5065088
19706.62,143.33,186.27722,0.0,-0.5710745
19706.82,143.33,181.97577,0.0,-0.5287919
19707.02,143.33,179.0075,0.0,-0.47100973
19707.22,143.33,181.42775,0.0,-0.52560616
19707.42,143.33,179.51614,0.0,-0.54580355
19707.62,143.33,172.67604,0.0,-0.47551155
19707.82,143.33,181.86359,0.0,-0.5044112
19708.02,143.33,186.31366,0.0,-0.5586648
19708.22,143.33,171.23088,0.0,-0.4243455
19708.42,143.33,176.10626,0.0,-0.40105677
19708.62,143.33,175.70816,0.0,-0.45861864
19708.82,143.33,175.53827,0.0,-0.46365023
19709.02,143.33,177.97983,0.0,-0.5287099
19709.22,143.33,171.41544,0.0,-0.3089261
19709.42,143.33,170.03473,0.0,-0.3637724
19709.62,143.33,166.93823,0.0,-0.34882832
19709.82,143.33,164.73279,0.0,-0.287673
19710.02,143.33,179.09668,0.0,-0.40767813
19710.22,143.33,156.6635,0.0,-0.17549849
19710.42,143.33,165.16183,0.0,-0.38872337
19710.62,143.33,173.0329,0.0,-0.31539154
19710.82,143.33,170.64008,0.0,-0.41356468
19711.02,143.33,164.23508,0.0,-0.33425903
19711.22,143.33,177.96573,0.0,-0.44713306
19711.42,143.33,164.21161,0.0,-0.27329397
19711.62,143.33,164.83716,0.0,-0.2738247
19711.82,143.33,166.90775,0.0,-0.31337118
19712.02,143.33,166.152,0.0,-0.33608818
19712.22,143.33,165.25607,0.0,-0.19925022
19712.42,143.33,164.45464,0.0,-0.44484377
19712.62,143.33,168.99876,0.0,-0.26228046
19712.82,143.33,152.77512,0.0,-0.19731188
19713.02,143.33,160.91965,0.0,-0.3035922
19713.22,143.33,159.54568,0.0,-0.15338469
19713.42,143.33,167.00485,0.0,-0.25281715
19713.62,143.33,160.91959,0.0,-0.23434353
19713.82,143.33,171.44952,0.0,-0.33933687
19714.02,143.33,178.87878,0.0,-0.37708044
19714.22,143.33,173.3349,0.0,-0.41267824
19714.42,143.33,167.53827,0.0,-0.27733517
19714.62,143.33,166.26712,0.0,-0.33228254
19714.82,143.33,170.28223,0.0,-0.35131788
19715.02,143.33,168.17377,0.0,-0.3132844
19715.22,143.33,167.98013,0.0,-0.46417904
19715.42,143.33,175.23743,0.0,-0.4932437
19715.62,143.33,168.84865,0.0,-0.42202377
19715.82,143.33,164.1416,0.0,-0.27568054
19716.02,143.33,157.21106,0.0,-0.26453018
19716.22,143.33,159.07816,0.0,-0.29694128
19716.42,143.33,168.72089,0.0,-0.4453678
19716.62,143.33,163.02362,0.0,-0.33373547
19716.82,143.33,166.02853,0.0,-0.35367966
19717.02,143.33,172.73026,0.0,-0.47792482
19717.22,143.33,171.70486,0.0,-0.5021882
19717.42,143.33,171.55843,0.0,-0.359406
19717.62,143.33,180.76517,0.0,-0.4492607
19717.82,143.33,166.09726,0.0,-0.37646484
19718.02,143.33,165.5786,0.0,-0.43121672
19718.22,143.33,166.46861,0.0,-0.29429483
19718.42,143.33,166.1583,0.0,-0.3880415
19718.62,143.33,165.53006,0.0,-0.44168472
19718.82,143.33,166.32344,0.0,-0.32735014
19719.02,143.33,169.84502,0.0,-0.44948483
19719.22,143.33,165.82863,0.0,-0.30687428
19719.42,143.33,168.49873,0.0,-0.43700695
19719.62,143.33,175.47882,0.0,-0.38434887
19719.82,143.33,167.9483,0.0,-0.39493227
19720.02,143.33,167.13397,0.0,-0.3173709
19720.22,143.33,164.57257,0.0,-0.33445072
19720.42,143.33,168.12071,0.0,-0.44603634
19720.62,143.33,170.54172,0.0,-0.31494665
19720.82,143.33,170.31464,0.0,-0.35895061
19721.02,143.33,167.82072,0.0,-0.35540342
19721.22,143.33,171.8845,0.0,-0.4445243
19721.42,143.33,175.5816,0.0,-0.3021803
19721.62,143.33,175.77223,0.0,-0.3967762
19721.82,143.33,161.73828,0.0,-0.17729425
19722.02,143.33,162.72626,0.0,-0.26723576
19722.22,143.33,175.93039,0.0,-0.39818382
19722.42,143.33,172.29831,0.0,-0.35679913
19722.62,143.33,164.24893,0.0,-0.21659279
19722.82,143.33,169.40851,0.0,-0.42188072
19723.02,143.33,169.69876,0.0,-0.38773155
19723.22,143.33,169.45166,0.0,-0.38419056
19723.42,143.33,173.16898,0.0,-0.30826712
19723.62,143.33,164.84404,0.0,-0.28136253
19723.82,143.33,173.31482,0.0,-0.36716175
19724.02,143.33,170.38484,0.0,-0.3107462
19724.22,143.33,172.27322,0.0,-0.36158657
19724.42,143.33,168.96562,0.0,-0.3260522
19724.62,143.33,162.66714,0.0,-0.3127985
19724.82,143.33,176.30725,0.0,-0.4101038
19725.02,143.33,166.2641,0.0,-0.38740683
19725.22,143.33,172.45213,0.0,-0.30620623
19725.42,143.33,170.86075,0.0,-0.38670444
19725.62,143.33,175.5328,0.0,-0.36512566
19725.82,143.33,166.72205,0.0,-0.3595481
19726.02,143.33,171.11398,0.0,-0.3789792
19726.22,143.33,167.67105,0.0,-0.37252712
19726.42,143.33,170.00697,0.0,-0.40693426
19726.62,143.33,174.48,0.0,-0.35459805
19726.82,143.33,167.42752,0.0,-0.34199476
19727.02,143.33,165.1077,0.0,-0.26789474
19727.22,143.33,173.93782,0.0,-0.42764997
19727.42,143.33,167.41367,0.0,-0.30275345
19727.62,143.33,171.90901,0.0,-0.3769493
19727.82,143.33,173.61246,0.0,-0.40703058
19728.02,143.33,171.75935,0.0,-0.30760098
19728.22,143.33,174.32596,0.0,-0.35234928
19728.42,143.33,174.43213,0.0,-0.4122162
19728.62,143.33,171.77737,0.0,-0.33153868
19728.82,143.33,177.23999,0.0,-0.39699554
19729.02,143.33,165.887,0.0,-0.36506987
19729.22,143.33,168.0477,0.0,-0.2324934
19729.42,143.33,173.70638,0.0,-0.38933468
19729.62,143.33,170.87439,0.0,-0.23838806
19729.82,143.33,162.31702,0.0,-0.31651783
19730.02,143.33,168.34006,0.0,-0.38488436
19730.22,143.33,172.84335,0.0,-0.35714197
19730.42,143.33,177.64291,0.0,-0.37326288
19730.62,143.33,171.41644,0.0,-0.32816505
19730.82,143.33,178.72923,0.0,-0.45089722
19731.02,143.33,178.34239,0.0,-0.3634267
19731.22,143.33,175.15096,0.0,-0.28703356
19731.42,143.33,166.97327,0.0,-0.3102765
19731.62,143.33,184.83307,0.0,-0.43518257
19731.82,143.33,177.93884,0.0,-0.34096766
19732.02,143.33,168.64754,0.0,-0.24791384
19732.22,143.33,170.39676,0.0,-0.25458622
19732.42,143.33,179.23547,0.0,-0.2972479
19732.62,143.33,169.76608,0.0,-0.31560087
19732.82,143.33,172.2952,0.0,-0.2412939
19733.02,143.33,176.25792,0.0,-0.283844
19733.22,143.33,171.45975,0.0,-0.32473755
19733.42,143.33,173.91678,0.0,-0.2913456
19733.62,143.33,171.33878,0.0,-0.32890368
19733.82,143.33,179.80766,0.0,-0.37231302
19734.02,143.33,167.68051,0.0,-0.27549267
19734.22,143.33,175.9042,0.0,-0.23929977
19734.42,143.33,172.12524,0.0,-0.3780141
19734.62,143.33,170.92819,0.0,-0.26862574
19734.82,143.33,165.18369,0.0,-0.10779619
19735.02,143.33,171.70447,0.0,-0.31927967
19735.22,143.33,172.95438,0.0,-0.28944778
19735.42,143.33,175.84012,0.0,-0.23480415
19735.62,143.33,173.823,0.0,-0.3049326
19735.82,143.33,182.81427,0.0,-0.32876968
19736.02,143.33,172.85297,0.0,-0.35430574
19736.22,143.33,178.08276,0.0,-0.23573112
19736.42,143.33,174.51602,0.0,-0.43216515
19736.62,143.33,177.59758,0.0,-0.29309082
19736.82,143.33,175.02994,0.0,-0.3235817
19737.02,143.33,176.40808,0.0,-0.31559324
19737.22,143.33,162.06668,0.0,-0.11397028
19737.42,143.33,173.98892,0.0,-0.27784586
19737.62,143.33,176.33936,0.0,-0.2973523
19737.82,143.33,171.57204,0.0,-0.25011635
19738.02,143.33,177.27333,0.0,-0.3635888
19738.22,143.33,177.27615,0.0,-0.33475828
19738.42,143.33,180.48694,0.0,-0.36895418
19738.62,143.33,175.58046,0.0,-0.26806545
19738.82,143.33,179.89938,0.0,-0.35129595
19739.02,143.33,176.07382,0.0,-0.34140396
19739.22,143.33,170.63031,0.0,-0.22585726
19739.42,143.33,170.52336,0.0,-0.28974771
19739.62,143.33,176.67961,0.0,-0.27200747
19739.82,143.33,181.29922,0.0,-0.33229733
19740.02,143.33,168.55838,0.0,-0.28430986
19740.22,143.33,181.14392,0.0,-0.27080345
19740.42,143.33,185.57346,0.0,-0.37859583
19740.62,143.33,174.92796,0.0,-0.21932745
19740.82,143.33,177.80554,0.0,-0.31499434
19741.02,143.33,179.0201,0.0,-0.2251668
19741.22,143.33,168.59909,0.0,-0.159791
19741.42,143.33,172.83081,0.0,-0.22863388
19741.62,143.33,173.79956,0.0,-0.29299116
19741.82,143.33,182.28558,0.0,-0.36462688
19742.02,143.33,175.32172,0.0,-0.25803566
19742.22,143.33,175.9275,0.0,-0.24170351
19742.42,143.33,174.97614,0.0,-0.34441328
19742.62,143.33,185.97464,0.0,-0.30154943
19742.82,143.33,176.57822,0.0,-0.31376982
19743.02,143.33,177.43481,0.0,-0.25598574
19743.22,143.33,166.05719,0.0,-0.03741789
19743.42,143.33,175.14903,0.0,-0.21575546
19743.62,143.33,174.65352,0.0,-0.18760872
19743.82,143.33,176.72919,0.0,-0.316216
19744.02,143.33,177.22981,0.0,-0.2809825
19744.22,143.33,176.21536,0.0,-0.23923731
19744.42,143.33,175.5361,0.0,-0.1825695
19744.62,143.33,171.27664,0.0,-0.21383047
19744.82,143.33,181.55249,0.0,-0.30442
19745.02,143.33,179.8304,0.0,-0.20069313
19745.22,143.33,175.61877,0.0,-0.26933527
19745.42,143.33,182.65253,0.0,-0.16168737
19745.62,143.33,171.33011,0.0,-0.2079978
19745.82,143.33,170.10208,0.0,-0.20414114
19746.02,143.33,181.61789,0.0,-0.22361898
19746.22,143.33,172.74446,0.0,-0.1975565
19746.42,143.33,176.67415,0.0,-0.23006582
19746.62,143.33,176.89877,0.0,-0.24724102
19746.82,143.33,173.55945,0.0,-0.25975943
19747.02,143.33,185.19301,0.0,-0.2697506
19747.22,143.33,176.93225,0.0,-0.2539525
19747.42,143.33,178.48727,0.0,-0.25661135
19747.62,143.33,181.37097,0.0,-0.343297
19747.82,143.33,173.91327,0.0,-0.22617435
19748.02,143.33,181.0859,0.0,-0.2563343
19748.22,143.33,173.40678,0.0,-0.2666521
19748.42,143.33,173.7912,0.0,-0.17262077
19748.62,143.33,175.56372,0.0,-0.27678967
19748.82,143.33,179.10596,0.0,-0.26590776
19749.02,143.33,181.49277,0.0,-0.32378387
19749.22,143.33,177.0975,0.0,-0.20074463
19749.42,143.33,169.69995,0.0,-0.21191454
19749.62,143.33,179.39838,0.0,-0.1988821
19749.82,143.33,182.48306,0.0,-0.19235802
19750.02,143.33,188.2895,0.0,-0.2370987
19750.22,143.33,177.55133,0.0,-0.28253698
19750.42,143.33,178.91939,0.0,-0.2758546
19750.62,143.33,179.33426,0.0,-0.19586945
19750.82,143.33,176.58485,0.0,-0.22469854
19751.02,143.33,168.09201,0.0,-0.13438845
19751.22,143.33,175.03362,0.0,-0.11026287
19751.42,143.33,168.4672,0.0,-0.18622398
19751.62,143.33,181.70908,0.0,-0.16030312
19751.82,143.33,175.12541,0.0,-0.2062478
19752.02,143.33,184.64859,0.0,-0.22429085
19752.22,143.33,173.19708,0.0,-0.22328615
19752.42,143.33,179.38953,0.0,-0.1468997
19752.62,143.33,178.3732,0.0,-0.2749195
19752.82,143.33,177.4076,0.0,-0.20616484
19753.02,143.33,180.65521,0.0,-0.20339918
19753.22,143.33,182.1636,0.0,-0.21721935
19753.42,143.33,176.55875,0.0,-0.20982456
19753.62,143.33,177.56671,0.0,-0.08485937
19753.82,143.33,171.81064,0.0,-0.10731268
19754.02,143.33,180.91817,0.0,-0.17967892
19754.22,143.33,172.25412,0.0,-0.11013651
19754.42,143.33,174.0221,0.0,-0.18591642
19754.62,143.33,172.29387,0.0,-0.09063244
19754.82,143.33,178.8525,0.0,-0.22466898
19755.02,143.33,179.19107,0.0,-0.15613985
19755.22,143.33,185.20906,0.0,-0.24766254
19755.42,143.33,186.62125,0.0,-0.30031252
19755.62,143.33,176.96335,0.0,-0.2525053
19755.82,143.33,179.31647,0.0,-0.17063522
19756.02,143.33,179.79776,0.0,-0.24230862
19756.22,143.33,173.27637,0.0,-0.2363596
19756.42,143.33,175.15164,0.0,-0.047267914
19756.62,143.33,163.28696,0.0,0.05267334
19756.82,143.33,172.47571,0.0,-0.0787797
19757.02,143.33,175.85059,0.0,-0.1827941
19757.22,143.33,176.60031,0.0,-0.14172268
19757.42,143.33,179.65053,0.0,-0.17582083
19757.62,143.33,177.68834,0.0,-0.11984587
19757.82,143.33,168.6253,0.0,-0.1308279
19758.02,143.33,179.36008,0.0,-0.13382387
19758.22,143.33,174.17542,0.0,-0.087910175
19758.42,143.33,176.28893,0.0,-0.0934391
19758.62,143.33,171.65735,0.0,-0.08783865
19758.82,143.33,170.95114,0.0,-0.03738928
19759.02,143.33,178.9685,0.0,-0.20954132
19759.22,143.33,185.19186,0.0,-0.20217562
19759.42,143.33,175.62692,0.0,-0.0955224
19759.62,143.33,182.14685,0.0,-0.16237831
19759.82,143.33,178.01883,0.0,-0.09263277
19760.02,143.33,175.71451,0.0,-0.17479372
19760.22,143.33,173.92805,0.0,-0.11648226
19760.42,143.33,186.05893,0.0,-0.19075966
19760.62,143.33,175.07529,0.0,-0.12854767
19760.82,143.33,166.20454,0.0,-0.059437037
19761.02,143.33,182.52481,0.0,-0.0352571
19761.22,143.33,178.65007,0.0,-0.20073652
19761.42,143.33,181.3454,0.0,-0.20525122
19761.62,143.33,182.9587,0.0,-0.2121582
19761.82,143.33,179.55035,0.0,-0.20845509
19762.02,143.33,177.3966,0.0,-0.072147846
19762.22,143.33,188.53104,0.0,-0.19291449
19762.42,143.33,176.19113,0.0,-0.04257083
19762.62,143.33,173.1975,0.0,-0.18148851
19762.82,143.33,188.97235,0.0,-0.15548229
19763.02,143.33,180.04321,0.0,-0.18374395
19763.22,143.33,176.75714,0.0,-0.0341475
19763.42,143.33,167.96687,0.0,-0.060988903
19763.62,143.33,182.212,0.0,-0.15775633
19763.82,143.33,163.91483,0.0,-0.049597025
19764.02,143.33,179.20476,0.0,-0.04297161
19764.22,143.33,179.56924,0.0,-0.18187809
19764.42,143.33,178.92828,0.0,-0.03208542
19764.62,143.33,177.92828,0.0,-0.1796403
19764.82,143.33,181.19473,0.0,-0.106244564
19765.02,143.33,180.64755,0.0,-0.20998955
19765.22,143.33,185.34344,0.0,-0.13677454
19765.42,143.33,180.8293,0.0,-0.15206337
19765.62,143.33,180.94916,0.0,-0.15702724
19765.82,143.33,182.22882,0.0,-0.15267563
19766.02,143.33,158.98459,0.0,-0.04246521
19766.22,143.33,172.4848,0.0,-0.08049011
19766.42,143.33,171.77396,0.0,-0.04045105
19766.62,143.33,180.96384,0.0,-0.06266093
19766.82,143.33,174.36093,0.0,-0.20175362
19767.02,143.33,180.43904,0.0,-0.025732994
19767.22,143.33,178.37216,0.0,-0.18315458
19767.42,143.33,181.93614,0.0,-0.22895098
19767.62,143.33,180.52765,0.0,-0.20925093
19767.82,143.33,171.85828,0.0,0.0029582977
19768.02,143.33,181.57141,0.0,0.020008564
19768.22,143.33,180.1716,0.0,-0.24048424
19768.42,143.33,183.22118,0.0,-0.026779175
19768.62,143.33,169.5335,0.0,-0.08897686
19768.82,143.33,176.38045,0.0,0.08471155
19769.02,143.33,163.96211,0.0,-0.04160714
19769.22,143.33,180.68015,0.0,-0.061553717
19769.42,143.33,175.00473,0.0,-0.13379717
19769.62,143.33,180.32198,0.0,-0.14166546
19769.82,143.33,186.92644,0.0,-0.21205902
19770.02,143.33,179.39066,0.0,-0.12962437
19770.22,143.33,180.72757,0.0,-0.112065315
19770.42,143.33,172.21509,0.0,-0.1308794
19770.62,143.33,178.94107,0.0,0.026587963
19770.82,143.33,186.04512,0.0,-0.33255577
19771.02,143.33,190.94844,0.0,-0.11089134
19771.22,143.33,179.04721,0.0,-0.22753716
19771.42,143.33,191.58409,0.0,-0.2369709
19771.62,143.33,183.47928,0.0,-0.1440754
19771.82,143.33,175.24588,0.0,0.035169363
19772.02,143.33,178.06123,0.0,-0.20586634
19772.22,143.33,184.69638,0.0,-0.17733765
19772.42,143.33,178.64355,0.0,-0.05423379
19772.62,143.33,174.84894,0.0,-0.09691477
19772.82,143.33,195.85208,0.0,-0.24201965
19773.02,143.33,188.00067,0.0,-0.2187109
19773.22,143.33,185.14267,0.0,-0.092680454
19773.42,143.33,176.00153,0.0,-0.08470631
19773.62,143.33,176.49127,0.0,-0.1427455
19773.82,143.33,178.28687,0.0,-0.18178415
19774.02,143.33,167.74371,0.0,0.05802059
19774.22,143.33,174.95459,0.0,-0.070406914
19774.42,143.33,178.64566,0.0,-0.12590265
19774.62,143.33,182.12527,0.0,-0.0428288
19774.82,143.33,181.92212,0.0,-0.18304062
19775.02,143.33,190.87827,0.0,-0.17479563
19775.22,143.33,182.24915,0.0,-0.22956133
19775.42,143.33,185.29333,0.0,-0.12619734
19775.62,143.33,182.1761,0.0,-0.10552406
19775.82,143.33,169.48784,0.0,0.032207727
19776.02,143.33,179.26695,0.0,-0.11457157
19776.22,143.33,178.94171,0.0,-0.127419
19776.42,143.33,168.04733,0.0,0.024525166
19776.62,143.33,186.24658,0.0,-0.12183046
19776.82,143.33,175.99548,0.0,-0.14139557
19777.02,143.33,176.61667,0.0,-0.1974082
19777.22,143.33,181.55554,0.0,-0.06604481
19777.42,143.33,177.06656,0.0,-0.05542183
19777.62,143.33,183.30783,0.0,-0.071722984
19777.82,143.33,184.54749,0.0,-0.13566113
19778.02,143.33,178.08482,0.0,-0.066366196
19778.22,143.33,185.85107,0.0,-0.21008301
19778.42,143.33,191.08783,0.0,-0.16257
19778.62,143.33,178.1976,0.0,-0.124206066
19778.82,143.33,187.49837,0.0,-0.14889288
19779.02,143.33,169.00336,0.0,-0.11241388
19779.22,143.33,177.74786,0.0,-0.15110874
19779.42,143.33,180.3899,0.0,-0.03470683
19779.62,143.33,180.80356,0.0,-0.06283975
19779.82,143.33,184.49403,0.0,-0.17971087
19780.02,143.33,191.89764,0.0,-0.15840816
19780.22,143.33,177.02194,0.0,-0.0637722
19780.42,143.33,169.24887,0.0,-0.014090061
19780.62,143.33,172.67763,0.0,-0.044880867
19780.82,143.33,178.35306,0.0,-0.03946805
19781.02,143.33,176.74478,0.0,-0.17358637
19781.22,143.33,193.72926,0.0,-0.13556671
19781.42,143.33,172.47281,0.0,-0.11256313
19781.62,143.33,190.86987,0.0,-0.22153807
19781.82,143.33,177.15701,0.0,-0.17256403
19782.02,143.33,181.14658,0.0,-0.15416002
19782.22,143.33,188.04306,0.0,-0.17971039
19782.42,143.33,177.30283,0.0,-0.21836042
19782.62,143.33,184.55188,0.0,-0.24552536
19782.82,143.33,195.26111,0.0,-0.23651743
19783.02,143.33,173.24728,0.0,-0.08617449
19783.22,143.33,186.9186,0.0,-0.20804548
19783.42,143.33,179.58945,0.0,-0.16661358
19783.62,143.33,169.90256,0.0,-0.018923998
19783.82,143.33,174.5015,0.0,-0.08429575
19784.02,143.33,183.0716,0.0,-0.09500837
19784.22,143.33,176.91719,0.0,-0.1836009
19784.42,143.33,187.21753,0.0,-0.13651848
19784.62,143.33,175.48613,0.0,-0.08950949
19784.82,143.33,176.7318,0.0,-0.16434622
19785.02,143.33,178.29126,0.0,-0.17801428
19785.22,143.33,178.10236,0.0,-0.076529026
19785.42,143.33,170.13788,0.0,-0.00040388107
19785.62,143.33,175.35974,0.0,-0.13066578
19785.82,143.33,180.85847,0.0,-0.16215563
19786.02,143.33,185.17535,0.0,-0.08497715
19786.22,143.33,181.56602,0.0,-0.07890129
19786.42,143.33,174.87616,0.0,-0.15594006
19786.62,143.33,181.4428,0.0,-0.127666
19786.82,143.33,179.49579,0.0,-0.07260704
19787.02,143.33,170.66998,0.0,-0.08306694
19787.22,143.33,179.97838,0.0,-0.013101578
19787.42,143.33,182.71573,0.0,-0.15672922
19787.62,143.33,173.19144,0.0,-0.10446787
19787.82,143.33,182.77957,0.0,-0.07053995
19788.02,143.33,167.97148,0.0,-0.09078169
19788.22,143.33,181.10947,0.0,0.0018515587
19788.42,143.33,160.99614,0.0,-0.0054135323
19788.62,143.33,174.82935,0.0,0.043610334
19788.82,143.33,165.93149,0.0,-0.053449154
19789.02,143.33,178.00589,0.0,-0.08767271
19789.22,143.33,182.9199,0.0,-0.10416794
19789.42,143.33,177.60889,0.0,-0.10551691
19789.62,143.33,170.61542,0.0,-0.0644536
19789.82,143.33,178.26508,0.0,-0.10409069
19790.02,143.33,175.05246,0.0,-0.06774616
19790.22,143.33,172.525,0.0,-0.17401266
19790.42,143.33,175.66907,0.0,-0.095671654
19790.62,143.33,187.91743,0.0,-0.13200283
19790.82,143.33,181.1608,0.0,-0.17442608
19791.02,143.33,181.8468,0.0,-0.12778997
19791.22,143.33,181.29477,0.0,-0.15275383
19791.42,143.33,176.28905,0.0,-0.061713696
19791.62,143.33,169.6802,0.0,-0.06221056
19791.82,143.33,172.68715,0.0,0.024459124
19792.02,143.33,174.23903,0.0,-0.03534317
19792.22,143.33,181.38605,0.0,-0.14907408
19792.42,143.33,165.21869,0.0,0.009218216
19792.62,143.33,161.91277,0.0,0.054476976
19792.82,143.33,181.39114,0.0,-0.13910341
19793.02,143.33,172.74243,0.0,-0.07325888
19793.22,143.33,161.66437,0.0,-0.022023916
19793.42,143.33,166.69618,0.0,0.11394453
19793.62,143.33,171.79846,0.0,-0.06561971
19793.82,143.33,162.1227,0.0,0.0154054165
19794.02,143.33,181.38768,0.0,-0.006215334
19794.22,143.33,183.52353,0.0,-0.16825914
19794.42,143.33,173.2645,0.0,-0.037858486
19794.62,143.33,160.14343,0.0,-0.007827759
19794.82,143.33,168.51587,0.0,-0.0009524822
19795.02,143.33,169.3533,0.0,-0.05038023
19795.22,143.33,180.84978,0.0,-0.06476855
19795.42,143.33,179.67618,0.0,-0.10876894
19795.62,143.33,175.61423,0.0,-0.10336971
19795.82,143.33,177.48267,0.0,0.052190065
19796.02,143.33,173.43088,0.0,-0.11359167
19796.22,143.33,166.95859,0.0,-0.008749962
19796.42,143.33,169.59341,0.0,0.10195804
19796.62,143.33,175.49893,0.0,-0.020353079
19796.82,143.33,157.30768,0.0,-0.06415701
19797.02,143.33,162.8407,0.0,0.02628994
19797.22,143.33,164.67224,0.0,0.09744048
19797.42,143.33,162.87164,0.0,-0.00481081
19797.62,143.33,171.60219,0.0,-0.016906977
19797.82,143.33,180.6549,0.0,-0.08377266
19798.02,143.33,176.3858,0.0,-0.033216238
19798.22,143.33,178.55298,0.0,0.0043210983
19798.42,143.33,182.7858,0.0,-0.12439203
19798.62,143.33,182.82632,0.0,-0.052945137
19798.82,143.33,172.27524,0.0,-0.10632038
19799.02,143.33,163.56839,0.0,0.047276497
19799.22,143.33,161.20766,0.0,0.08494425
19799.42,143.33,172.14719,0.0,0.02377987
19799.62,143.33,162.67313,0.0,0.074944735
19799.82,143.33,166.76163,0.0,0.0063488483
19800.02,0.0,173.2398,0.0,-0.026682854
19800.22,0.0,177.1878,0.0,0.04215479
19800.42,0.0,166.58536,0.0,-0.0076112747
19800.62,0.0,161.17549,0.0,0.021452188
19800.82,0.0,173.65256,0.0,0.030101538
19801.02,0.0,170.8465,0.0,-0.0035376549
19801.22,0.0,167.49017,0.0,-0.041946173
19801.42,0.0,167.94217,0.0,-0.030539274
19801.62,0.0,172.14955,0.0,-0.06303477
19801.82,0.0,173.44199,0.0,0.020948172
19802.02,0.0,175.67058,0.0,0.020486116
19802.21,0.0,176.98166,0.0,-0.15887547
19802.41,0.0,173.86874,0.0,-0.059656143
19802.61,0.0,182.73499,0.0,-0.04930091
19802.81,0.0,188.9434,0.0,-0.028650045
19803.01,0.0,163.00291,0.0,0.096227884
19803.21,0.0,160.61935,0.0,0.046893597
19803.41,0.0,165.56732,0.0,-0.05981016
19803.61,0.0,167.3288,0.0,-0.056916952
19803.81,0.0,162.34012,0.0,-0.022822142
19804.01,0.0,181.67627,0.0,-0.07857561
19804.21,0.0,169.87689,0.0,-0.001128912
19804.41,0.0,192.01677,0.0,-0.116929054
19804.61,0.0,171.43018,0.0,-0.06976557
19804.81,0.0,176.28615,0.0,0.005179167
19805.01,0.0,163.86047,0.0,-0.054503918
19805.21,0.0,177.47656,0.0,-0.019706726
19805.41,0.0,173.48111,0.0,-0.010447979
19805.61,0.0,176.58807,0.0,0.030233145
19805.81,0.0,166.59796,0.0,0.11385918
19806.01,0.0,181.56473,0.0,-0.029393673
19806.21,0.0,163.02657,0.0,0.020954847
19806.41,0.0,166.19066,0.0,0.038249254
19806.61,0.0,179.08493,0.0,-0.06404209
19806.81,0.0,166.90411,0.0,0.017515898
19807.01,0.0,165.55879,0.0,0.022019386
19807.21,0.0,174.01993,0.0,-0.053227186
19807.41,0.0,161.44315,0.0,0.12120581
19807.61,0.0,161.65944,0.0,0.114130974
19807.81,0.0,163.60452,0.0,0.026981115
19808.01,0.0,161.82343,0.0,0.0998559
19808.21,0.0,162.9071,0.0,-0.03516674
19808.41,0.0,162.58917,0.0,0.06958127
19808.61,0.0,149.05243,0.0,0.019158125
19808.81,0.0,171.46475,0.0,-0.020166397
19809.01,0.0,163.01453,0.0,-0.061210394
19809.21,0.0,156.81372,0.0,0.034621954
19809.41,0.0,160.84622,0.0,0.0099077225
19809.61,0.0,174.38327,0.0,-0.023282051
19809.81,0.0,175.67233,0.0,-0.038027287
19810.01,0.0,161.89294,0.0,-0.0049669743
19810.21,0.0,171.66348,0.0,0.053212643
19810.41,0.0,163.38513,0.0,-0.08992243
19810.61,0.0,165.65753,0.0,0.10854101
19810.81,0.0,153.83144,0.0,-0.00929594
19811.01,0.0,157.2059,0.0,0.03123045
19811.21,0.0,157.35297,0.0,-0.016414404
19811.41,0.0,161.52222,0.0,0.008084059
19811.61,0.0,153.6765,0.0,0.122523785
19811.81,0.0,156.305,0.0,-0.08408451
19812.01,0.0,169.56223,0.0,0.067881346
19812.21,0.0,164.81625,0.0,-0.0028607845
19812.41,0.0,160.51886,0.0,0.0027074814
19812.61,0.0,172.80377,0.0,-0.039586782
19812.81,0.0,171.58319,0.0,-0.054335356
19813.01,0.0,165.92003,0.0,-0.061305046
19813.21,0.0,171.75705,0.0,0.106161594
19813.41,0.0,166.32059,0.0,0.0076873302
19813.61,0.0,147.87851,0.0,-0.06144309
19813.81,0.0,165.81485,0.0,-0.02505064
19814.01,0.0,152.19058,0.0,0.09611893
19814.21,0.0,138.42146,0.0,0.1327219
19814.41,0.0,143.85791,0.0,0.08180523
19814.61,0.0,132.49191,0.0,0.118639946
19814.81,0.0,133.32327,0.0,-0.04936886
19815.01,0.0,129.35425,0.0,0.18499207
19815.21,0.0,92.34169,0.0,0.18058968
19815.41,0.0,79.13819,0.0,0.15014124
19815.61,0.0,74.659836,0.0,0.06746459
19815.81,0.0,68.88533,0.0,0.08848429
19816.01,0.0,34.860703,0.0,-0.05146575
19816.21,0.0,50.412445,0.0,0.059391975
19816.41,0.0,33.31618,0.0,0.07131863
19816.61,0.0,39.740387,0.0,0.04962921
19816.81,0.0,32.074104,0.0,0.08624601
19817.01,0.0,22.217735,0.0,0.109249115
19817.21,0.0,23.309444,0.0,0.05239296
19817.41,0.0,22.857517,0.0,0.06587434
19817.61,0.0,24.990604,0.0,0.082592964
19817.81,0.0,14.3021965,0.0,0.068137884
19818.01,0.0,20.200886,0.0,0.0908761
19818.21,0.0,14.077602,0.0,0.0024607182
19818.41,0.0,16.46634,0.0,0.031073093
19818.61,0.0,16.10571,0.0,-0.0077602863
19818.81,0.0,15.492111,0.0,-0.0022203922
19819.01,0.0,11.021179,0.0,0.0068318844
19819.21,0.0,12.670948,0.0,-0.007378578
19819.41,0.0,11.780407,0.0,-0.02948761
19819.61,0.0,11.055542,0.0,-0.023863077
19819.81,0.0,10.691124,0.0,-0.019175768
19820.01,0.0,11.725117,0.0,-0.018477201
19820.21,0.0,11.173103,0.0,-0.0133423805
19820.41,0.0,9.36771,0.0,-0.020118475
19820.61,0.0,10.029556,0.0,-0.020798922
19820.81,0.0,8.896469,0.0,0.03621626
19821.01,0.0,8.391739,0.0,0.0011389256
19821.21,0.0,7.744339,0.0,0.016314983
19821.41,0.0,8.026245,0.0,-0.011809349
19821.61,0.0,8.139236,0.0,-0.01986885
19821.81,0.0,9.193695,0.0,-0.0044772625
19822.01,0.0,9.198116,0.0,-0.017227411
19822.21,0.0,9.281155,0.0,0.027617455
19822.41,0.0,7.1104965,0.0,0.019248009
19822.61,0.0,8.257591,0.0,0.011436462
19822.81,0.0,7.2546387,0.0,-0.00761652
19823.01,0.0,6.875679,0.0,0.028516054
19823.21,0.0,6.0847015,0.0,0.026340485
19823.41,0.0,7.086212,0.0,0.016749859
19823.61,0.0,6.400749,0.0,0.020670414
19823.81,0.0,6.6607513,0.0,0.03623748
19824.01,0.0,5.423218,0.0,0.024124384
19824.21,0.0,6.586235,0.0,0.011498213
19824.41,0.0,6.467758,0.0,0.015714645
19824.61,0.0,6.020851,0.0,0.01862669
19824.81,0.0,5.8365707,0.0,0.022684336
19825.01,0.0,5.8628845,0.0,0.027208805
19825.21,0.0,6.219223,0.0,0.028924227
19825.41,0.0,5.90329,0.0,0.048187256
19825.61,0.0,6.08049,0.0,0.029822826
19825.81,0.0,5.520653,0.0,0.04184389
19826.01,0.0,4.7495956,0.0,0.026609182
19826.21,0.0,5.445137,0.0,0.0107040405
19826.41,0.0,5.9126205,0.0,0.05106473
19826.61,0.0,5.0025635,0.0,0.052284718
19826.81,0.0,5.8831024,0.0,0.035213232
19827.01,0.0,4.6852264,0.0,0.054380417
19827.21,0.0,4.8441086,0.0,0.019005775
19827.41,0.0,4.9757233,0.0,0.060502768
19827.61,0.0,4.2882385,0.0,0.04873228
19827.81,0.0,4.929207,0.0,0.03601384
19828.01,0.0,6.0239487,0.0,0.029512644
19828.21,0.0,5.6708145,0.0,0.044450045
19828.41,0.0,4.806938,0.0,0.035742998
19828.61,0.0,4.1172104,0.0,0.06205082
19828.81,0.0,4.8472595,0.0,0.04677987
19829.01,0.0,3.8402405,0.0,0.07397771
19829.21,0.0,3.6178207,0.0,0.09177065
19829.41,0.0,3.4468231,0.0,0.06667471
19829.61,0.0,4.0163956,0.0,0.068059206
19829.81,0.0,4.2313538,0.0,0.07735467
19830.01,0.0,4.5021133,0.0,0.066637516
19830.21,0.0,3.6869812,0.0,0.08160615
19830.41,0.0,3.6041794,0.0,0.0653739
19830.61,0.0,4.286255,0.0,0.07174873
19830.81,0.0,3.4938126,0.0,0.06400442
19831.01,0.0,3.916298,0.0,0.05030179
19831.21,0.0,3.9963913,0.0,0.060634613
19831.41,0.0,3.4191132,0.0,0.059063673
19831.61,0.0,4.147827,0.0,0.07683849
19831.81,0.0,3.3950806,0.0,0.077757835
19832.01,0.0,3.5310898,0.0,0.06595874
19832.21,0.0,3.083107,0.0,0.07362318
19832.41,0.0,3.4283752,0.0,0.067815304
19832.61,0.0,3.0357132,0.0,0.09165907
19832.81,0.0,2.382637,0.0,0.10427952
19833.01,0.0,2.6859894,0.0,0.06139469
19833.21,0.0,3.675354,0.0,0.04172373
19833.41,0.0,3.1472015,0.0,0.075252056
19833.61,0.0,2.8369446,0.0,0.07943797
19833.81,0.0,3.6982727,0.0,0.037262917
19834.01,0.0,4.3355026,0.0,0.056999207
19834.21,0.0,3.0783157,0.0,0.08441472
19834.41,0.0,2.9038773,0.0,0.07133603
19834.61,0.0,2.9161453,0.0,0.06930399
19834.81,0.0,2.8921432,0.0,0.07713485
19835.01,0.0,2.5745773,0.0,0.09574103
19835.21,0.0,2.5857391,0.0,0.08756018
19835.41,0.0,2.843933,0.0,0.053870916
19835.61,0.0,2.479103,0.0,0.07707095
19835.81,0.0,2.3251953,0.0,0.06845856
19836.01,0.0,2.4648895,0.0,0.07141709
19836.21,0.0,2.0022812,0.0,0.098517895
19836.41,0.0,2.7949905,0.0,0.05745101
19836.61,0.0,2.9750977,0.0,0.081994295
19836.81,0.0,2.4536514,0.0,0.07233572
19837.01,0.0,2.150795,0.0,0.060470343
19837.21,0.0,2.8820572,0.0,0.056634188
19837.41,0.0,2.5759964,0.0,0.040593386
19837.61,0.0,2.7995453,0.0,0.046729326
19837.81,0.0,2.1118011,0.0,0.091084
19838.01,0.0,2.1203537,0.0,0.0661273
19838.21,0.0,2.3271484,0.0,0.06862831
19838.41,0.0,2.7776642,0.0,0.055979967
19838.61,0.0,1.9056091,0.0,0.06919837
19838.81,0.0,2.1192245,0.0,0.12244892
19839.01,0.0,2.3035126,0.0,0.08131838
19839.21,0.0,2.363182,0.0,0.06998062
19839.41,0.0,2.086937,0.0,0.09421992
19839.61,0.0,2.6215668,0.0,0.034177065
19839.81,0.0,2.3921967,0.0,0.04369116
19840.01,0.0,3.3013153,0.0,0.02821827
19840.21,0.0,3.181572,0.0,0.029741764
19840.41,0.0,3.1319885,0.0,0.06493044
19840.61,0.0,2.6441727,0.0,0.05240798
19840.81,0.0,3.086197,0.0,0.050582886
19841.01,0.0,2.1082535,0.0,0.030619383
19841.21,0.0,2.9573593,0.0,0.028047085
19841.41,0.0,2.3207474,0.0,0.051627636
19841.61,0.0,2.225647,0.0,0.038763046
19841.81,0.0,2.6015167,0.0,0.067920685
19842.01,0.0,2.1938553,0.0,0.087468624
19842.21,0.0,2.0843277,0.0,0.0773294
19842.41,0.0,1.639389,0.0,0.035295963
19842.61,0.0,2.326538,0.0,0.054750204
19842.81,0.0,1.8536911,0.0,0.05027771
19843.01,0.0,1.7514954,0.0,0.060825825
19843.21,0.0,2.0505447,0.0,0.037742853
19843.41,0.0,2.4009018,0.0,0.02969861
19843.61,0.0,2.1976242,0.0,0.06415129
19843.81,0.0,1.8694229,0.0,0.04662323
19844.01,0.0,2.2976913,0.0,0.024911404
19844.21,0.0,2.0247955,0.0,0.03572321
19844.41,0.0,1.7277756,0.0,0.05897975
19844.61,0.0,1.7202835,0.0,0.043376923
19844.81,0.0,1.6821136,0.0,0.04959774
19845.01,0.0,1.9860382,0.0,0.011501312
19845.21,0.0,2.5777664,0.0,0.025213957
19845.41,0.0,1.5565186,0.0,0.0596807
19845.61,0.0,1.704567,0.0,0.03445053
19845.81,0.0,1.7004166,0.0,0.045957804
19846.01,0.0,1.7843246,0.0,0.04642105
19846.21,0.0,1.8690643,0.0,0.026894808
19846.41,0.0,2.0235596,0.0,0.03154111
19846.61,0.0,1.7886658,0.0,0.0356915
19846.81,0.0,2.0295868,0.0,0.035598516
19847.01,0.0,2.178543,0.0,0.019353628
19847.21,0.0,1.5998459,0.0,0.056225777
19847.41,0.0,1.8552017,0.0,0.06437492
19847.61,0.0,2.0718765,0.0,0.022129059
19847.81,0.0,2.3384094,0.0,-0.006219864
19848.01,0.0,1.9931183,0.0,0.022421598
19848.21,0.0,1.7044754,0.0,0.04534149
19848.41,0.0,2.1389465,0.0,0.011072397
19848.61,0.0,1.8986435,0.0,0.016474485
19848.81,0.0,2.3128738,0.0,0.022408724
19849.01,0.0,2.301834,0.0,0.0036525726
19849.21,0.0,2.2527313,0.0,0.0030465126
19849.41,0.0,2.6320267,0.0,-0.0042619705
19849.61,0.0,2.444191,0.0,0.014300585
19849.81,0.0,1.8139572,0.0,0.022366524
19850.01,0.0,1.9446335,0.0,0.03578806
19850.21,0.0,1.9821014,0.0,0.0052723885
19850.41,0.0,1.7085114,0.0,0.023328304
19850.61,0.0,1.7953262,0.0,0.03828931
19850.81,0.0,1.6852493,0.0,0.014765739
19851.01,0.0,1.6682205,0.0,0.015988827
19851.21,0.0,2.282486,0.0,-0.005779505
19851.41,0.0,2.3846664,0.0,0.009997368
19851.61,0.0,1.6820755,0.0,0.014568567
19851.81,0.0,2.4585114,0.0,0.034310818
19852.01,0.0,1.2580261,0.0,0.03958845
19852.21,0.0,2.2330246,0.0,-0.024246454
19852.41,0.0,2.6301804,0.0,0.009114981
19852.61,0.0,2.0645676,0.0,-0.0006916523
19852.81,0.0,1.4989929,0.0,0.021931648
19853.01,0.0,1.802208,0.0,0.0077221394
19853.21,0.0,1.9025726,0.0,-0.016563654
19853.41,0.0,1.9138107,0.0,-0.0212636
19853.61,0.0,1.9744644,0.0,-0.018006802
19853.81,0.0,1.9127731,0.0,-0.01059556
19854.01,0.0,1.5250015,0.0,-0.0013432503
19854.21,0.0,2.1161728,0.0,-0.022305489
19854.41,0.0,2.4148254,0.0,-0.03357935
19854.61,0.0,2.6731339,0.0,-0.013551235
19854.81,0.0,2.3751068,0.0,-0.01682806
19855.01,0.0,1.6256256,0.0,0.002512455
19855.21,0.0,2.371231,0.0,-0.029589176
19855.41,0.0,2.4538574,0.0,-0.006700039
19855.61,0.0,1.9337082,0.0,-0.018991232
19855.81,0.0,2.1987,0.0,-0.0123074055
19856.01,0.0,2.1063461,0.0,-0.017070293
19856.21,0.0,1.4427872,0.0,0.0040483475
19856.41,0.0,1.5312805,0.0,0.020453215
19856.61,0.0,1.6906357,0.0,-0.021093607
19856.81,0.0,2.5107803,0.0,-0.02807641
19857.01,0.0,1.7503433,0.0,-0.027233124
19857.21,0.0,2.0917282,0.0,-0.023161173
19857.41,0.0,1.701149,0.0,-0.0072305202
19857.61,0.0,2.1542892,0.0,-0.02860713
19857.81,0.0,1.7115707,0.0,-0.0016081333
19858.01,0.0,1.6726074,0.0,-0.025042772
19858.21,0.0,1.8156815,0.0,-0.037177563
19858.41,0.0,1.8359909,0.0,-0.011880159
19858.61,0.0,1.6620178,0.0,-0.025041819
19858.81,0.0,2.575966,0.0,-0.04127693
19859.01,0.0,1.9023209,0.0,-0.03202033
19859.21,0.0,1.6492767,0.0,-0.024640083
19859.41,0.0,2.3744583,0.0,-0.05095911
19859.61,0.0,2.268776,0.0,-0.029832602
19859.81,0.0,2.0756378,0.0,-0.047264576
19860.01,0.0,1.8463364,0.0,-0.0315907
19860.21,0.0,2.8914719,0.0,-0.036314487
19860.41,0.0,2.4141617,0.0,-0.026051283
19860.61,0.0,1.9876709,0.0,-0.018544197
19860.81,0.0,1.8542252,0.0,-0.035907984
19861.01,0.0,3.0232773,0.0,-0.05435562
19861.21,0.0,2.6992188,0.0,-0.048894405
19861.41,0.0,2.3111877,0.0,-0.033058643
19861.61,0.0,2.3365097,0.0,-0.03396821
19861.81,0.0,2.9910278,0.0,-0.048389435
19862.01,0.0,2.9370193,0.0,-0.041234016
19862.21,0.0,2.480896,0.0,-0.056543827
19862.41,0.0,2.6884308,0.0,-0.050578594
19862.61,0.0,2.9704208,0.0,-0.054531813
19862.81,0.0,2.9494095,0.0,-0.049870253
19863.01,0.0,2.5542068,0.0,-0.052012444
19863.21,0.0,2.4994354,0.0,-0.06386638
19863.41,0.0,2.4045486,0.0,-0.041258812
19863.61,0.0,2.1269302,0.0,-0.03878665
19863.81,0.0,2.1817322,0.0,-0.043452024
19864.01,0.0,2.5790482,0.0,-0.06600428
19864.21,0.0,2.0197678,0.0,-0.021368742
19864.41,0.0,1.7601929,0.0,-0.05733919
19864.61,0.0,2.1905975,0.0,-0.040014982
19864.81,0.0,2.3539734,0.0,-0.04449582
19865.01,0.0,3.0996475,0.0,-0.034854412
19865.21,0.0,3.679718,0.0,-0.018436193
19865.41,0.0,2.565956,0.0,-0.061454296
19865.61,0.0,2.3826828,0.0,-0.06361532
19865.81,0.0,2.070816,0.0,-0.045400143
19866.01,0.0,3.1480865,0.0,-0.057888985
19866.21,0.0,2.7563782,0.0,-0.055841923
19866.41,0.0,2.8043213,0.0,-0.047971964
19866.61,0.0,2.6996765,0.0,-0.066527605
19866.81,0.0,2.4306793,0.0,-0.0667994
19867.01,0.0,2.8400269,0.0,-0.05573225
19867.21,0.0,3.1752548,0.0,-0.06548619
19867.41,0.0,3.179924,0.0,-0.033617973
19867.61,0.0,2.7843094,0.0,-0.042392492
19867.81,0.0,2.2572937,0.0,-0.05149865
19868.01,0.0,1.957634,0.0,-0.053167105
19868.21,0.0,2.5564804,0.0,-0.044342518
19868.41,0.0,2.560318,0.0,-0.05347538
19868.61,0.0,2.7382126,0.0,-0.064302444
19868.81,0.0,2.5321426,0.0,-0.020984411
19869.01,0.0,2.2743301,0.0,-0.071937084
19869.21,0.0,2.2794495,0.0,-0.05186677
19869.41,0.0,2.6955109,0.0,-0.03847885
19869.61,0.0,3.8298264,0.0,-0.037873507
19869.81,0.0,2.5920715,0.0,-0.062178135
19870.01,0.0,2.0359344,0.0,-0.060007095
19870.21,0.0,2.7865524,0.0,-0.08508301
19870.41,0.0,3.9631882,0.0,-0.032531023
19870.61,0.0,3.3530426,0.0,-0.050740004
19870.81,0.0,2.5898209,0.0,-0.068225384
19871.01,0.0,2.5770035,0.0,-0.0721488
19871.21,0.0,3.4638977,0.0,-0.046268463
19871.41,0.0,3.1488419,0.0,-0.055235863
19871.61,0.0,2.8974838,0.0,-0.05866146
19871.81,0.0,3.4612808,0.0,-0.05149126
19872.01,0.0,3.13826,0.0,-0.07532787
19872.21,0.0,3.996704,0.0,-0.06064558
19872.41,0.0,2.9410782,0.0,-0.09023476
19872.61,0.0,2.716858,0.0,-0.06733799
19872.81,0.0,3.2296753,0.0,-0.06001568
19873.01,0.0,4.380638,0.0,-0.04513359
19873.21,0.0,3.7772446,0.0,-0.0741086
19873.41,0.0,3.471466,0.0,-0.051880836
19873.61,0.0,3.4971924,0.0,-0.066583395
19873.81,0.0,3.3285599,0.0,-0.07274151
19874.01,0.0,2.565216,0.0,-0.05753994
19874.21,0.0,4.750435,0.0,-0.027006626
19874.41,0.0,3.6228943,0.0,-0.08302212
19874.61,0.0,3.6094437,0.0,-0.08908939
19874.81,0.0,3.0932465,0.0,-0.066911936
19875.01,0.0,3.6370544,0.0,-0.06613827
19875.21,0.0,4.8577347,0.0,-0.018034697
19875.41,0.0,4.3955917,0.0,-0.04893756
19875.61,0.0,3.356598,0.0,-0.060432434
19875.81,0.0,2.5329895,0.0,-0.05926919
19876.01,0.0,4.5281677,0.0,-0.055912733
19876.21,0.0,4.002968,0.0,-0.09353113
19876.41,0.0,3.8550186,0.0,-0.079389095
19876.61,0.0,3.9549484,0.0,-0.09619951
19876.81,0.0,2.9376373,0.0,-0.091679096
19877.01,0.0,3.4588547,0.0,-0.07545519
19877.21,0.0,2.9350739,0.0,-0.0843091
19877.41,0.0,5.2089615,0.0,-0.0440557
19877.61,0.0,4.2510376,0.0,-0.08651018
19877.81,0.0,3.7984161,0.0,-0.08147144
19878.01,0.0,3.7460098,0.0,-0.031488657
19878.21,0.0,3.1987534,0.0,-0.052339077
19878.41,0.0,4.060608,0.0,-0.03989649
19878.61,0.0,3.681038,0.0,-0.07115126
19878.81,0.0,5.0855713,0.0,-0.08766031
19879.01,0.0,3.9567795,0.0,-0.1004076
19879.21,0.0,4.1866837,0.0,-0.1001873
19879.41,0.0,2.9253464,0.0,-0.08889103
19879.61,0.0,4.650032,0.0,-0.04573965
19879.81,0.0,5.999771,0.0,-0.016563892
19880.01,0.0,5.140251,0.0,-0.055829287
19880.21,0.0,4.1151276,0.0,-0.07453346
19880.41,0.0,4.6339874,0.0,-0.0413239
19880.61,0.0,4.726021,0.0,-0.008176804
19880.81,0.0,4.3445053,0.0,-0.031311274
19881.01,0.0,5.8392487,0.0,-0.05476117
19881.21,0.0,5.624466,0.0,-0.06098342
19881.41,0.0,4.0050735,0.0,-0.051195383
19881.61,0.0,4.2455597,0.0,-0.06598902
19881.81,0.0,4.8242416,0.0,-0.12081194
19882.01,0.0,4.4721375,0.0,-0.10054064
19882.21,0.0,6.5872498,0.0,-0.021526337
19882.41,0.0,5.4665604,0.0,-0.056462288
19882.61,0.0,6.842125,0.0,-0.08043623
19882.81,0.0,4.6615753,0.0,-0.08052778
19883.01,0.0,4.079544,0.0,-0.069167376
19883.21,0.0,4.5854034,0.0,-0.07481718
19883.41,0.0,5.663162,0.0,-0.03975272
19883.61,0.0,6.5153427,0.0,0.007849455
19883.81,0.0,6.3367386,0.0,-0.05609274
19884.01,0.0,4.2906723,0.0,-0.06373119
19884.21,0.0,4.4312363,0.0,-0.071837425
19884.41,0.0,4.0662003,0.0,-0.10946274
19884.61,0.0,4.2482224,0.0,-0.095125675
19884.81,0.0,3.467125,0.0,-0.052597523
19885.01,0.0,5.6282043,0.0,-0.013953924
19885.21,0.0,3.638092,0.0,-0.06715751
19885.41,0.0,5.572731,0.0,-0.08621693
19885.61,0.0,6.004944,0.0,-0.061935186
19885.81,0.0,4.870064,0.0,-0.07524681
19886.01,0.0,5.5141754,0.0,-0.10030413
19886.21,0.0,9.204212,0.0,0.009736776
19886.41,0.0,6.085106,0.0,-0.054216623
19886.61,0.0,4.7126007,0.0,-0.055586576
19886.81,0.0,7.872612,0.0,-0.057091713
19887.01,0.0,6.777542,0.0,-0.01870966
19887.21,0.0,5.3396454,0.0,-0.103867054
19887.41,0.0,5.140709,0.0,-0.087465286
19887.61,0.0,9.170441,0.0,-0.057935715
19887.81,0.0,12.080406,0.0,0.004989624
19888.01,0.0,9.303585,0.0,-0.019402742
19888.21,0.0,7.9426346,0.0,0.0114142895
19888.41,0.0,8.423561,0.0,0.0060732365
19888.61,0.0,5.8017807,0.0,-0.09681368
19888.81,0.0,7.2152405,0.0,-0.013032436
19889.01,0.0,8.430504,0.0,-0.084487915
19889.21,0.0,6.1762924,0.0,-0.08444023
19889.41,0.0,10.854504,0.0,-0.023165464
19889.61,0.0,10.189301,0.0,0.037712812
19889.81,0.0,8.693527,0.0,0.028523922
19890.01,0.0,7.0782013,0.0,-0.023955584
19890.21,0.0,6.26577,0.0,-0.054208517
19890.41,0.0,5.3607483,0.0,-0.09138918
19890.61,0.0,7.1155167,0.0,-0.027540922
19890.81,0.0,10.682148,0.0,0.029634714
19891.01,0.0,5.1913757,0.0,-0.024076462
19891.21,0.0,8.6933975,0.0,0.033792496
19891.41,0.0,10.422012,0.0,0.03484726
19891.61,0.0,11.322945,0.0,0.038511276
19891.81,0.0,7.019165,0.0,-0.043935776
19892.01,0.0,7.8655777,0.0,-0.057810545
19892.21,0.0,7.461067,0.0,-0.0294168
19892.41,0.0,11.747105,0.0,0.005097389
19892.61,0.0,15.698921,0.0,0.017751217
19892.81,0.0,8.729958,0.0,-0.031171083
19893.01,0.0,8.180664,0.0,-0.022743464
19893.21,0.0,9.134491,0.0,-0.037770987
19893.41,0.0,8.602959,0.0,-0.03489852
19893.61,0.0,15.943726,0.0,0.07452726
19893.81,0.0,13.781567,0.0,0.022311926
19894.01,0.0,13.7710495,0.0,0.09360552
19894.21,0.0,8.764122,0.0,0.028514385
19894.41,0.0,12.438923,0.0,0.07189131
19894.61,0.0,9.497456,0.0,-0.015450001
19894.81,0.0,8.363907,0.0,-0.0654273
19895.01,0.0,13.544945,0.0,0.043336153
19895.21,0.0,13.956684,0.0,0.027283669
19895.41,0.0,11.372421,0.0,-0.0020763874
19895.61,0.0,9.940556,0.0,0.002023697
19895.81,0.0,13.141262,0.0,0.041614532
19896.01,0.0,15.578068,0.0,0.0010285378
19896.21,0.0,14.640102,0.0,0.055402994
19896.41,0.0,14.522831,0.0,0.029024124
19896.61,0.0,16.71431,0.0,0.039586782
19896.81,0.0,12.010082,0.0,0.012161732
19897.01,0.0,12.287609,0.0,-0.035420895
19897.21,0.0,11.770771,0.0,0.0031092167
19897.41,0.0,9.078712,0.0,-0.09702635
19897.61,0.0,12.566471,0.0,-0.042173862
19897.81,0.0,22.979748,0.0,0.08811855
19898.01,0.0,22.755276,0.0,0.04202795
19898.21,0.0,26.329433,0.0,0.114411116
19898.41,0.0,21.21772,0.0,0.05561924
19898.61,0.0,21.440857,0.0,0.11893225
19898.81,0.0,8.783279,0.0,-0.0633111
19899.01,0.0,12.686131,0.0,-0.028973103
19899.21,0.0,25.723896,0.0,0.11810994
19899.41,0.0,14.303165,0.0,0.08185673
19899.61,0.0,16.410332,0.0,0.0866065
19899.81,0.0,33.401337,0.0,0.18287039
19900.01,0.0,26.813484,0.0,0.10412693
19900.21,0.0,8.492592,0.0,-0.07678127
19900.41,0.0,24.363857,0.0,0.14689565
19900.61,0.0,17.685917,0.0,0.0037584305
19900.81,0.0,24.584282,0.0,0.03266573
19901.01,0.0,13.922771,0.0,0.055034637
19901.21,0.0,7.578171,0.0,-0.16089106
19901.41,0.0,15.533989,0.0,0.02709198
19901.61,0.0,10.467419,0.0,0.0027487278
19901.81,0.0,13.092735,0.0,0.049114227
19902.01,0.0,23.592213,0.0,0.13535428
19902.21,0.0,17.563828,0.0,0.03489113
19902.41,0.0,22.611149,0.0,0.111213446
19902.61,0.0,30.007385,0.0,0.13820052
19902.81,0.0,17.411755,0.0,-0.007248163
19903.01,0.0,16.809746,0.0,0.041754246
19903.21,0.0,17.21305,0.0,0.036081076
19903.41,0.0,11.815533,0.0,-0.011458874
19903.61,0.0,19.246037,0.0,0.05479741
19903.81,0.0,34.36585,0.0,0.13977242
19904.01,0.0,29.768734,0.0,0.1507976
19904.21,0.0,41.37816,0.0,0.22800922
19904.41,0.0,38.469383,0.0,0.19531298
19904.61,0.0,24.954876,0.0,0.097293615
19904.81,0.0,15.017967,0.0,0.0070631504
19905.01,0.0,14.394264,0.0,-0.11077833
19905.21,0.0,21.333721,0.0,-0.04923582
19905.41,0.0,32.104298,0.0,0.025592566
19905.61,0.0,27.18637,0.0,0.15027642
19905.81,0.0,29.534504,0.0,0.12560129
19906.01,0.0,31.920105,0.0,0.17820787
19906.21,0.0,27.372673,0.0,0.14613414
19906.41,0.0,23.759941,0.0,0.100875854
19906.61,0.0,34.444782,0.0,0.09729886
19906.81,0.0,34.56675,0.0,0.048184395
19907.01,0.0,34.95409,0.0,0.11291981
19907.21,0.0,26.98452,0.0,0.13656521
19907.41,0.0,14.643223,0.0,-0.0071029663
19907.61,0.0,18.463753,0.0,0.0025520325
19907.81,0.0,18.362923,0.0,-0.022114038
19908.01,0.0,35.893387,0.0,0.049048185
19908.21,0.0,33.96402,0.0,0.023255825
19908.41,0.0,17.598003,0.0,-0.045514584
19908.61,0.0,18.998436,0.0,-0.14392614
19908.81,0.0,12.179024,0.0,-0.09041309
19909.01,0.0,16.139343,0.0,0.067857265
19909.21,0.0,20.25327,0.0,0.07147884
19909.41,0.0,16.753838,0.0,-0.08415127
19909.61,0.0,16.228634,0.0,-0.034567595
19909.81,0.0,16.253746,0.0,-0.11833
19910.01,0.0,28.840569,0.0,-0.024623156
19910.21,0.0,30.336575,0.0,0.16668177
19910.41,0.0,33.143932,0.0,0.08840346
19910.61,0.0,19.884995,0.0,0.074329615
19910.81,0.0,47.241657,0.0,0.25389218
19911.01,0.0,50.0434,0.0,0.2117877
19911.21,0.0,45.996304,0.0,0.14152122
19911.41,0.0,77.3345,0.0,0.1963141
19911.61,0.0,21.081734,0.0,0.06816602
19911.81,0.0,18.341537,0.0,-0.10552263
19912.01,0.0,22.47153,0.0,-0.10519314
19912.21,0.0,37.062885,0.0,0.12964582
19912.41,0.0,17.846214,0.0,-0.05008912
19912.61,0.0,25.450314,0.0,-0.07360172
19912.81,0.0,37.009052,0.0,0.17892957
19913.01,0.0,19.994267,0.0,0.003222227
19913.21,0.0,11.938953,0.0,-0.099386215
19913.41,0.0,21.034786,0.0,0.013381481
19913.61,0.0,35.335743,0.0,0.0855639
19913.81,0.0,45.66643,0.0,0.21842813
19914.01,0.0,37.18079,0.0,0.12438536
19914.21,0.0,18.52681,0.0,0.0122663975
19914.41,0.0,22.776535,0.0,0.0474298
19914.61,0.0,24.606022,0.0,0.05768943
19914.81,0.0,54.91124,0.0,0.22481203
19915.01,0.0,76.876945,0.0,0.23755622
19915.21,0.0,31.520107,0.0,0.12368965
19915.41,0.0,26.828873,0.0,0.064474344
19915.61,0.0,18.874725,0.0,-0.03423381
19915.81,0.0,65.16339,0.0,-0.01933074
19916.01,0.0,34.879333,0.0,0.07373881
19916.21,0.0,32.205257,0.0,0.07499194
19916.41,0.0,23.451015,0.0,0.034357548
19916.61,0.0,55.582138,0.0,0.24728847
19916.81,0.0,20.445992,0.0,0.047832012
19917.01,0.0,89.733215,0.0,0.06941128
19917.21,0.0,82.77229,0.0,0.2898357
19917.41,0.0,39.311,0.0,0.1932447
19917.61,0.0,50.709305,0.0,0.22544074
19917.81,0.0,21.32735,0.0,0.12774682
19918.01,0.0,11.837963,0.0,-0.053883314
19918.21,0.0,20.363052,0.0,-0.017923117
19918.41,0.0,15.826935,0.0,-0.09320736
19918.61,0.0,18.658043,0.0,-0.016249657
19918.81,0.0,14.308834,0.0,0.05927229
19919.01,0.0,15.860306,0.0,-0.0028147697
19919.21,0.0,25.892212,0.0,0.11423993
19919.41,0.0,23.369614,0.0,0.12248945
19919.61,0.0,18.741215,0.0,0.010109901
19919.81,0.0,14.74939,0.0,-0.111073494
19920.01,0.0,36.928806,0.0,0.13330245
19920.21,0.0,22.10093,0.0,0.14862204
19920.41,0.0,17.27573,0.0,-0.018502474
19920.61,0.0,19.47166,0.0,0.06476474
19920.81,0.0,39.456688,0.0,0.16615319
19921.01,0.0,20.445915,0.0,-0.0068557262
19921.21,0.0,32.350796,0.0,-0.059696436
19921.41,0.0,21.835472,0.0,0.031713724
19921.61,0.0,19.27039,0.0,-0.0007927418
19921.81,0.0,39.15942,0.0,0.27640438
19922.01,0.0,32.768784,0.0,0.1672163
19922.21,0.0,16.04095,0.0,-0.0884099
19922.41,0.0,28.511189,0.0,0.0145635605
19922.61,0.0,25.43681,0.0,0.07019305
19922.81,0.0,18.507217,0.0,-0.10813093
19923.01,0.0,26.971031,0.0,-0.13130522
19923.21,0.0,28.362518,0.0,0.14170933
19923.41,0.0,11.128269,0.0,-0.11936998
19923.61,0.0,10.667442,0.0,-0.18616104
19923.81,0.0,26.100277,0.0,-0.22140694
19924.01,0.0,30.19751,0.0,-0.017867327
19924.21,0.0,34.521294,0.0,0.15185523
19924.41,0.0,16.774227,0.0,0.031119585
19924.61,0.0,24.021671,0.0,-0.04446435
19924.81,0.0,21.724522,0.0,0.088674545
19925.01,0.0,8.654205,0.0,-0.23875856
19925.21,0.0,12.250496,0.0,-0.12830257
19925.41,0.0,24.275131,0.0,0.042945385
19925.61,0.0,22.569386,0.0,0.060758352
19925.81,0.0,20.0009,0.0,0.07635975
19926.01,0.0,28.015995,0.0,0.13121724
19926.21,0.0,14.080994,0.0,-0.15404654
19926.41,0.0,21.683376,0.0,-0.070979595
19926.61,0.0,22.259396,0.0,-0.06877303
19926.81,0.0,13.811897,0.0,-0.13080645
19927.01,0.0,33.768623,0.0,0.06149149
19927.21,0.0,59.047997,0.0,0.049048185
19927.41,0.0,26.883038,0.0,0.042198658
19927.61,0.0,37.026886,0.0,0.09689164
19927.81,0.0,34.847633,0.0,0.17939925
19928.01,0.0,20.772812,0.0,0.09277105
19928.21,0.0,15.051868,0.0,-0.014919043
19928.41,0.0,29.023571,0.0,0.1037879
19928.61,0.0,21.635834,0.0,0.01509428
19928.81,0.0,10.100323,0.0,-0.109972954
19929.01,0.0,8.918373,0.0,-0.15769911
19929.21,0.0,16.29496,0.0,-0.08973646
19929.41,0.0,37.858505,0.0,0.12862992
19929.61,0.0,14.67588,0.0,0.025770664
19929.81,0.0,6.865387,0.0,-0.19020605
19930.01,0.0,15.466663,0.0,-0.12873459
19930.21,0.0,49.142097,0.0,0.103102684
19930.41,0.0,37.612606,0.0,0.18906951
19930.61,0.0,28.280231,0.0,0.07002592
19930.81,0.0,32.214695,0.0,0.15087175
19931.01,0.0,13.690338,0.0,-0.005092621
19931.21,0.0,26.246292,0.0,0.054012775
19931.41,0.0,23.449615,0.0,-0.014268398
19931.61,0.0,21.020275,0.0,0.031494617
19931.81,0.0,14.506302,0.0,-0.06968069
19932.01,0.0,12.591705,0.0,-0.017032146
19932.21,0.0,12.1887245,0.0,-0.035469055
19932.41,0.0,10.498661,0.0,-0.13696957
19932.61,0.0,7.310158,0.0,-0.16556168
19932.81,0.0,14.220325,0.0,-0.13217306
19933.01,0.0,17.884747,0.0,-0.22605753
19933.21,0.0,9.776733,0.0,-0.16271019
19933.41,0.0,9.575893,0.0,-0.20293665
19933.61,0.0,16.42205,0.0,-0.03150606
19933.81,0.0,10.666927,0.0,-0.070174694
19934.01,0.0,14.245483,0.0,-0.14248276
19934.21,0.0,12.694584,0.0,-0.20030689
19934.41,0.0,19.856796,0.0,-0.1305604
19934.61,0.0,18.668934,0.0,0.03020978
19934.81,0.0,16.686283,0.0,-0.041570663
19935.01,0.0,50.641975,0.0,0.16558409
19935.21,0.0,25.439869,0.0,0.053507805
19935.41,0.0,11.650387,0.0,-0.1799097
19935.61,0.0,14.139168,0.0,-0.072737694
19935.81,0.0,7.9420547,0.0,-0.24929762
19936.01,0.0,12.115341,0.0,-0.042726994
19936.21,0.0,18.154442,0.0,0.13166451
19936.41,0.0,17.87199,0.0,0.0050640106
19936.61,0.0,24.129158,0.0,0.061199427
19936.81,0.0,22.677078,0.0,0.026011944
19937.01,0.0,10.867767,0.0,-0.15719748
19937.21,0.0,14.95916,0.0,-0.12066412
19937.41,0.0,17.438251,0.0,-0.088765144
19937.61,0.0,10.909462,0.0,-0.24129248
19937.81,0.0,10.08453,0.0,-0.14455128
19938.01,0.0,14.962032,0.0,-0.03568673
19938.21,0.0,7.3677063,0.0,-0.28077173
19938.41,0.0,12.759525,0.0,-0.09987688
19938.61,0.0,18.291515,0.0,-0.045006514
19938.81,0.0,13.877926,0.0,-0.00016283989
19939.01,0.0,7.306511,0.0,-0.2615757
19939.21,0.0,9.428593,0.0,-0.052165747
19939.41,0.0,10.946648,0.0,-0.16462564
19939.61,0.0,9.55962,0.0,-0.11395693
19939.81,0.0,17.910633,0.0,-0.07261419
19940.01,0.0,19.884201,0.0,-0.075324535
19940.21,0.0,22.187252,0.0,-0.058037758
19940.41,0.0,7.1155777,0.0,-0.25061274
19940.61,0.0,14.66943,0.0,-0.06308532
19940.81,0.0,16.536175,0.0,-0.0320251
19941.01,0.0,8.080231,0.0,-0.15867424
19941.21,0.0,6.1810837,0.0,-0.08693123
19941.41,0.0,6.2988663,0.0,-0.22679949
19941.61,0.0,5.1837616,0.0,-0.19991302
19941.81,0.0,8.947548,0.0,-0.07888889
19942.01,0.0,7.5461197,0.0,-0.2902217
19942.21,0.0,6.979103,0.0,-0.2288022
19942.41,0.0,7.7694473,0.0,-0.16430569
19942.61,0.0,15.516827,0.0,0.06078148
19942.81,0.0,14.460045,0.0,-0.08845186
19943.01,0.0,9.326939,0.0,-0.2625475
19943.21,0.0,6.8978653,0.0,-0.36518908
19943.41,0.0,7.814598,0.0,-0.18228292
19943.61,0.0,13.8261795,0.0,-0.109386444
19943.81,0.0,5.4098206,0.0,-0.30950308
19944.01,0.0,4.310074,0.0,-0.25015974
19944.21,0.0,6.7850494,0.0,-0.18340158
19944.41,0.0,7.653099,0.0,-0.3327036
19944.61,0.0,6.4354553,0.0,-0.40425348
19944.81,0.0,5.8513412,0.0,-0.13040972
19945.01,0.0,4.687454,0.0,-0.20680666
19945.21,0.0,13.414459,0.0,0.035455704
19945.41,0.0,8.4563675,0.0,-0.07477474
19945.61,0.0,5.718033,0.0,-0.19200182
19945.81,0.0,7.686447,0.0,-0.16034031
19946.01,0.0,7.8402863,0.0,-0.1209321
19946.21,0.0,6.244423,0.0,-0.1420474
19946.41,0.0,10.084099,0.0,-0.03791499
19946.61,0.0,33.114834,0.0,0.047654152
19946.81,0.0,8.172173,0.0,-0.0073070526
19947.01,0.0,13.098446,0.0,-0.042883158
19947.21,0.0,7.537567,0.0,-0.20421314
19947.41,0.0,13.409214,0.0,0.026367188
19947.61,0.0,7.6342926,0.0,-0.19621992
19947.81,0.0,9.788628,0.0,-0.07744694
19948.01,0.0,9.021164,0.0,-0.07109308
19948.21,0.0,8.14032,0.0,-0.02020216
19948.41,0.0,14.071461,0.0,0.059468508
19948.61,0.0,7.4698105,0.0,-0.07105017
19948.81,0.0,29.464329,0.0,0.020650148
19949.01,0.0,14.706112,0.0,-0.023069143
19949.21,0.0,6.0038986,0.0,-0.20340014
19949.41,0.0,5.0721664,0.0,-0.25207233
19949.61,0.0,4.721634,0.0,-0.21419239
19949.81,0.0,24.85244,0.0,-0.046057224
19950.01,0.0,9.419422,0.0,-0.022266388
19950.21,0.0,3.505539,0.0,-0.27800417
19950.41,0.0,4.735054,0.0,-0.11992264
19950.61,0.0,4.9718246,0.0,-0.24993896
19950.81,0.0,6.569641,0.0,-0.15631294
19951.01,0.0,5.4840927,0.0,-0.20501947
19951.21,0.0,3.4242249,0.0,-0.2616706
19951.41,0.0,3.30616,0.0,-0.14897108
19951.61,0.0,7.2416077,0.0,-0.12394619
19951.81,0.0,3.5220795,0.0,-0.33232832
19952.01,0.0,3.4940872,0.0,-0.22363138
19952.21,0.0,3.5737457,0.0,-0.27990437
19952.41,0.0,3.229103,0.0,-0.27522993
19952.61,0.0,3.3747177,0.0,-0.27173805
19952.81,0.0,2.806244,0.0,-0.38899946
19953.01,0.0,4.2149124,0.0,-0.32654
19953.21,0.0,4.5050507,0.0,-0.27522612
19953.41,0.0,4.1948624,0.0,-0.19195223
19953.61,0.0,6.0397034,0.0,-0.21699572
19953.81,0.0,6.352562,0.0,-0.1474495
19954.01,0.0,4.282646,0.0,-0.18220043
19954.21,0.0,3.5087585,0.0,-0.31686497
19954.41,0.0,5.2354736,0.0,-0.30400562
19954.61,0.0,3.7378082,0.0,-0.22290134
19954.81,0.0,10.964798,0.0,0.03583002
19955.01,0.0,25.7864,0.0,0.066129684
19955.21,0.0,3.3357697,0.0,-0.2188077
19955.41,0.0,4.5766373,0.0,-0.2892356
19955.61,0.0,9.5217705,0.0,-0.31815243
19955.81,0.0,7.4198227,0.0,-0.20660448
19956.01,0.0,5.01136,0.0,-0.115783215
19956.21,0.0,7.5652313,0.0,-0.37533855
19956.41,0.0,5.5181656,0.0,-0.22281933
19956.61,0.0,4.91658,0.0,-0.1945262
19956.81,0.0,3.185234,0.0,-0.23937893
19957.01,0.0,3.57576,0.0,-0.24116421
19957.21,0.0,2.7089386,0.0,-0.23617029
19957.41,0.0,3.0229263,0.0,-0.22203493
19957.61,0.0,2.672165,0.0,-0.13284206
19957.81,0.0,7.7729034,0.0,-0.05866313
19958.01,0.0,3.029129,0.0,-0.15155125
19958.21,0.0,2.5872421,0.0,-0.2302041
19958.41,0.0,1.4921799,0.0,-0.18840075
19958.61,0.0,3.4325943,0.0,-0.26404
19958.81,0.0,1.8827744,0.0,-0.24591541
19959.01,0.0,4.1062546,0.0,-0.20197248
19959.21,0.0,2.1530762,0.0,-0.29151917
19959.41,0.0,3.1180954,0.0,-0.31853676
19959.61,0.0,4.299904,0.0,-0.1785984
19959.81,0.0,1.6356506,0.0,-0.21711683
19960.01,0.0,11.563461,0.0,0.08244324
19960.21,0.0,7.587654,0.0,-0.081055164
19960.41,0.0,2.2055893,0.0,-0.11784983
19960.61,0.0,4.665985,0.0,-0.4440279
19960.81,0.0,4.120804,0.0,-0.2131958
19961.01,0.0,2.1435013,0.0,-0.24636602
19961.21,0.0,2.8869858,0.0,-0.22275305
19961.41,0.0,1.7877045,0.0,-0.3533907
19961.61,0.0,5.247078,0.0,-0.04087758
19961.81,0.0,22.278316,0.0,0.11401844
19962.01,0.0,7.5566177,0.0,-0.16719437
19962.21,0.0,9.212109,0.0,-0.1469469
19962.41,0.0,2.4571457,0.0,-0.1921649
19962.61,0.0,3.1113358,0.0,-0.3582263
19962.81,0.0,4.2108917,0.0,-0.12549257
19963.01,0.0,5.885803,0.0,-0.128479
19963.21,0.0,11.126137,0.0,-0.26438284
19963.41,0.0,7.844597,0.0,-0.15498781
19963.61,0.0,6.4144516,0.0,-0.21578026
19963.81,0.0,44.355637,0.0,0.15998054
19964.01,0.0,6.0392227,0.0,-0.14919376
19964.21,0.0,3.2704468,0.0,-0.31629753
19964.41,0.0,3.0671616,0.0,-0.2422986
19964.61,0.0,2.756134,0.0,-0.15838766
19964.81,0.0,2.4548264,0.0,-0.34864426
19965.01,0.0,1.4938965,0.0,-0.11378908
19965.21,0.0,5.6712494,0.0,-0.15107727
19965.41,0.0,7.227989,0.0,-0.09250069
19965.61,0.0,4.82563,0.0,-0.14990187
19965.81,0.0,3.3685303,0.0,-0.20173025
19966.01,0.0,4.8120728,0.0,-0.04911661
19966.21,0.0,2.526657,0.0,-0.10019541
19966.41,0.0,0.83825684,0.0,-0.23946047
19966.61,0.0,2.3308258,0.0,-0.21370173
19966.81,0.0,1.1871796,0.0,-0.16756916
19967.01,0.0,7.009201,0.0,-0.049830437
19967.21,0.0,6.0295944,0.0,-0.25266504
19967.41,0.0,5.6802216,0.0,-0.28366804
19967.61,0.0,2.2391586,0.0,-0.1387353
19967.81,0.0,2.4214706,0.0,-0.1574893
19968.01,0.0,3.439499,0.0,-0.15025616
19968.21,0.0,1.7416077,0.0,-0.18896532
19968.41,0.0,6.4701614,0.0,0.036221027
19968.61,0.0,15.89851,0.0,0.05738449
19968.81,0.0,2.7681274,0.0,-0.14782429
19969.01,0.0,8.982498,0.0,0.065849066
19969.21,0.0,5.235924,0.0,-0.022614002
19969.41,0.0,38.102478,0.0,0.015241861
19969.61,0.0,4.4356537,0.0,-0.2028594
19969.81,0.0,2.2726517,0.0,0.09638929
19970.01,0.0,1.4166565,0.0,-0.10227823
19970.21,0.0,1.7054672,0.0,0.012462616
19970.41,0.0,2.752388,0.0,-0.22842216
19970.61,0.0,21.919205,0.0,0.1938672
19970.81,0.0,4.7714767,0.0,-0.008733034
19971.01,0.0,0.8684921,0.0,-0.20991278
19971.21,0.0,1.8756104,0.0,-0.12054634
19971.41,0.0,1.6018219,0.0,-0.21909142
19971.61,0.0,6.3575134,0.0,0.07387185
19971.81,0.0,3.6397552,0.0,-0.23934317
19972.01,0.0,1.8691559,0.0,-0.14509964
19972.21,0.0,10.097164,0.0,0.07290864
19972.41,0.0,1.7958908,0.0,-0.24705362
19972.61,0.0,2.1938934,0.0,-0.19407225
19972.81,0.0,0.25873566,0.0,-0.14786196
19973.01,0.0,3.2146301,0.0,-0.1592741
19973.21,0.0,6.559799,0.0,-0.03385043
19973.41,0.0,-0.43364716,0.0,-0.19626093
19973.61,0.0,1.6975327,0.0,-0.2889409
19973.81,0.0,2.8626862,0.0,-0.099535465
19974.01,0.0,6.3013763,0.0,-0.040432215
19974.21,0.0,-0.06554413,0.0,-0.34883738
19974.41,0.0,12.93895,0.0,0.10426736
19974.61,0.0,35.38936,0.0,0.16235709
19974.81,0.0,43.4196,0.0,0.19176269
19975.01,0.0,8.998215,0.0,-0.23656559
19975.21,0.0,0.7167587,0.0,-0.2233243
19975.41,0.0,4.9427185,0.0,-0.20830917
19975.61,0.0,1.8707047,0.0,-0.15982151
19975.81,0.0,15.749565,0.0,-0.21785688
19976.01,0.0,8.932724,0.0,-0.06725192
19976.21,0.0,1.4541702,0.0,-0.21621323
19976.41,0.0,2.4305954,0.0,-0.14349508
19976.61,0.0,7.700119,0.0,-0.1525712
19976.81,0.0,4.4389725,0.0,-0.073022366
19977.01,0.0,2.5788956,0.0,0.3878436
19977.21,0.0,0.9514313,0.0,-0.11428785
19977.41,0.0,3.9855194,0.0,-0.18753672
19977.61,0.0,1.8593063,0.0,-0.11794233
19977.81,0.0,-1.5634384,0.0,-0.035120726
19978.01,0.0,12.097504,0.0,0.050061703
19978.21,0.0,5.084137,0.0,-0.10264969
19978.41,0.0,-0.20133209,0.0,-0.08794212
19978.61,0.0,9.380692,0.0,-0.26732492
19978.81,0.0,4.867325,0.0,-0.18378592
19979.01,0.0,6.7021637,0.0,0.36510587
19979.21,0.0,8.631813,0.0,0.12762117
19979.41,0.0,2.590561,0.0,-0.15693808
19979.61,0.0,4.861351,0.0,-0.048241615
19979.81,0.0,0.9891434,0.0,-0.18250418
19980.01,0.0,2.8364334,0.0,-0.19506407
19980.21,0.0,1.4972,0.0,-0.11261988
19980.41,0.0,1.7855911,0.0,-0.10188055
19980.61,0.0,1.4599686,0.0,-0.12063742
19980.81,0.0,1.5026855,0.0,-0.075947285
19981.01,0.0,2.9745789,0.0,-0.076397896
19981.21,0.0,2.098236,0.0,-0.116110325
19981.41,0.0,1.6419067,0.0,-0.092741966
19981.61,0.0,4.7958374,0.0,-0.19477892
19981.81,0.0,2.5922546,0.0,-0.12912321
19982.01,0.0,1.9077606,0.0,-0.14833212
19982.21,0.0,0.5286331,0.0,-0.13765478
19982.41,0.0,24.59798,0.0,0.07585311
19982.61,0.0,14.518738,0.0,-0.14832306
19982.81,0.0,0.87055206,0.0,-0.12868834
19983.01,233.33002,1.9200745,0.0,-0.1339035
19983.21,233.33002,6.2146072,0.0,-0.016258955
19983.41,233.33002,2.9059982,0.0,-0.07731867
19983.61,233.33002,1.8091583,0.0,0.013870001
19983.81,233.33002,6.3319473,0.0,-0.19622898
19984.01,233.33002,7.260597,0.0,-0.120275974
19984.21,233.33002,1.2108536,0.0,0.65440726
19984.41,233.33002,2.4300919,0.0,1.2204659
19984.61,233.33002,1.464531,0.0,0.1499846
19984.81,233.33002,1.9821091,0.0,0.14672327
19985.01,233.33002,0.8162384,0.0,-0.025884628
19985.21,233.33002,4.962364,0.0,0.21809006
19985.41,233.33002,5.221657,0.0,-0.13873053
19985.61,233.33002,2.476242,0.0,-0.17636156
19985.81,233.33002,3.180313,0.0,-0.0028645992
19986.01,233.33002,3.6506042,0.0,-0.112296104
19986.21,233.33002,5.905098,0.0,-0.04828286
19986.41,233.33002,2.351181,0.0,0.400661
19986.62,233.33002,-1.4268112,0.0,0.0054101944
19986.81,233.33002,2.4100266,0.0,-0.15294313
19987.01,233.33002,7.0889664,0.0,0.14354515
19987.21,233.33002,0.91522217,0.0,-0.18457365
19987.41,233.33002,3.6453323,0.0,1.4293349
19987.61,233.33002,5.790344,0.0,-0.094244
19987.81,233.33002,6.789612,0.0,0.037595034
19988.01,233.33002,0.88287354,0.0,0.7650876
19988.21,233.33002,2.0076828,0.0,-0.048397303
19988.41,233.33002,1.2241898,0.0,1.6009538
19988.61,233.33002,0.6305237,0.0,-0.21805096
19988.81,233.33002,4.558754,0.0,1.2978313
19989.01,233.33002,0.6188812,0.0,0.945348
19989.21,233.33002,0.87589264,0.0,0.15749979
19989.41,233.33002,2.4889145,0.0,-0.21120644
19989.61,233.33002,2.693634,0.0,0.045971632
19989.81,233.33002,21.207127,0.0,-0.15246487
19990.01,233.33002,4.4129486,0.0,-0.13791084
19990.21,233.33002,3.0951233,0.0,0.23256397
19990.41,233.33002,11.922897,0.0,-0.020853281
19990.61,233.33002,1.9598465,0.0,-0.06553626
19990.81,233.33002,3.1804504,0.0,0.023123741
19991.01,233.33002,1.2705383,0.0,-0.18505669
19991.21,233.33002,5.655525,0.0,0.5476234
19991.41,233.33002,27.516838,0.0,0.08251262
19991.61,233.33002,20.869892,0.0,-0.009498596
19991.81,233.33002,8.017303,0.0,0.76768017
19992.01,233.33002,13.880638,0.0,-0.038023233
19992.21,233.33002,11.265663,0.0,-0.07784939
19992.41,233.33002,10.496464,0.0,-0.15042162
19992.61,233.33002,18.83405,0.0,-0.11848402
19992.81,233.33002,90.5183,0.0,-0.17474699
19993.01,233.33002,8.498566,0.0,0.045982838
19993.21,233.33002,5.2937546,0.0,-0.12381554
19993.41,233.33002,9.407169,0.0,0.5217886
19993.61,233.33002,9.958885,0.0,0.023493052
19993.81,233.33002,3.2236938,0.0,-0.067472935
19994.01,233.33002,8.000832,0.0,-0.056438208
19994.21,233.33002,23.577618,0.0,0.123710394
19994.41,233.33002,4.514015,0.0,-0.14785624
19994.61,233.33002,2.080246,0.0,-0.024349213
19994.81,233.33002,4.408821,0.0,0.039583683
19995.01,233.33002,25.243374,0.0,-0.13769007
19995.21,233.33002,15.19577,0.0,-0.030126572
19995.41,233.33002,2.6315308,0.0,0.29782343
19995.61,233.33002,3.0497131,0.0,-0.21192408
19995.81,233.33002,5.620598,0.0,0.6195197
19996.01,233.33002,11.45956,0.0,0.5695684
19996.21,233.33002,53.084743,0.0,1.779846
19996.41,233.33002,21.507313,0.0,-0.056716204
19996.61,233.33002,71.31344,0.0,-0.1345315
19996.81,233.33002,177.13168,0.0,0.2854712
19997.01,233.33002,184.79297,0.0,-0.28071022
19997.21,233.33002,179.05663,0.0,1.5622613
19997.41,233.33002,228.27625,0.0,-0.08207655
19997.61,233.33002,240.33359,0.0,-0.30430079
19997.81,233.33002,247.38898,0.0,-0.2639227
19998.01,233.33002,231.82748,0.0,-0.3065424
19998.21,233.33002,229.41043,0.0,-0.34878874
19998.41,233.33002,231.72235,0.0,-0.30133486
19998.61,233.33002,227.65927,0.0,-0.3006072
19998.81,233.33002,236.36203,0.0,-0.23916292
19999.01,233.33002,227.58377,0.0,-0.20779705
19999.21,233.33002,227.00528,0.0,-0.22574997
19999.41,233.33002,221.44464,0.0,-0.2281456
19999.61,233.33002,240.74634,0.0,-0.18450308
19999.81,233.33002,244.05719,0.0,0.29949737
20000.01,233.33002,242.11002,0.0,0.022697926
20000.21,233.33002,245.05939,0.0,-0.14107609
20000.41,233.33002,252.55197,0.0,-0.045423746
20000.61,233.33002,251.85043,0.0,0.14676571
20000.81,233.33002,251.9878,0.0,0.23170733
20001.01,233.33002,258.21298,0.0,0.24454641
20001.21,233.33002,263.69077,0.0,0.08578801
20001.41,233.33002,265.34915,0.0,0.35617375
20001.61,233.33002,264.73813,0.0,-0.010221481
20001.81,233.33002,275.1859,0.0,-0.011361837
20002.01,233.33002,272.61398,0.0,-0.1296196
20002.21,233.33002,283.56738,0.0,-0.17003632
20002.41,233.33002,279.171,0.0,0.008586407
20002.61,233.33002,284.02866,0.0,-0.2414589
20002.81,233.33002,287.71393,0.0,-0.23049784
20003.01,233.33002,293.18552,0.0,-0.2118144
20003.21,233.33002,288.23032,0.0,-0.26305628
20003.41,233.33002,293.81772,0.0,-0.31838846
20003.61,233.33002,295.7348,0.0,-0.2809477
20003.81,233.33002,299.58765,0.0,-0.32341337
20004.01,233.33002,299.48227,0.0,-0.3026061
